{
	"status": 1,
	"error": "",
	"data": {
		"timestamp": 1497514598,
		"info": [{
			"pay_type_320": 3,
			"m4afilesize": 0,
			"price_sq": 0,
			"first": 0,
			"filesize": 3119797,
			"bitrate": 128,
			"price": 200,
			"inlist": 1,
			"old_cpy": 1,
			"pkg_price_sq": 0,
			"pay_type": 3,
			"topic_url": "",
			"rp_type": "audio",
			"pkg_price": 1,
			"feetype": 0,
			"filename": "David Guetta、Justin Bieber - 2U",
			"price_320": 200,
			"sqfilesize": 0,
			"hash": "C99B010EEAB5D5943734E4D469B741F1",
			"mvhash": "056DCE2922DFA411808855DBF7574C57",
			"privilege": 8,
			"addtime": "2017-06-09 12:46:00",
			"pkg_price_320": 1,
			"fail_process_sq": 0,
			"fail_process_320": 4,
			"audio_id": 26921301,
			"320filesize": 7879741,
			"rp_publish": 1,
			"duration": 194,
			"topic_url_sq": "",
			"album_id": "2700903",
			"isfirst": 0,
			"320privilege": 10,
			"fail_process": 4,
			"320hash": "7FEB7758A65FB4BB3381047DF6F24C6A",
			"sqhash": "",
			"remark": "2U",
			"pay_type_sq": 0,
			"extname": "mp3",
			"sqprivilege": 0,
			"topic_url_320": "",
			"has_accompany": 1
		}, {
			"pay_type_320": 3,
			"m4afilesize": 0,
			"price_sq": 0,
			"first": 0,
			"filesize": 3476769,
			"bitrate": 128,
			"price": 200,
			"inlist": 1,
			"old_cpy": 1,
			"pkg_price_sq": 0,
			"pay_type": 3,
			"topic_url": "",
			"rp_type": "audio",
			"pkg_price": 1,
			"feetype": 0,
			"filename": "Pharrell Williams - Yellow Light【神偷奶爸3主题曲】",
			"price_320": 200,
			"sqfilesize": 0,
			"hash": "2BE70C1CDEF23C69D29DF6BF9308F2FC",
			"mvhash": "78B439C7FAE4CA8D00017CF23D626F4D",
			"privilege": 8,
			"addtime": "2017-06-09 11:42:43",
			"pkg_price_320": 1,
			"fail_process_sq": 0,
			"fail_process_320": 4,
			"audio_id": 26918567,
			"320filesize": 8691568,
			"rp_publish": 1,
			"duration": 217,
			"topic_url_sq": "",
			"album_id": "2700627",
			"isfirst": 0,
			"320privilege": 10,
			"fail_process": 4,
			"320hash": "2F9D9D46BBB69AADE3B626A1905C9EF2",
			"sqhash": "",
			"remark": "《神偷奶爸3》电影主题曲",
			"pay_type_sq": 0,
			"extname": "mp3",
			"sqprivilege": 0,
			"topic_url_320": "",
			"has_accompany": 0
		}, {
			"pay_type_320": 3,
			"m4afilesize": 0,
			"price_sq": 200,
			"first": 0,
			"filesize": 3226080,
			"bitrate": 128,
			"price": 200,
			"inlist": 1,
			"old_cpy": 1,
			"pkg_price_sq": 1,
			"pay_type": 3,
			"topic_url": "",
			"rp_type": "audio",
			"pkg_price": 1,
			"feetype": 0,
			"filename": "Miley Cyrus - Inspired",
			"price_320": 200,
			"sqfilesize": 21392391,
			"hash": "02D0CF87AE01B2AAC194E5E212AFE9EF",
			"mvhash": "",
			"privilege": 8,
			"addtime": "2017-06-09 14:37:41",
			"pkg_price_320": 1,
			"fail_process_sq": 4,
			"fail_process_320": 4,
			"audio_id": 26921627,
			"320filesize": 8064629,
			"rp_publish": 1,
			"duration": 201,
			"topic_url_sq": "",
			"album_id": "2700905",
			"isfirst": 0,
			"320privilege": 10,
			"fail_process": 4,
			"320hash": "17A877B82FC411C32A04DF8F5570A54F",
			"sqhash": "DD4FCEAFDF9E014AE52D92A715770E9A",
			"remark": "Inspired",
			"pay_type_sq": 3,
			"extname": "mp3",
			"sqprivilege": 10,
			"topic_url_320": "",
			"has_accompany": 1
		}, {
			"pay_type_320": 0,
			"m4afilesize": 0,
			"price_sq": 0,
			"first": 0,
			"filesize": 3156612,
			"bitrate": 128,
			"price": 0,
			"inlist": 1,
			"old_cpy": 1,
			"pkg_price_sq": 0,
			"pay_type": 0,
			"topic_url": "",
			"rp_type": "audio",
			"pkg_price": 0,
			"feetype": 0,
			"filename": "Lorde - Sober",
			"price_320": 0,
			"sqfilesize": 0,
			"hash": "769FF002D96012A514CEEE074D8597BD",
			"mvhash": "",
			"privilege": 0,
			"addtime": "2017-06-09 11:29:15",
			"pkg_price_320": 0,
			"fail_process_sq": 0,
			"fail_process_320": 0,
			"audio_id": 26918361,
			"320filesize": 7891176,
			"rp_publish": 1,
			"duration": 197,
			"topic_url_sq": "",
			"album_id": "1979457",
			"isfirst": 0,
			"320privilege": 0,
			"fail_process": 0,
			"320hash": "21EE015B78B13E9328A1123BCC405F96",
			"sqhash": "",
			"remark": "Melodrama",
			"pay_type_sq": 0,
			"extname": "mp3",
			"sqprivilege": 0,
			"topic_url_320": "",
			"has_accompany": 1
		}, {
			"pay_type_320": 0,
			"m4afilesize": 0,
			"price_sq": 0,
			"first": 0,
			"filesize": 4353879,
			"bitrate": 128,
			"price": 0,
			"inlist": 1,
			"old_cpy": 1,
			"pkg_price_sq": 0,
			"pay_type": 0,
			"topic_url": "",
			"rp_type": "audio",
			"pkg_price": 0,
			"feetype": 0,
			"filename": "Ariana Grande - Somewhere Over the Rainbow (Live From Manchester)",
			"price_320": 0,
			"sqfilesize": 0,
			"hash": "58BB0A2F74965C153B26AF3885EAF8A5",
			"mvhash": "",
			"privilege": 0,
			"addtime": "2017-06-09 11:29:34",
			"pkg_price_320": 0,
			"fail_process_sq": 0,
			"fail_process_320": 0,
			"audio_id": 26910236,
			"320filesize": 10884105,
			"rp_publish": 1,
			"duration": 272,
			"topic_url_sq": "",
			"album_id": "2700626",
			"isfirst": 0,
			"320privilege": 0,
			"fail_process": 0,
			"320hash": "8E0224C7BF9838B4F0CD0687B1469795",
			"sqhash": "",
			"remark": "Somewhere Over the Rainbow (Live From Manchester)",
			"pay_type_sq": 0,
			"extname": "mp3",
			"sqprivilege": 0,
			"topic_url_320": "",
			"has_accompany": 0
		}, {
			"pay_type_320": 3,
			"m4afilesize": 0,
			"price_sq": 0,
			"first": 0,
			"filesize": 3618457,
			"bitrate": 128,
			"price": 200,
			"inlist": 1,
			"old_cpy": 1,
			"pkg_price_sq": 0,
			"pay_type": 3,
			"topic_url": "",
			"rp_type": "audio",
			"pkg_price": 1,
			"feetype": 0,
			"filename": "Chris Brown、Cal Scruby - Welcome to My Life",
			"price_320": 200,
			"sqfilesize": 0,
			"hash": "DE3C0C661360E2C3CE58CE57F636E182",
			"mvhash": "",
			"privilege": 8,
			"addtime": "2017-06-09 11:29:01",
			"pkg_price_320": 1,
			"fail_process_sq": 0,
			"fail_process_320": 4,
			"audio_id": 26918350,
			"320filesize": 9045788,
			"rp_publish": 1,
			"duration": 226,
			"topic_url_sq": "",
			"album_id": "2700592",
			"isfirst": 0,
			"320privilege": 10,
			"fail_process": 4,
			"320hash": "228C34CB96778D420F32AEC6099E064C",
			"sqhash": "",
			"remark": "Welcome to My Life",
			"pay_type_sq": 0,
			"extname": "mp3",
			"sqprivilege": 0,
			"topic_url_320": "",
			"has_accompany": 1
		}, {
			"pay_type_320": 0,
			"m4afilesize": 0,
			"price_sq": 0,
			"first": 0,
			"filesize": 4577951,
			"bitrate": 128,
			"price": 0,
			"inlist": 1,
			"old_cpy": 1,
			"pkg_price_sq": 0,
			"pay_type": 0,
			"topic_url": "",
			"rp_type": "audio",
			"pkg_price": 0,
			"feetype": 0,
			"filename": "Sia - Free Me",
			"price_320": 0,
			"sqfilesize": 0,
			"hash": "0D0A83D024B7027B5194E27AB48CD516",
			"mvhash": "",
			"privilege": 0,
			"addtime": "2017-06-09 12:04:11",
			"pkg_price_320": 0,
			"fail_process_sq": 0,
			"fail_process_320": 0,
			"audio_id": 26920993,
			"320filesize": 11444811,
			"rp_publish": 1,
			"duration": 286,
			"topic_url_sq": "",
			"album_id": "2700840",
			"isfirst": 0,
			"320privilege": 0,
			"fail_process": 0,
			"320hash": "83C318815EE5ADBAFDB3F4A33954E860",
			"sqhash": "",
			"remark": "Free Me",
			"pay_type_sq": 0,
			"extname": "mp3",
			"sqprivilege": 0,
			"topic_url_320": "",
			"has_accompany": 1
		}, {
			"pay_type_320": 0,
			"m4afilesize": 0,
			"price_sq": 0,
			"first": 0,
			"filesize": 3317945,
			"bitrate": 128,
			"price": 0,
			"inlist": 1,
			"old_cpy": 1,
			"pkg_price_sq": 0,
			"pay_type": 0,
			"topic_url": "",
			"rp_type": "audio",
			"pkg_price": 0,
			"feetype": 0,
			"filename": "Andy Grammer、LunchMoney Lewis - Give Love",
			"price_320": 0,
			"sqfilesize": 0,
			"hash": "3CF5B09DE7C0DCD70D008B5E00BEAB2B",
			"mvhash": "",
			"privilege": 0,
			"addtime": "2017-06-09 12:43:58",
			"pkg_price_320": 0,
			"fail_process_sq": 0,
			"fail_process_320": 0,
			"audio_id": 26921176,
			"320filesize": 8294507,
			"rp_publish": 1,
			"duration": 207,
			"topic_url_sq": "",
			"album_id": "2700875",
			"isfirst": 0,
			"320privilege": 0,
			"fail_process": 0,
			"320hash": "7A7A343352AFB1328410BEB47BE0501B",
			"sqhash": "",
			"remark": "Give Love",
			"pay_type_sq": 0,
			"extname": "mp3",
			"sqprivilege": 0,
			"topic_url_320": "",
			"has_accompany": 1
		}, {
			"pay_type_320": 3,
			"m4afilesize": 0,
			"price_sq": 0,
			"first": 0,
			"filesize": 3194708,
			"bitrate": 128,
			"price": 200,
			"inlist": 1,
			"old_cpy": 1,
			"pkg_price_sq": 0,
			"pay_type": 3,
			"topic_url": "",
			"rp_type": "audio",
			"pkg_price": 1,
			"feetype": 0,
			"filename": "Olly Murs、Louisa Johnson - Unpredictable",
			"price_320": 200,
			"sqfilesize": 0,
			"hash": "74514F59ED8F78BCA8477107A3FFCA28",
			"mvhash": "",
			"privilege": 8,
			"addtime": "2017-06-05 16:22:23",
			"pkg_price_320": 1,
			"fail_process_sq": 0,
			"fail_process_320": 4,
			"audio_id": 26872599,
			"320filesize": 7986401,
			"rp_publish": 1,
			"duration": 200,
			"topic_url_sq": "",
			"album_id": "2698053",
			"isfirst": 0,
			"320privilege": 10,
			"fail_process": 4,
			"320hash": "059CD05FE4087C1EA77CFCC536CF7288",
			"sqhash": "",
			"remark": "Unpredictable",
			"pay_type_sq": 0,
			"extname": "mp3",
			"sqprivilege": 0,
			"topic_url_320": "",
			"has_accompany": 1
		}, {
			"pay_type_320": 3,
			"m4afilesize": 0,
			"price_sq": 0,
			"first": 0,
			"filesize": 5175214,
			"bitrate": 128,
			"price": 200,
			"inlist": 1,
			"old_cpy": 1,
			"pkg_price_sq": 0,
			"pay_type": 3,
			"topic_url": "",
			"rp_type": "audio",
			"pkg_price": 1,
			"feetype": 0,
			"filename": "Foo Fighters - Run",
			"price_320": 200,
			"sqfilesize": 0,
			"hash": "3929F7D72684C3250618092DDDDEDC8B",
			"mvhash": "4141C59BBDE3C1BB9417FE65FC467EAD",
			"privilege": 8,
			"addtime": "2017-06-06 17:44:58",
			"pkg_price_320": 1,
			"fail_process_sq": 0,
			"fail_process_320": 4,
			"audio_id": 26874458,
			"320filesize": 12937970,
			"rp_publish": 1,
			"duration": 323,
			"topic_url_sq": "",
			"album_id": "2697164",
			"isfirst": 0,
			"320privilege": 10,
			"fail_process": 4,
			"320hash": "1A52C9D994FF1CD75C1B5B3E37A2D155",
			"sqhash": "",
			"remark": "Run",
			"pay_type_sq": 0,
			"extname": "mp3",
			"sqprivilege": 0,
			"topic_url_320": "",
			"has_accompany": 1
		}, {
			"pay_type_320": 3,
			"m4afilesize": 0,
			"price_sq": 0,
			"first": 0,
			"filesize": 3550748,
			"bitrate": 128,
			"price": 200,
			"inlist": 1,
			"old_cpy": 1,
			"pkg_price_sq": 0,
			"pay_type": 3,
			"topic_url": "",
			"rp_type": "audio",
			"pkg_price": 1,
			"feetype": 0,
			"filename": "Lorde - Perfect Places",
			"price_320": 200,
			"sqfilesize": 0,
			"hash": "8F9052847920B5E35D3D2F975AD7802C",
			"mvhash": "",
			"privilege": 8,
			"addtime": "2017-06-02 15:12:43",
			"pkg_price_320": 1,
			"fail_process_sq": 0,
			"fail_process_320": 4,
			"audio_id": 26868822,
			"320filesize": 8876515,
			"rp_publish": 1,
			"duration": 221,
			"topic_url_sq": "",
			"album_id": "1979457",
			"isfirst": 0,
			"320privilege": 10,
			"fail_process": 4,
			"320hash": "D115840F0FFA13FC2DC5B14CBCB956EF",
			"sqhash": "",
			"remark": "Melodrama",
			"pay_type_sq": 0,
			"extname": "mp3",
			"sqprivilege": 0,
			"topic_url_320": "",
			"has_accompany": 1
		}, {
			"pay_type_320": 0,
			"m4afilesize": 0,
			"price_sq": 0,
			"first": 0,
			"filesize": 2846069,
			"bitrate": 128,
			"price": 0,
			"inlist": 1,
			"old_cpy": 1,
			"pkg_price_sq": 0,
			"pay_type": 0,
			"topic_url": "",
			"rp_type": "audio",
			"pkg_price": 0,
			"feetype": 0,
			"filename": "Julia Michaels - Uh Huh",
			"price_320": 0,
			"sqfilesize": 0,
			"hash": "D82F4AA4AC4B27414D85CF5C4F6A5CB7",
			"mvhash": "",
			"privilege": 0,
			"addtime": "2017-06-02 14:39:30",
			"pkg_price_320": 0,
			"fail_process_sq": 0,
			"fail_process_320": 0,
			"audio_id": 26862070,
			"320filesize": 7114817,
			"rp_publish": 1,
			"duration": 177,
			"topic_url_sq": "",
			"album_id": "2695732",
			"isfirst": 0,
			"320privilege": 0,
			"fail_process": 0,
			"320hash": "2D286699A4E6B6F2B91E2FD96CBB31ED",
			"sqhash": "",
			"remark": "Uh Huh",
			"pay_type_sq": 0,
			"extname": "mp3",
			"sqprivilege": 0,
			"topic_url_320": "",
			"has_accompany": 1
		}, {
			"pay_type_320": 3,
			"m4afilesize": 0,
			"price_sq": 0,
			"first": 0,
			"filesize": 3377665,
			"bitrate": 128,
			"price": 200,
			"inlist": 1,
			"old_cpy": 1,
			"pkg_price_sq": 0,
			"pay_type": 3,
			"topic_url": "",
			"rp_type": "audio",
			"pkg_price": 1,
			"feetype": 0,
			"filename": "Ne-Yo - Another Love Song",
			"price_320": 200,
			"sqfilesize": 0,
			"hash": "CFE765055257ED7A3FB18891126D3470",
			"mvhash": "",
			"privilege": 8,
			"addtime": "2017-06-02 20:16:24",
			"pkg_price_320": 1,
			"fail_process_sq": 0,
			"fail_process_320": 4,
			"audio_id": 26841138,
			"320filesize": 8444216,
			"rp_publish": 1,
			"duration": 211,
			"topic_url_sq": "",
			"album_id": "2696248",
			"isfirst": 0,
			"320privilege": 10,
			"fail_process": 4,
			"320hash": "E8BD892AC050DDB0457711FEF0A5A046",
			"sqhash": "",
			"remark": "Another Love Song",
			"pay_type_sq": 0,
			"extname": "mp3",
			"sqprivilege": 0,
			"topic_url_320": "",
			"has_accompany": 1
		}, {
			"pay_type_320": 3,
			"m4afilesize": 0,
			"price_sq": 0,
			"first": 0,
			"filesize": 2640851,
			"bitrate": 128,
			"price": 200,
			"inlist": 1,
			"old_cpy": 1,
			"pkg_price_sq": 0,
			"pay_type": 3,
			"topic_url": "",
			"rp_type": "audio",
			"pkg_price": 1,
			"feetype": 0,
			"filename": "Fifth Harmony、Gucci Mane - Down",
			"price_320": 200,
			"sqfilesize": 0,
			"hash": "8D115A19DCDAF474B507891E4E80FEE7",
			"mvhash": "CFCFBB9494665BC4DF903B2BC8E8B508",
			"privilege": 8,
			"addtime": "2017-06-02 17:08:16",
			"pkg_price_320": 1,
			"fail_process_sq": 0,
			"fail_process_320": 4,
			"audio_id": 26869663,
			"320filesize": 6601772,
			"rp_publish": 1,
			"duration": 164,
			"topic_url_sq": "",
			"album_id": "2696130",
			"isfirst": 0,
			"320privilege": 10,
			"fail_process": 4,
			"320hash": "8525BA3F7CC54D5F6722CEED4A519F7A",
			"sqhash": "",
			"remark": "Down",
			"pay_type_sq": 0,
			"extname": "mp3",
			"sqprivilege": 0,
			"topic_url_320": "",
			"has_accompany": 0
		}, {
			"pay_type_320": 0,
			"m4afilesize": 0,
			"price_sq": 0,
			"first": 0,
			"filesize": 3256505,
			"bitrate": 128,
			"price": 0,
			"inlist": 1,
			"old_cpy": 1,
			"pkg_price_sq": 0,
			"pay_type": 0,
			"topic_url": "",
			"rp_type": "audio",
			"pkg_price": 0,
			"feetype": 0,
			"filename": "TLC - It's Sunny",
			"price_320": 0,
			"sqfilesize": 0,
			"hash": "22C62BCE13473A0365AD82161FA81BE6",
			"mvhash": "",
			"privilege": 0,
			"addtime": "2017-06-02 16:20:01",
			"pkg_price_320": 0,
			"fail_process_sq": 0,
			"fail_process_320": 0,
			"audio_id": 26868869,
			"320filesize": 8140907,
			"rp_publish": 1,
			"duration": 203,
			"topic_url_sq": "",
			"album_id": "2187809",
			"isfirst": 0,
			"320privilege": 0,
			"fail_process": 0,
			"320hash": "D0AFF226E01F34FDFCF1573E3EBDD2D2",
			"sqhash": "",
			"remark": "TLC",
			"pay_type_sq": 0,
			"extname": "mp3",
			"sqprivilege": 0,
			"topic_url_320": "",
			"has_accompany": 1
		}, {
			"pay_type_320": 3,
			"m4afilesize": 0,
			"price_sq": 0,
			"first": 0,
			"filesize": 3172847,
			"bitrate": 128,
			"price": 200,
			"inlist": 1,
			"old_cpy": 1,
			"pkg_price_sq": 0,
			"pay_type": 3,
			"topic_url": "",
			"rp_type": "audio",
			"pkg_price": 1,
			"feetype": 0,
			"filename": "The Veronicas - The Only High",
			"price_320": 200,
			"sqfilesize": 0,
			"hash": "817D5ADAAF352ACAEED4EF47616D988A",
			"mvhash": "",
			"privilege": 8,
			"addtime": "2017-06-05 16:34:44",
			"pkg_price_320": 1,
			"fail_process_sq": 0,
			"fail_process_320": 4,
			"audio_id": 26875196,
			"320filesize": 7931570,
			"rp_publish": 1,
			"duration": 198,
			"topic_url_sq": "",
			"album_id": "2698091",
			"isfirst": 0,
			"320privilege": 10,
			"fail_process": 4,
			"320hash": "FD2A79A0F4D6BC0BBC05CE4D7CAA63D5",
			"sqhash": "",
			"remark": "The Only High",
			"pay_type_sq": 0,
			"extname": "mp3",
			"sqprivilege": 0,
			"topic_url_320": "",
			"has_accompany": 0
		}, {
			"pay_type_320": 0,
			"m4afilesize": 0,
			"price_sq": 0,
			"first": 0,
			"filesize": 3856553,
			"bitrate": 128,
			"price": 0,
			"inlist": 1,
			"old_cpy": 1,
			"pkg_price_sq": 0,
			"pay_type": 0,
			"topic_url": "",
			"rp_type": "audio",
			"pkg_price": 0,
			"feetype": 0,
			"filename": "Sia、Labrinth - To Be Human【神奇女侠主题曲】",
			"price_320": 0,
			"sqfilesize": 25705612,
			"hash": "2A91C0D86C307B67E0DE5A3CE4CF9E25",
			"mvhash": "AE70BE82C1F46D0388EDEA3ABC833C2F",
			"privilege": 0,
			"addtime": "2017-05-26 00:04:17",
			"pkg_price_320": 0,
			"fail_process_sq": 0,
			"fail_process_320": 0,
			"audio_id": 26789741,
			"320filesize": 9641317,
			"rp_publish": 1,
			"duration": 241,
			"topic_url_sq": "",
			"album_id": "2676689",
			"isfirst": 0,
			"320privilege": 0,
			"fail_process": 0,
			"320hash": "6CA37E1529EF244506510A000CF699B9",
			"sqhash": "EE74A2A32332083B6660A4C6E7EEF58A",
			"remark": "《神奇女侠》电影主题曲",
			"pay_type_sq": 0,
			"extname": "mp3",
			"sqprivilege": 0,
			"topic_url_320": "",
			"has_accompany": 1
		}, {
			"pay_type_320": 3,
			"m4afilesize": 0,
			"price_sq": 200,
			"first": 0,
			"filesize": 3328489,
			"bitrate": 128,
			"price": 200,
			"inlist": 1,
			"old_cpy": 1,
			"pkg_price_sq": 1,
			"pay_type": 3,
			"topic_url": "",
			"rp_type": "audio",
			"pkg_price": 1,
			"feetype": 0,
			"filename": "Carly Rae Jepsen - Cut To The Feeling【了不起的菲丽西主题曲】",
			"price_320": 200,
			"sqfilesize": 27786540,
			"hash": "1C381ED064C8AEB5B24D7D51CDBEC983",
			"mvhash": "",
			"privilege": 8,
			"addtime": "2017-05-26 11:31:54",
			"pkg_price_320": 1,
			"fail_process_sq": 4,
			"fail_process_320": 4,
			"audio_id": 26792406,
			"320filesize": 8320802,
			"rp_publish": 1,
			"duration": 208,
			"topic_url_sq": "",
			"album_id": "2676807",
			"isfirst": 0,
			"320privilege": 10,
			"fail_process": 4,
			"320hash": "CA6EC10952305F623080AC088381C90F",
			"sqhash": "F3912E4F22147472461A86E852944E94",
			"remark": "《了不起的菲丽西》电影主题曲",
			"pay_type_sq": 3,
			"extname": "mp3",
			"sqprivilege": 10,
			"topic_url_320": "",
			"has_accompany": 1
		}, {
			"pay_type_320": 3,
			"m4afilesize": 0,
			"price_sq": 200,
			"first": 0,
			"filesize": 3230823,
			"bitrate": 128,
			"price": 200,
			"inlist": 1,
			"old_cpy": 1,
			"pkg_price_sq": 1,
			"pay_type": 3,
			"topic_url": "",
			"rp_type": "audio",
			"pkg_price": 1,
			"feetype": 0,
			"filename": "Nick Jonas、Anne-Marie、Mike Posner - Remember I Told You",
			"price_320": 200,
			"sqfilesize": 21894030,
			"hash": "5D0B1773F9FE6C7AD0FB8B809C2E9728",
			"mvhash": "",
			"privilege": 8,
			"addtime": "2017-05-26 11:02:36",
			"pkg_price_320": 1,
			"fail_process_sq": 4,
			"fail_process_320": 4,
			"audio_id": 26790230,
			"320filesize": 8074033,
			"rp_publish": 1,
			"duration": 201,
			"topic_url_sq": "",
			"album_id": "2676711",
			"isfirst": 0,
			"320privilege": 10,
			"fail_process": 4,
			"320hash": "E51F48BBFAEC8514D7FB8EA97AFC9AAD",
			"sqhash": "3615BE591C3479F183E9A5C16C66349A",
			"remark": "Remember I Told You",
			"pay_type_sq": 3,
			"extname": "mp3",
			"sqprivilege": 10,
			"topic_url_320": "",
			"has_accompany": 1
		}, {
			"pay_type_320": 3,
			"m4afilesize": 0,
			"price_sq": 200,
			"first": 0,
			"filesize": 3551463,
			"bitrate": 128,
			"price": 200,
			"inlist": 1,
			"old_cpy": 1,
			"pkg_price_sq": 1,
			"pay_type": 3,
			"topic_url": "",
			"rp_type": "audio",
			"pkg_price": 1,
			"feetype": 0,
			"filename": "Martin Garrix、Troye Sivan - There For You",
			"price_320": 200,
			"sqfilesize": 26289779,
			"hash": "EA1790E539A7F993D504AB7DE3B38D3A",
			"mvhash": "D2D941C5912CB7E2E5A565CAB12CC416",
			"privilege": 8,
			"addtime": "2017-05-26 01:39:33",
			"pkg_price_320": 1,
			"fail_process_sq": 4,
			"fail_process_320": 4,
			"audio_id": 26790348,
			"320filesize": 8878272,
			"rp_publish": 1,
			"duration": 222,
			"topic_url_sq": "",
			"album_id": "2676709",
			"isfirst": 0,
			"320privilege": 10,
			"fail_process": 4,
			"320hash": "EA4FC4700EAFB97DDD7B4E722789506C",
			"sqhash": "55AC4DCD899F51E8B71B5659DC211A6F",
			"remark": "There For You",
			"pay_type_sq": 3,
			"extname": "mp3",
			"sqprivilege": 10,
			"topic_url_320": "",
			"has_accompany": 1
		}, {
			"pay_type_320": 0,
			"m4afilesize": 0,
			"price_sq": 0,
			"first": 0,
			"filesize": 3540299,
			"bitrate": 128,
			"price": 0,
			"inlist": 1,
			"old_cpy": 1,
			"pkg_price_sq": 0,
			"pay_type": 0,
			"topic_url": "",
			"rp_type": "audio",
			"pkg_price": 0,
			"feetype": 0,
			"filename": "Halsey、Lauren Jauregui - Strangers",
			"price_320": 0,
			"sqfilesize": 27350897,
			"hash": "E13CADE096F60941CB6C2A71D0BBA3B2",
			"mvhash": "",
			"privilege": 0,
			"addtime": "2017-05-26 11:13:52",
			"pkg_price_320": 0,
			"fail_process_sq": 0,
			"fail_process_320": 0,
			"audio_id": 26790344,
			"320filesize": 8850392,
			"rp_publish": 1,
			"duration": 221,
			"topic_url_sq": "",
			"album_id": "1989066",
			"isfirst": 0,
			"320privilege": 0,
			"fail_process": 0,
			"320hash": "07A17B5E3635546769B206893E7350DF",
			"sqhash": "1C7CE6554E3C817746D32F2EFD5691AB",
			"remark": "hopeless fountain kingdom",
			"pay_type_sq": 0,
			"extname": "mp3",
			"sqprivilege": 0,
			"topic_url_320": "",
			"has_accompany": 1
		}, {
			"pay_type_320": 3,
			"m4afilesize": 0,
			"price_sq": 200,
			"first": 0,
			"filesize": 2884939,
			"bitrate": 128,
			"price": 200,
			"inlist": 1,
			"old_cpy": 1,
			"pkg_price_sq": 1,
			"pay_type": 3,
			"topic_url": "",
			"rp_type": "audio",
			"pkg_price": 1,
			"feetype": 0,
			"filename": "Shakira、MAGIC! - What We Said (Comme moi) (English Version)",
			"price_320": 200,
			"sqfilesize": 20870988,
			"hash": "5FEC11D5ED6A0A0DAED44E5D620292DF",
			"mvhash": "",
			"privilege": 8,
			"addtime": "2017-05-27 15:07:17",
			"pkg_price_320": 1,
			"fail_process_sq": 4,
			"fail_process_320": 4,
			"audio_id": 26800380,
			"320filesize": 7213037,
			"rp_publish": 1,
			"duration": 180,
			"topic_url_sq": "",
			"album_id": "2654725",
			"isfirst": 0,
			"320privilege": 10,
			"fail_process": 4,
			"320hash": "78073F828E901D5C65FB8C69D773133A",
			"sqhash": "1CCF40434D6AD39583682E4E2FF9D8C9",
			"remark": "El Dorado",
			"pay_type_sq": 3,
			"extname": "mp3",
			"sqprivilege": 10,
			"topic_url_320": "",
			"has_accompany": 1
		}, {
			"pay_type_320": 3,
			"m4afilesize": 0,
			"price_sq": 200,
			"first": 0,
			"filesize": 2892927,
			"bitrate": 128,
			"price": 200,
			"inlist": 1,
			"old_cpy": 1,
			"pkg_price_sq": 1,
			"pay_type": 3,
			"topic_url": "",
			"rp_type": "audio",
			"pkg_price": 1,
			"feetype": 0,
			"filename": "Rita Ora - Your Song",
			"price_320": 200,
			"sqfilesize": 21826648,
			"hash": "AE78E6383A07B2B623E010A3238DFFB8",
			"mvhash": "",
			"privilege": 8,
			"addtime": "2017-05-26 11:03:30",
			"pkg_price_320": 1,
			"fail_process_sq": 4,
			"fail_process_320": 4,
			"audio_id": 26790464,
			"320filesize": 7231845,
			"rp_publish": 1,
			"duration": 180,
			"topic_url_sq": "",
			"album_id": "2676710",
			"isfirst": 0,
			"320privilege": 10,
			"fail_process": 4,
			"320hash": "F4B52ED90A566366AD0DC24E36EAFC1E",
			"sqhash": "E0218ABCA72AE4273C0CF562515E1ED4",
			"remark": "Your Song",
			"pay_type_sq": 3,
			"extname": "mp3",
			"sqprivilege": 10,
			"topic_url_320": "",
			"has_accompany": 1
		}, {
			"pay_type_320": 3,
			"m4afilesize": 0,
			"price_sq": 0,
			"first": 0,
			"filesize": 3877592,
			"bitrate": 128,
			"price": 200,
			"inlist": 1,
			"old_cpy": 1,
			"pkg_price_sq": 0,
			"pay_type": 3,
			"topic_url": "",
			"rp_type": "audio",
			"pkg_price": 1,
			"feetype": 0,
			"filename": "Little Mix、Stormzy - Power",
			"price_320": 200,
			"sqfilesize": 0,
			"hash": "E91FD700B0E5CFA923FDADEFF20CD837",
			"mvhash": "78393AFC6F0770503AF71AEE075C5D5D",
			"privilege": 8,
			"addtime": "2017-05-26 19:19:49",
			"pkg_price_320": 1,
			"fail_process_sq": 0,
			"fail_process_320": 4,
			"audio_id": 26800094,
			"320filesize": 9693625,
			"rp_publish": 1,
			"duration": 242,
			"topic_url_sq": "",
			"album_id": "2681613",
			"isfirst": 0,
			"320privilege": 10,
			"fail_process": 4,
			"320hash": "4AE7F3CD211B864F28D3F3C84C39461C",
			"sqhash": "",
			"remark": "Power",
			"pay_type_sq": 0,
			"extname": "mp3",
			"sqprivilege": 0,
			"topic_url_320": "",
			"has_accompany": 0
		}, {
			"pay_type_320": 3,
			"m4afilesize": 0,
			"price_sq": 0,
			"first": 0,
			"filesize": 4129853,
			"bitrate": 128,
			"price": 200,
			"inlist": 1,
			"old_cpy": 1,
			"pkg_price_sq": 0,
			"pay_type": 3,
			"topic_url": "",
			"rp_type": "audio",
			"pkg_price": 1,
			"feetype": 0,
			"filename": "Future、Kendrick Lamar - Mask Off (Remix)",
			"price_320": 200,
			"sqfilesize": 0,
			"hash": "8F659091DC8DB395AFDC6392158CDCBA",
			"mvhash": "",
			"privilege": 8,
			"addtime": "2017-05-26 11:06:28",
			"pkg_price_320": 1,
			"fail_process_sq": 0,
			"fail_process_320": 4,
			"audio_id": 26773933,
			"320filesize": 10321609,
			"rp_publish": 1,
			"duration": 258,
			"topic_url_sq": "",
			"album_id": "2675581",
			"isfirst": 0,
			"320privilege": 10,
			"fail_process": 4,
			"320hash": "D1B61DBCFD58F5C1722F305D643D5447",
			"sqhash": "",
			"remark": "Mask Off (Remix)",
			"pay_type_sq": 0,
			"extname": "mp3",
			"sqprivilege": 0,
			"topic_url_320": "",
			"has_accompany": 0
		}, {
			"pay_type_320": 3,
			"m4afilesize": 0,
			"price_sq": 0,
			"first": 0,
			"filesize": 3002803,
			"bitrate": 128,
			"price": 200,
			"inlist": 1,
			"old_cpy": 1,
			"pkg_price_sq": 0,
			"pay_type": 3,
			"topic_url": "",
			"rp_type": "audio",
			"pkg_price": 1,
			"feetype": 0,
			"filename": "Noah Cyrus - I'm Stuck",
			"price_320": 200,
			"sqfilesize": 0,
			"hash": "93E2B4371A725F1ED488D1D0D99BEEFF",
			"mvhash": "267DEA801A746F0CDC29FB221E2C300D",
			"privilege": 8,
			"addtime": "2017-05-26 11:07:13",
			"pkg_price_320": 1,
			"fail_process_sq": 0,
			"fail_process_320": 4,
			"audio_id": 26787046,
			"320filesize": 7506654,
			"rp_publish": 1,
			"duration": 187,
			"topic_url_sq": "",
			"album_id": "2675565",
			"isfirst": 0,
			"320privilege": 10,
			"fail_process": 4,
			"320hash": "EC4E8373703ED366EBA1A509A13F8B5B",
			"sqhash": "",
			"remark": "I'm Stuck",
			"pay_type_sq": 0,
			"extname": "mp3",
			"sqprivilege": 0,
			"topic_url_320": "",
			"has_accompany": 1
		}, {
			"pay_type_320": 3,
			"m4afilesize": 0,
			"price_sq": 0,
			"first": 0,
			"filesize": 3074692,
			"bitrate": 128,
			"price": 200,
			"inlist": 1,
			"old_cpy": 1,
			"pkg_price_sq": 0,
			"pay_type": 3,
			"topic_url": "",
			"rp_type": "audio",
			"pkg_price": 1,
			"feetype": 0,
			"filename": "Alan Walker、Gavin James - Tired",
			"price_320": 200,
			"sqfilesize": 0,
			"hash": "735C88BA792725DB0F0BFB881E4D82C9",
			"mvhash": "FF396F8E89E474F1E2C3329CE70BB32F",
			"privilege": 8,
			"addtime": "2017-05-19 00:04:44",
			"pkg_price_320": 1,
			"fail_process_sq": 0,
			"fail_process_320": 4,
			"audio_id": 26731861,
			"320filesize": 7686376,
			"rp_publish": 1,
			"duration": 192,
			"topic_url_sq": "",
			"album_id": "2654300",
			"isfirst": 0,
			"320privilege": 10,
			"fail_process": 4,
			"320hash": "4642638216651C99FBFF7B341FA21C61",
			"sqhash": "",
			"remark": "Tired",
			"pay_type_sq": 0,
			"extname": "mp3",
			"sqprivilege": 0,
			"topic_url_320": "",
			"has_accompany": 0
		}, {
			"pay_type_320": 3,
			"m4afilesize": 0,
			"price_sq": 200,
			"first": 0,
			"filesize": 3273682,
			"bitrate": 128,
			"price": 200,
			"inlist": 1,
			"old_cpy": 1,
			"pkg_price_sq": 1,
			"pay_type": 3,
			"topic_url": "",
			"rp_type": "audio",
			"pkg_price": 1,
			"feetype": 0,
			"filename": "Liam Payne、Quavo - Strip That Down",
			"price_320": 200,
			"sqfilesize": 21856708,
			"hash": "1E7256AAD0AC18DAD4A68F967FD66707",
			"mvhash": "F8AB73EFDD9FD575231FBCE4C3D44C1D",
			"privilege": 8,
			"addtime": "2017-05-19 15:49:42",
			"pkg_price_320": 1,
			"fail_process_sq": 4,
			"fail_process_320": 4,
			"audio_id": 26735329,
			"320filesize": 8181658,
			"rp_publish": 1,
			"duration": 204,
			"topic_url_sq": "",
			"album_id": "2654694",
			"isfirst": 0,
			"320privilege": 10,
			"fail_process": 4,
			"320hash": "51749E3813A3301E3E06493A0FC6B123",
			"sqhash": "001CE2663310FD6756457EE296FABDBD",
			"remark": "Strip That Down",
			"pay_type_sq": 3,
			"extname": "mp3",
			"sqprivilege": 10,
			"topic_url_320": "",
			"has_accompany": 0
		}, {
			"pay_type_320": 3,
			"m4afilesize": 0,
			"price_sq": 0,
			"first": 0,
			"filesize": 3552085,
			"bitrate": 128,
			"price": 200,
			"inlist": 1,
			"old_cpy": 1,
			"pkg_price_sq": 0,
			"pay_type": 3,
			"topic_url": "",
			"rp_type": "audio",
			"pkg_price": 1,
			"feetype": 0,
			"filename": "Camila Cabello - I Have Questions",
			"price_320": 200,
			"sqfilesize": 0,
			"hash": "1B7E24979874E09984CE53217AEC558B",
			"mvhash": "",
			"privilege": 8,
			"addtime": "2017-05-23 10:14:10",
			"pkg_price_320": 1,
			"fail_process_sq": 0,
			"fail_process_320": 4,
			"audio_id": 26758910,
			"320filesize": 8879811,
			"rp_publish": 1,
			"duration": 222,
			"topic_url_sq": "",
			"album_id": "2657795",
			"isfirst": 0,
			"320privilege": 10,
			"fail_process": 4,
			"320hash": "616DF96321FA31100DE320C788E77A06",
			"sqhash": "",
			"remark": "I Have Questions",
			"pay_type_sq": 0,
			"extname": "mp3",
			"sqprivilege": 0,
			"topic_url_320": "",
			"has_accompany": 1
		}, {
			"pay_type_320": 3,
			"m4afilesize": 0,
			"price_sq": 0,
			"first": 0,
			"filesize": 3651391,
			"bitrate": 128,
			"price": 200,
			"inlist": 1,
			"old_cpy": 1,
			"pkg_price_sq": 0,
			"pay_type": 3,
			"topic_url": "",
			"rp_type": "audio",
			"pkg_price": 1,
			"feetype": 0,
			"filename": "Muse - Dig Down",
			"price_320": 200,
			"sqfilesize": 0,
			"hash": "5F4510F3BF5FB63F497C285B10D62CE8",
			"mvhash": "6A6F199B8DDA6B15A980F8730C60853B",
			"privilege": 8,
			"addtime": "2017-05-19 15:12:03",
			"pkg_price_320": 1,
			"fail_process_sq": 0,
			"fail_process_320": 4,
			"audio_id": 26732346,
			"320filesize": 9128444,
			"rp_publish": 1,
			"duration": 228,
			"topic_url_sq": "",
			"album_id": "2654339",
			"isfirst": 0,
			"320privilege": 10,
			"fail_process": 4,
			"320hash": "083EBD9F0FE04695ED00BA2DEF46E739",
			"sqhash": "",
			"remark": "Dig Down",
			"pay_type_sq": 0,
			"extname": "mp3",
			"sqprivilege": 0,
			"topic_url_320": "",
			"has_accompany": 1
		}],
		"total": 100
	},
	"errcode": 0
}
