{
	"status": 1,
	"error": "",
	"data": {
		"timestamp": 1497514172,
		"info": [{
			"pay_type_320": 0,
			"m4afilesize": 0,
			"price_sq": 0,
			"first": 1,
			"filesize": 3515323,
			"bitrate": 127,
			"price": 0,
			"inlist": 1,
			"old_cpy": 1,
			"pkg_price_sq": 0,
			"pay_type": 0,
			"topic_url": "",
			"rp_type": "audio",
			"pkg_price": 0,
			"feetype": 0,
			"filename": "G.E.M.邓紫棋 - 桃花诺",
			"price_320": 0,
			"sqfilesize": 21539775,
			"hash": "6438EDCFD5591A68982B9A9BA2DCA178",
			"mvhash": "2F887E6045650A71F05372F7955A9D72",
			"privilege": 0,
			"addtime": "2017-05-27 00:07:30",
			"pkg_price_320": 0,
			"fail_process_sq": 0,
			"fail_process_320": 0,
			"audio_id": 26797859,
			"320filesize": 8789681,
			"rp_publish": 1,
			"duration": 219,
			"topic_url_sq": "",
			"album_id": "2681514",
			"isfirst": 0,
			"320privilege": 0,
			"fail_process": 0,
			"320hash": "5B9E8A1BDCC1319C8635FD05C3E894DE",
			"sqhash": "A29A3565F00725FA1418AC73E7C2BCF6",
			"remark": "《上古情歌》电视剧片尾曲",
			"pay_type_sq": 0,
			"extname": "mp3",
			"sqprivilege": 0,
			"topic_url_320": "",
			"has_accompany": 1
		}, {
			"pay_type_320": 0,
			"m4afilesize": 0,
			"price_sq": 0,
			"first": 1,
			"filesize": 4592823,
			"bitrate": 128,
			"price": 0,
			"inlist": 1,
			"old_cpy": 1,
			"pkg_price_sq": 0,
			"pay_type": 0,
			"topic_url": "",
			"rp_type": "audio",
			"pkg_price": 0,
			"feetype": 0,
			"filename": "华晨宇 - 齐天",
			"price_320": 0,
			"sqfilesize": 30131112,
			"hash": "DD293CAE96D3BDD07234A0FB273E41AC",
			"mvhash": "026597261F8674CB4DDAFAD35C85C999",
			"privilege": 0,
			"addtime": "2017-06-02 10:00:52",
			"pkg_price_320": 0,
			"fail_process_sq": 0,
			"fail_process_320": 0,
			"audio_id": 26859565,
			"320filesize": 11481783,
			"rp_publish": 1,
			"duration": 287,
			"topic_url_sq": "",
			"album_id": "2695601",
			"isfirst": 0,
			"320privilege": 0,
			"fail_process": 0,
			"320hash": "2C11FFE76ABB4B56732FDC1E8C72B8D8",
			"sqhash": "3A5BFE10F9EB8DED745D917D52924A77",
			"remark": "《悟空传》电影主题曲",
			"pay_type_sq": 0,
			"extname": "mp3",
			"sqprivilege": 0,
			"topic_url_320": "",
			"has_accompany": 0
		}, {
			"pay_type_320": 3,
			"m4afilesize": 0,
			"price_sq": 200,
			"first": 1,
			"filesize": 4405513,
			"bitrate": 127,
			"price": 200,
			"inlist": 1,
			"old_cpy": 1,
			"pkg_price_sq": 1,
			"pay_type": 3,
			"topic_url": "",
			"rp_type": "audio",
			"pkg_price": 1,
			"feetype": 0,
			"filename": "郁可唯、王铮亮 - 星月",
			"price_320": 200,
			"sqfilesize": 28910003,
			"hash": "45056A1C926AF86D2469DAD508C07EEE",
			"mvhash": "E4CF0FF417AC53A4D65007A92239AE5F",
			"privilege": 8,
			"addtime": "2017-06-13 10:32:57",
			"pkg_price_320": 1,
			"fail_process_sq": 4,
			"fail_process_320": 4,
			"audio_id": 26944420,
			"320filesize": 11015040,
			"rp_publish": 1,
			"duration": 275,
			"topic_url_sq": "",
			"album_id": "2702565",
			"isfirst": 0,
			"320privilege": 10,
			"fail_process": 4,
			"320hash": "977FC3D762C177E32061359D4CE3F974",
			"sqhash": "2612C736195D052477990B3FB16B4807",
			"remark": "《楚乔传》电视剧情感主题曲",
			"pay_type_sq": 3,
			"extname": "mp3",
			"sqprivilege": 10,
			"topic_url_320": "",
			"has_accompany": 0
		}, {
			"pay_type_320": 0,
			"m4afilesize": 0,
			"price_sq": 0,
			"first": 1,
			"filesize": 4543323,
			"bitrate": 127,
			"price": 0,
			"inlist": 1,
			"old_cpy": 1,
			"pkg_price_sq": 0,
			"pay_type": 0,
			"topic_url": "",
			"rp_type": "audio",
			"pkg_price": 0,
			"feetype": 0,
			"filename": "胡夏 - 夏至未至",
			"price_320": 0,
			"sqfilesize": 27755539,
			"hash": "6680C3E9A999D4496E27E8D88BED0E9B",
			"mvhash": "CD53E799D97914C7C923F9B370D412CF",
			"privilege": 0,
			"addtime": "2017-06-09 10:03:51",
			"pkg_price_320": 0,
			"fail_process_sq": 0,
			"fail_process_320": 0,
			"audio_id": 26917452,
			"320filesize": 11359680,
			"rp_publish": 1,
			"duration": 283,
			"topic_url_sq": "",
			"album_id": "2700410",
			"isfirst": 0,
			"320privilege": 0,
			"fail_process": 0,
			"320hash": "4882937F4DBF7CF5A2523ADC9C3A0F7A",
			"sqhash": "BB0922375A5C2C095E2BCCB9F03604BD",
			"remark": "《夏至未至》电视剧同名主题曲",
			"pay_type_sq": 0,
			"extname": "mp3",
			"sqprivilege": 0,
			"topic_url_320": "",
			"has_accompany": 1
		}, {
			"pay_type_320": 0,
			"m4afilesize": 0,
			"price_sq": 0,
			"first": 1,
			"filesize": 3811149,
			"bitrate": 128,
			"price": 0,
			"inlist": 1,
			"old_cpy": 1,
			"pkg_price_sq": 0,
			"pay_type": 0,
			"topic_url": "",
			"rp_type": "audio",
			"pkg_price": 0,
			"feetype": 0,
			"filename": "汪苏泷 - 未来告白",
			"price_320": 0,
			"sqfilesize": 23350086,
			"hash": "C42C318DCD24764ACC8580FDE0F312D0",
			"mvhash": "",
			"privilege": 0,
			"addtime": "2017-06-13 14:33:44",
			"pkg_price_320": 0,
			"fail_process_sq": 0,
			"fail_process_320": 0,
			"audio_id": 26950266,
			"320filesize": 9527040,
			"rp_publish": 1,
			"duration": 238,
			"topic_url_sq": "",
			"album_id": "2704612",
			"isfirst": 0,
			"320privilege": 0,
			"fail_process": 0,
			"320hash": "8A26635EA8A76796F0938EBB5D1C293B",
			"sqhash": "D5CAE9964B76B1E9C34B8B8BF39EFAE5",
			"remark": "《寻人大师》电视剧主题曲",
			"pay_type_sq": 0,
			"extname": "mp3",
			"sqprivilege": 0,
			"topic_url_320": "",
			"has_accompany": 0
		}, {
			"pay_type_320": 0,
			"m4afilesize": 0,
			"price_sq": 0,
			"first": 1,
			"filesize": 3673359,
			"bitrate": 127,
			"price": 0,
			"inlist": 1,
			"old_cpy": 1,
			"pkg_price_sq": 0,
			"pay_type": 0,
			"topic_url": "",
			"rp_type": "audio",
			"pkg_price": 0,
			"feetype": 0,
			"filename": "霍尊、汪苏泷 - 梦诛缘·夏聚",
			"price_320": 0,
			"sqfilesize": 21035576,
			"hash": "3E3743D446C7BF57CDAC84159A56E8A5",
			"mvhash": "",
			"privilege": 0,
			"addtime": "2017-06-02 00:04:07",
			"pkg_price_320": 0,
			"fail_process_sq": 0,
			"fail_process_320": 0,
			"audio_id": 26858124,
			"320filesize": 9184653,
			"rp_publish": 1,
			"duration": 229,
			"topic_url_sq": "",
			"album_id": "2695548",
			"isfirst": 0,
			"320privilege": 0,
			"fail_process": 0,
			"320hash": "5676A67DD513E3A914FCB30C385C554C",
			"sqhash": "DEA904C2A569DD9139FFA2E484883C39",
			"remark": "梦诛缘·夏聚",
			"pay_type_sq": 0,
			"extname": "mp3",
			"sqprivilege": 0,
			"topic_url_320": "",
			"has_accompany": 1
		}, {
			"pay_type_320": 3,
			"m4afilesize": 0,
			"price_sq": 200,
			"first": 1,
			"filesize": 4380674,
			"bitrate": 128,
			"price": 200,
			"inlist": 1,
			"old_cpy": 1,
			"pkg_price_sq": 1,
			"pay_type": 3,
			"topic_url": "",
			"rp_type": "audio",
			"pkg_price": 1,
			"feetype": 0,
			"filename": "李宇春 - 我的心里只有你没有他",
			"price_320": 200,
			"sqfilesize": 26827617,
			"hash": "74CC29124B88370DEC9288425BA3B00A",
			"mvhash": "",
			"privilege": 8,
			"addtime": "2017-05-16 21:38:57",
			"pkg_price_320": 1,
			"fail_process_sq": 4,
			"fail_process_320": 4,
			"audio_id": 26729822,
			"320filesize": 10951619,
			"rp_publish": 1,
			"duration": 273,
			"topic_url_sq": "",
			"album_id": "2179606",
			"isfirst": 0,
			"320privilege": 10,
			"fail_process": 4,
			"320hash": "261DDB3F2AF42EBFAC373A543F8ADC10",
			"sqhash": "E054AC3F568452C9DB40229430764ABC",
			"remark": "在吗？",
			"pay_type_sq": 3,
			"extname": "mp3",
			"sqprivilege": 10,
			"topic_url_320": "",
			"has_accompany": 1
		}, {
			"pay_type_320": 0,
			"m4afilesize": 0,
			"price_sq": 0,
			"first": 1,
			"filesize": 3607318,
			"bitrate": 128,
			"price": 0,
			"inlist": 1,
			"old_cpy": 1,
			"pkg_price_sq": 0,
			"pay_type": 0,
			"topic_url": "",
			"rp_type": "audio",
			"pkg_price": 0,
			"feetype": 0,
			"filename": "许佳慧 - 说好一起走",
			"price_320": 0,
			"sqfilesize": 24417090,
			"hash": "FF2CD45E20E84627D669A8354D7AF2ED",
			"mvhash": "831866CE13FE017CAB53537A1A52B441",
			"privilege": 0,
			"addtime": "2017-06-02 00:16:47",
			"pkg_price_320": 0,
			"fail_process_sq": 0,
			"fail_process_320": 0,
			"audio_id": 26859622,
			"320filesize": 9019559,
			"rp_publish": 1,
			"duration": 225,
			"topic_url_sq": "",
			"album_id": "2695607",
			"isfirst": 0,
			"320privilege": 0,
			"fail_process": 0,
			"320hash": "F7C67B188CBFF97EE1A05A87B3698607",
			"sqhash": "D48F9B6DD8671BE6FF8215F51B09D11D",
			"remark": "说好一起走",
			"pay_type_sq": 0,
			"extname": "mp3",
			"sqprivilege": 0,
			"topic_url_320": "",
			"has_accompany": 1
		}, {
			"pay_type_320": 0,
			"m4afilesize": 0,
			"price_sq": 0,
			"first": 1,
			"filesize": 4124327,
			"bitrate": 127,
			"price": 0,
			"inlist": 1,
			"old_cpy": 1,
			"pkg_price_sq": 0,
			"pay_type": 0,
			"topic_url": "",
			"rp_type": "audio",
			"pkg_price": 0,
			"feetype": 0,
			"filename": "唐古 - 你是我哭着唱的歌",
			"price_320": 0,
			"sqfilesize": 32311777,
			"hash": "9CA14DF1A9D9AC7FC4A76E11939D343A",
			"mvhash": "",
			"privilege": 0,
			"addtime": "2017-06-15 00:23:05",
			"pkg_price_320": 0,
			"fail_process_sq": 0,
			"fail_process_320": 0,
			"audio_id": 26959705,
			"320filesize": 10312098,
			"rp_publish": 1,
			"duration": 257,
			"topic_url_sq": "",
			"album_id": "2706014",
			"isfirst": 0,
			"320privilege": 0,
			"fail_process": 0,
			"320hash": "1B2986D65146331320F32930EE13E017",
			"sqhash": "D1AF226062CE6E5A2133F9307BD54CF1",
			"remark": "你是我哭着唱的歌",
			"pay_type_sq": 0,
			"extname": "mp3",
			"sqprivilege": 0,
			"topic_url_320": "",
			"has_accompany": 1
		}, {
			"pay_type_320": 3,
			"m4afilesize": 0,
			"price_sq": 200,
			"first": 0,
			"filesize": 3441389,
			"bitrate": 127,
			"price": 200,
			"inlist": 1,
			"old_cpy": 1,
			"pkg_price_sq": 1,
			"pay_type": 3,
			"topic_url": "",
			"rp_type": "audio",
			"pkg_price": 1,
			"feetype": 0,
			"filename": "张靓颖 - 我",
			"price_320": 200,
			"sqfilesize": 21219492,
			"hash": "529A01E5B26BE7B45BDF21A0FADF56A5",
			"mvhash": "",
			"privilege": 8,
			"addtime": "2017-06-02 00:13:56",
			"pkg_price_320": 1,
			"fail_process_sq": 4,
			"fail_process_320": 4,
			"audio_id": 26860309,
			"320filesize": 8604734,
			"rp_publish": 1,
			"duration": 215,
			"topic_url_sq": "",
			"album_id": "2695674",
			"isfirst": 0,
			"320privilege": 10,
			"fail_process": 4,
			"320hash": "E1AFD42F4D3925825EDC41AAB3B337EB",
			"sqhash": "FD33F819E784990C555B2C78C2A1E63C",
			"remark": "我",
			"pay_type_sq": 3,
			"extname": "mp3",
			"sqprivilege": 10,
			"topic_url_320": "",
			"has_accompany": 1
		}, {
			"pay_type_320": 3,
			"m4afilesize": 0,
			"price_sq": 200,
			"first": 1,
			"filesize": 4281059,
			"bitrate": 127,
			"price": 200,
			"inlist": 1,
			"old_cpy": 1,
			"pkg_price_sq": 1,
			"pay_type": 3,
			"topic_url": "",
			"rp_type": "audio",
			"pkg_price": 1,
			"feetype": 0,
			"filename": "金贵晟 - 背面有你",
			"price_320": 200,
			"sqfilesize": 25482497,
			"hash": "BFF7A907EDF3BC2444EBF2DCCF814235",
			"mvhash": "7C60BBB4C3688FFAE79E903B16FC6447",
			"privilege": 8,
			"addtime": "2017-06-15 00:19:14",
			"pkg_price_320": 1,
			"fail_process_sq": 4,
			"fail_process_320": 4,
			"audio_id": 26959764,
			"320filesize": 10703934,
			"rp_publish": 1,
			"duration": 267,
			"topic_url_sq": "",
			"album_id": "2706047",
			"isfirst": 0,
			"320privilege": 10,
			"fail_process": 4,
			"320hash": "2CC43D7A69F69AE52E247B9A0F4BD6A7",
			"sqhash": "AD481EB893AB37C2010AEADE68CFB1C8",
			"remark": "背面有你",
			"pay_type_sq": 3,
			"extname": "mp3",
			"sqprivilege": 10,
			"topic_url_320": "",
			"has_accompany": 0
		}, {
			"pay_type_320": 0,
			"m4afilesize": 0,
			"price_sq": 0,
			"first": 1,
			"filesize": 4541039,
			"bitrate": 127,
			"price": 0,
			"inlist": 1,
			"old_cpy": 1,
			"pkg_price_sq": 0,
			"pay_type": 0,
			"topic_url": "",
			"rp_type": "audio",
			"pkg_price": 0,
			"feetype": 0,
			"filename": "白举纲 - 走了",
			"price_320": 0,
			"sqfilesize": 27869125,
			"hash": "9403FC00B809C321E9F0382E5D8E5A8C",
			"mvhash": "7D135F152ED9D88C6C8D0FCE0ED54C30",
			"privilege": 0,
			"addtime": "2017-06-08 23:59:40",
			"pkg_price_320": 0,
			"fail_process_sq": 0,
			"fail_process_320": 0,
			"audio_id": 26917405,
			"320filesize": 11353861,
			"rp_publish": 1,
			"duration": 283,
			"topic_url_sq": "",
			"album_id": "2700386",
			"isfirst": 0,
			"320privilege": 0,
			"fail_process": 0,
			"320hash": "51AE4D970094BCC810EE81C68C05B554",
			"sqhash": "F75ED42C9897C1C483E0D67D246A2535",
			"remark": "《缉枪》电影主题曲",
			"pay_type_sq": 0,
			"extname": "mp3",
			"sqprivilege": 0,
			"topic_url_320": "",
			"has_accompany": 0
		}, {
			"pay_type_320": 0,
			"m4afilesize": 0,
			"price_sq": 0,
			"first": 1,
			"filesize": 3621105,
			"bitrate": 127,
			"price": 0,
			"inlist": 1,
			"old_cpy": 1,
			"pkg_price_sq": 0,
			"pay_type": 0,
			"topic_url": "",
			"rp_type": "audio",
			"pkg_price": 0,
			"feetype": 0,
			"filename": "杨梓文祺 - 你真是笨死了",
			"price_320": 0,
			"sqfilesize": 0,
			"hash": "EF6A5D569965A9054380B618434FB494",
			"mvhash": "",
			"privilege": 0,
			"addtime": "2017-06-15 00:31:20",
			"pkg_price_320": 0,
			"fail_process_sq": 0,
			"fail_process_320": 0,
			"audio_id": 26960301,
			"320filesize": 9054040,
			"rp_publish": 1,
			"duration": 226,
			"topic_url_sq": "",
			"album_id": "2706138",
			"isfirst": 0,
			"320privilege": 0,
			"fail_process": 0,
			"320hash": "64C5DA106D2C9EB0FAB387ED1330EA0B",
			"sqhash": "",
			"remark": "你真是笨死了",
			"pay_type_sq": 0,
			"extname": "mp3",
			"sqprivilege": 0,
			"topic_url_320": "",
			"has_accompany": 1
		}, {
			"pay_type_320": 3,
			"m4afilesize": 0,
			"price_sq": 200,
			"first": 1,
			"filesize": 4074793,
			"bitrate": 127,
			"price": 200,
			"inlist": 1,
			"old_cpy": 1,
			"pkg_price_sq": 1,
			"pay_type": 3,
			"topic_url": "",
			"rp_type": "audio",
			"pkg_price": 1,
			"feetype": 0,
			"filename": "孙露 - 年华落",
			"price_320": 200,
			"sqfilesize": 20229867,
			"hash": "83DDC2BE0545728E5FAD24815DFB2729",
			"mvhash": "",
			"privilege": 8,
			"addtime": "2017-06-11 00:25:43",
			"pkg_price_320": 1,
			"fail_process_sq": 4,
			"fail_process_320": 4,
			"audio_id": 26923204,
			"320filesize": 10191063,
			"rp_publish": 1,
			"duration": 254,
			"topic_url_sq": "",
			"album_id": "2701053",
			"isfirst": 0,
			"320privilege": 10,
			"fail_process": 4,
			"320hash": "B8959727F93846BA95933589A23BB1B6",
			"sqhash": "ACADE95BA6785746ED15A158D43C60E2",
			"remark": "年华落",
			"pay_type_sq": 3,
			"extname": "mp3",
			"sqprivilege": 10,
			"topic_url_320": "",
			"has_accompany": 1
		}, {
			"pay_type_320": 3,
			"m4afilesize": 0,
			"price_sq": 200,
			"first": 1,
			"filesize": 4391034,
			"bitrate": 128,
			"price": 200,
			"inlist": 1,
			"old_cpy": 1,
			"pkg_price_sq": 1,
			"pay_type": 3,
			"topic_url": "",
			"rp_type": "audio",
			"pkg_price": 1,
			"feetype": 0,
			"filename": "印子月 - LUNA",
			"price_320": 200,
			"sqfilesize": 35722872,
			"hash": "7C2FAA4F830E32AE99BA174F58BA653B",
			"mvhash": "",
			"privilege": 8,
			"addtime": "2017-06-14 00:42:23",
			"pkg_price_320": 1,
			"fail_process_sq": 4,
			"fail_process_320": 4,
			"audio_id": 26954351,
			"320filesize": 10977698,
			"rp_publish": 1,
			"duration": 274,
			"topic_url_sq": "",
			"album_id": "2705106",
			"isfirst": 0,
			"320privilege": 10,
			"fail_process": 4,
			"320hash": "BAD2CACB83023628D44BA425D4B28FE8",
			"sqhash": "3B89D3430950F9A593F07F2884442E6A",
			"remark": "LUNA",
			"pay_type_sq": 3,
			"extname": "mp3",
			"sqprivilege": 10,
			"topic_url_320": "",
			"has_accompany": 1
		}, {
			"pay_type_320": 0,
			"m4afilesize": 0,
			"price_sq": 0,
			"first": 1,
			"filesize": 4280606,
			"bitrate": 128,
			"price": 0,
			"inlist": 1,
			"old_cpy": 1,
			"pkg_price_sq": 0,
			"pay_type": 0,
			"topic_url": "",
			"rp_type": "audio",
			"pkg_price": 0,
			"feetype": 0,
			"filename": "张阳阳 - 昨夜以前的星光",
			"price_320": 0,
			"sqfilesize": 28581072,
			"hash": "E6A022BBD037234267DE8E13EC8A68C1",
			"mvhash": "",
			"privilege": 0,
			"addtime": "2017-06-15 00:14:10",
			"pkg_price_320": 0,
			"fail_process_sq": 0,
			"fail_process_320": 0,
			"audio_id": 26960920,
			"320filesize": 10702889,
			"rp_publish": 1,
			"duration": 267,
			"topic_url_sq": "",
			"album_id": "2706244",
			"isfirst": 0,
			"320privilege": 0,
			"fail_process": 0,
			"320hash": "E48FCDCF5BF08AB172D4AED2DE49A29C",
			"sqhash": "9E0F178FAEAC44C4DBD782FA1268812E",
			"remark": "《夏至未至》电视剧推广曲",
			"pay_type_sq": 0,
			"extname": "mp3",
			"sqprivilege": 0,
			"topic_url_320": "",
			"has_accompany": 0
		}, {
			"pay_type_320": 0,
			"m4afilesize": 0,
			"price_sq": 0,
			"first": 1,
			"filesize": 3115758,
			"bitrate": 128,
			"price": 0,
			"inlist": 1,
			"old_cpy": 1,
			"pkg_price_sq": 0,
			"pay_type": 0,
			"topic_url": "",
			"rp_type": "audio",
			"pkg_price": 0,
			"feetype": 0,
			"filename": "金南玲 - 洪荒之力2017",
			"price_320": 0,
			"sqfilesize": 22626662,
			"hash": "2FB8E2899752B0418217AB1760BA61AF",
			"mvhash": "",
			"privilege": 0,
			"addtime": "2017-06-03 23:55:29",
			"pkg_price_320": 0,
			"fail_process_sq": 0,
			"fail_process_320": 0,
			"audio_id": 26870138,
			"320filesize": 7789440,
			"rp_publish": 1,
			"duration": 194,
			"topic_url_sq": "",
			"album_id": "2696153",
			"isfirst": 0,
			"320privilege": 0,
			"fail_process": 0,
			"320hash": "71FB6A40DA398429D37B70DA73938FFB",
			"sqhash": "DF33B1B75748D474C22EB8953780E1F2",
			"remark": "洪荒之力2017",
			"pay_type_sq": 0,
			"extname": "mp3",
			"sqprivilege": 0,
			"topic_url_320": "",
			"has_accompany": 1
		}, {
			"pay_type_320": 3,
			"m4afilesize": 0,
			"price_sq": 200,
			"first": 0,
			"filesize": 3839158,
			"bitrate": 128,
			"price": 200,
			"inlist": 1,
			"old_cpy": 1,
			"pkg_price_sq": 1,
			"pay_type": 3,
			"topic_url": "",
			"rp_type": "audio",
			"pkg_price": 1,
			"feetype": 0,
			"filename": "庞龙 - 走着唱着",
			"price_320": 200,
			"sqfilesize": 27129169,
			"hash": "BB98D9480BDAC806CD23E9A38DA28CF6",
			"mvhash": "2D4195971676F65161183134F5C7E200",
			"privilege": 8,
			"addtime": "2017-06-09 00:53:12",
			"pkg_price_320": 1,
			"fail_process_sq": 4,
			"fail_process_320": 4,
			"audio_id": 26903994,
			"320filesize": 9597590,
			"rp_publish": 1,
			"duration": 239,
			"topic_url_sq": "",
			"album_id": "2699334",
			"isfirst": 0,
			"320privilege": 10,
			"fail_process": 4,
			"320hash": "ACE575FBC22ABA5B6E09B3BE48ECB16E",
			"sqhash": "3C280B04A46F9BBEF0267AA11288747D",
			"remark": "走着唱着",
			"pay_type_sq": 3,
			"extname": "mp3",
			"sqprivilege": 10,
			"topic_url_320": "",
			"has_accompany": 1
		}, {
			"pay_type_320": 0,
			"m4afilesize": 0,
			"price_sq": 0,
			"first": 1,
			"filesize": 2363400,
			"bitrate": 128,
			"price": 0,
			"inlist": 1,
			"old_cpy": 1,
			"pkg_price_sq": 0,
			"pay_type": 0,
			"topic_url": "",
			"rp_type": "audio",
			"pkg_price": 0,
			"feetype": 0,
			"filename": "陈冰 - 隐没在戈壁",
			"price_320": 0,
			"sqfilesize": 15701483,
			"hash": "CE53E19CC68666BE940F0C18B4A9E698",
			"mvhash": "",
			"privilege": 0,
			"addtime": "2017-06-14 00:49:06",
			"pkg_price_320": 0,
			"fail_process_sq": 0,
			"fail_process_320": 0,
			"audio_id": 26952472,
			"320filesize": 5909760,
			"rp_publish": 1,
			"duration": 147,
			"topic_url_sq": "",
			"album_id": "2704718",
			"isfirst": 0,
			"320privilege": 0,
			"fail_process": 0,
			"320hash": "35F1C5DDDEB7484FB8FADA4C305ABDDA",
			"sqhash": "D72FE39161350A19A25D68186674DA0E",
			"remark": "《寻人大师》电视剧插曲",
			"pay_type_sq": 0,
			"extname": "mp3",
			"sqprivilege": 0,
			"topic_url_320": "",
			"has_accompany": 0
		}, {
			"pay_type_320": 0,
			"m4afilesize": 0,
			"price_sq": 0,
			"first": 1,
			"filesize": 5465979,
			"bitrate": 127,
			"price": 0,
			"inlist": 1,
			"old_cpy": 1,
			"pkg_price_sq": 0,
			"pay_type": 0,
			"topic_url": "",
			"rp_type": "audio",
			"pkg_price": 0,
			"feetype": 0,
			"filename": "周深 - 浓情淡如你",
			"price_320": 0,
			"sqfilesize": 36020650,
			"hash": "C2A9EB01507B719DA93203B9262321AE",
			"mvhash": "",
			"privilege": 0,
			"addtime": "2017-06-12 09:46:44",
			"pkg_price_320": 0,
			"fail_process_sq": 0,
			"fail_process_320": 0,
			"audio_id": 26941268,
			"320filesize": 13666220,
			"rp_publish": 1,
			"duration": 341,
			"topic_url_sq": "",
			"album_id": "2702280",
			"isfirst": 0,
			"320privilege": 0,
			"fail_process": 0,
			"320hash": "BA4E0DC45EB0A8E9FCB1918B5B589089",
			"sqhash": "E1EB1C90B9FC3D801FA84896ED26669E",
			"remark": "《绣春刀·修罗战场》电影宣传主题曲",
			"pay_type_sq": 0,
			"extname": "mp3",
			"sqprivilege": 0,
			"topic_url_320": "",
			"has_accompany": 1
		}, {
			"pay_type_320": 3,
			"m4afilesize": 0,
			"price_sq": 0,
			"first": 1,
			"filesize": 3812391,
			"bitrate": 128,
			"price": 200,
			"inlist": 1,
			"old_cpy": 1,
			"pkg_price_sq": 0,
			"pay_type": 3,
			"topic_url": "",
			"rp_type": "audio",
			"pkg_price": 1,
			"feetype": 0,
			"filename": "李荣浩 - 嗯",
			"price_320": 200,
			"sqfilesize": 0,
			"hash": "3274B21521387BD84EF537BC6FAB449C",
			"mvhash": "191C53D51540727C3520A3341A0144F3",
			"privilege": 8,
			"addtime": "2017-05-20 00:11:24",
			"pkg_price_320": 1,
			"fail_process_sq": 0,
			"fail_process_320": 4,
			"audio_id": 26739078,
			"320filesize": 9530700,
			"rp_publish": 1,
			"duration": 238,
			"topic_url_sq": "",
			"album_id": "2654858",
			"isfirst": 0,
			"320privilege": 10,
			"fail_process": 4,
			"320hash": "810E5523F96935B9A98DDD1F7AF39910",
			"sqhash": "",
			"remark": "嗯",
			"pay_type_sq": 0,
			"extname": "mp3",
			"sqprivilege": 0,
			"topic_url_320": "",
			"has_accompany": 1
		}, {
			"pay_type_320": 0,
			"m4afilesize": 0,
			"price_sq": 0,
			"first": 1,
			"filesize": 4105992,
			"bitrate": 128,
			"price": 0,
			"inlist": 1,
			"old_cpy": 1,
			"pkg_price_sq": 0,
			"pay_type": 0,
			"topic_url": "",
			"rp_type": "audio",
			"pkg_price": 0,
			"feetype": 0,
			"filename": "徐佳莹 - 最初的记忆",
			"price_320": 0,
			"sqfilesize": 21711949,
			"hash": "B1428FC42159746166103E0FA098D739",
			"mvhash": "934209A9841853898FDBDA6ED62EF63D",
			"privilege": 0,
			"addtime": "2017-05-24 10:38:59",
			"pkg_price_320": 0,
			"fail_process_sq": 0,
			"fail_process_320": 0,
			"audio_id": 26766130,
			"320filesize": 10266240,
			"rp_publish": 1,
			"duration": 256,
			"topic_url_sq": "",
			"album_id": "2659775",
			"isfirst": 0,
			"320privilege": 0,
			"fail_process": 0,
			"320hash": "8B2D50DD6A4C944058B4124C5EE42500",
			"sqhash": "F669F3DFAA2BB14F7DC429645074BF00",
			"remark": "《夏至未至》电视剧片尾曲",
			"pay_type_sq": 0,
			"extname": "mp3",
			"sqprivilege": 0,
			"topic_url_320": "",
			"has_accompany": 1
		}, {
			"pay_type_320": 3,
			"m4afilesize": 0,
			"price_sq": 200,
			"first": 1,
			"filesize": 3406960,
			"bitrate": 128,
			"price": 200,
			"inlist": 1,
			"old_cpy": 1,
			"pkg_price_sq": 1,
			"pay_type": 3,
			"topic_url": "",
			"rp_type": "audio",
			"pkg_price": 1,
			"feetype": 0,
			"filename": "郁可唯 - 心不由己",
			"price_320": 200,
			"sqfilesize": 23019944,
			"hash": "6C430669F8EBC92FD3A319E4F54EFCB8",
			"mvhash": "7EE2ED740227CA41B50F9AFFDA87CF84",
			"privilege": 8,
			"addtime": "2017-05-08 11:35:43",
			"pkg_price_320": 1,
			"fail_process_sq": 4,
			"fail_process_320": 4,
			"audio_id": 26574664,
			"320filesize": 8515328,
			"rp_publish": 1,
			"duration": 212,
			"topic_url_sq": "",
			"album_id": "2204237",
			"isfirst": 0,
			"320privilege": 10,
			"fail_process": 4,
			"320hash": "30E060B7AB64DE9A4E51C7669E3E3347",
			"sqhash": "3E7304CAB51AC4E30BB670BCFEA658EC",
			"remark": "《择天记》电视剧插曲",
			"pay_type_sq": 3,
			"extname": "mp3",
			"sqprivilege": 10,
			"topic_url_320": "",
			"has_accompany": 1
		}, {
			"pay_type_320": 3,
			"m4afilesize": 0,
			"price_sq": 200,
			"first": 1,
			"filesize": 4109067,
			"bitrate": 127,
			"price": 200,
			"inlist": 1,
			"old_cpy": 1,
			"pkg_price_sq": 1,
			"pay_type": 3,
			"topic_url": "",
			"rp_type": "audio",
			"pkg_price": 1,
			"feetype": 0,
			"filename": "香香 - 学不会",
			"price_320": 200,
			"sqfilesize": 28451150,
			"hash": "37F6591E88F85FB015783ACDD9F9BFDD",
			"mvhash": "41076537F2633658B9B61974A4A4A41C",
			"privilege": 8,
			"addtime": "2017-06-06 23:56:44",
			"pkg_price_320": 1,
			"fail_process_sq": 4,
			"fail_process_320": 4,
			"audio_id": 26902773,
			"320filesize": 10273920,
			"rp_publish": 1,
			"duration": 256,
			"topic_url_sq": "",
			"album_id": "2699225",
			"isfirst": 0,
			"320privilege": 10,
			"fail_process": 4,
			"320hash": "A8D3C77AC67F0F9B47BFD8595C93D06F",
			"sqhash": "3396475D4200DC9922F55167C8C1D8FF",
			"remark": "《楚乔传》电视剧楚乔人物曲",
			"pay_type_sq": 3,
			"extname": "mp3",
			"sqprivilege": 10,
			"topic_url_320": "",
			"has_accompany": 1
		}, {
			"pay_type_320": 0,
			"m4afilesize": 0,
			"price_sq": 0,
			"first": 1,
			"filesize": 3051388,
			"bitrate": 128,
			"price": 0,
			"inlist": 1,
			"old_cpy": 1,
			"pkg_price_sq": 0,
			"pay_type": 0,
			"topic_url": "",
			"rp_type": "audio",
			"pkg_price": 0,
			"feetype": 0,
			"filename": "黄子韬 - 揭穿",
			"price_320": 0,
			"sqfilesize": 20465892,
			"hash": "BB8BF48B08C0AEC4F8058EB95C8285B9",
			"mvhash": "580192AA87C94364EA45A3EF225B4556",
			"privilege": 0,
			"addtime": "2017-05-26 09:54:26",
			"pkg_price_320": 0,
			"fail_process_sq": 0,
			"fail_process_320": 0,
			"audio_id": 26786659,
			"320filesize": 7629844,
			"rp_publish": 1,
			"duration": 190,
			"topic_url_sq": "",
			"album_id": "2675490",
			"isfirst": 0,
			"320privilege": 0,
			"fail_process": 0,
			"320hash": "F17923283E6C0D91DCCE43F57D3A2FD5",
			"sqhash": "375604ADA864F5DF515C158408EBFC72",
			"remark": "揭穿",
			"pay_type_sq": 0,
			"extname": "mp3",
			"sqprivilege": 0,
			"topic_url_320": "",
			"has_accompany": 0
		}, {
			"pay_type_320": 3,
			"m4afilesize": 0,
			"price_sq": 200,
			"first": 1,
			"filesize": 3167114,
			"bitrate": 128,
			"price": 200,
			"inlist": 1,
			"old_cpy": 1,
			"pkg_price_sq": 1,
			"pay_type": 3,
			"topic_url": "",
			"rp_type": "audio",
			"pkg_price": 1,
			"feetype": 0,
			"filename": "潘辰 - 分镜",
			"price_320": 200,
			"sqfilesize": 18260271,
			"hash": "88178C0B778F4E9E08D2F1B3E8C40AF7",
			"mvhash": "",
			"privilege": 8,
			"addtime": "2017-06-06 09:56:55",
			"pkg_price_320": 1,
			"fail_process_sq": 4,
			"fail_process_320": 4,
			"audio_id": 26895971,
			"320filesize": 7919040,
			"rp_publish": 1,
			"duration": 197,
			"topic_url_sq": "",
			"album_id": "2698118",
			"isfirst": 0,
			"320privilege": 10,
			"fail_process": 4,
			"320hash": "4576E44C4647A7A3131572466503D599",
			"sqhash": "4EE6DD7A14BF83786E0482D320EBB413",
			"remark": "分镜",
			"pay_type_sq": 3,
			"extname": "mp3",
			"sqprivilege": 10,
			"topic_url_320": "",
			"has_accompany": 0
		}, {
			"pay_type_320": 3,
			"m4afilesize": 0,
			"price_sq": 0,
			"first": 1,
			"filesize": 3167209,
			"bitrate": 127,
			"price": 200,
			"inlist": 1,
			"old_cpy": 1,
			"pkg_price_sq": 0,
			"pay_type": 3,
			"topic_url": "",
			"rp_type": "audio",
			"pkg_price": 1,
			"feetype": 0,
			"filename": "宋孟君 - 李白",
			"price_320": 200,
			"sqfilesize": 0,
			"hash": "60B3C78590CFDE319BE3FB74FE7C3CB4",
			"mvhash": "",
			"privilege": 8,
			"addtime": "2017-06-05 00:04:52",
			"pkg_price_320": 1,
			"fail_process_sq": 0,
			"fail_process_320": 4,
			"audio_id": 26870398,
			"320filesize": 7919281,
			"rp_publish": 1,
			"duration": 197,
			"topic_url_sq": "",
			"album_id": "2696159",
			"isfirst": 0,
			"320privilege": 10,
			"fail_process": 4,
			"320hash": "945BD00CA3FC1E1112757A0FB4B5E735",
			"sqhash": "",
			"remark": "李白",
			"pay_type_sq": 0,
			"extname": "mp3",
			"sqprivilege": 0,
			"topic_url_320": "",
			"has_accompany": 1
		}, {
			"pay_type_320": 0,
			"m4afilesize": 0,
			"price_sq": 0,
			"first": 1,
			"filesize": 3274622,
			"bitrate": 128,
			"price": 0,
			"inlist": 1,
			"old_cpy": 1,
			"pkg_price_sq": 0,
			"pay_type": 0,
			"topic_url": "",
			"rp_type": "audio",
			"pkg_price": 0,
			"feetype": 0,
			"filename": "张赫宣 - 暗火",
			"price_320": 0,
			"sqfilesize": 23846104,
			"hash": "EEAC7AA96B92C6E62F4FBFF9A0C5C05C",
			"mvhash": "9579B9E09CF8E7FC5296EF3BE9FC9B37",
			"privilege": 0,
			"addtime": "2017-05-31 23:56:47",
			"pkg_price_320": 0,
			"fail_process_sq": 0,
			"fail_process_320": 0,
			"audio_id": 26847023,
			"320filesize": 8187820,
			"rp_publish": 1,
			"duration": 205,
			"topic_url_sq": "",
			"album_id": "2693635",
			"isfirst": 0,
			"320privilege": 0,
			"fail_process": 0,
			"320hash": "950C0FA575593225FC7D94938E5CB1EF",
			"sqhash": "9291735B3D1C2D8749F3BFF0DAC650BB",
			"remark": "《暗徒》网络剧主题曲",
			"pay_type_sq": 0,
			"extname": "mp3",
			"sqprivilege": 0,
			"topic_url_320": "",
			"has_accompany": 1
		}, {
			"pay_type_320": 0,
			"m4afilesize": 0,
			"price_sq": 0,
			"first": 0,
			"filesize": 2924618,
			"bitrate": 128,
			"price": 0,
			"inlist": 1,
			"old_cpy": 1,
			"pkg_price_sq": 0,
			"pay_type": 0,
			"topic_url": "",
			"rp_type": "audio",
			"pkg_price": 0,
			"feetype": 0,
			"filename": "十二星宿风之少年 - 上海LOCKING",
			"price_320": 0,
			"sqfilesize": 22042781,
			"hash": "D9B73482DFA0ABB433E8AC5BDC06AE21",
			"mvhash": "",
			"privilege": 0,
			"addtime": "2017-06-14 14:28:28",
			"pkg_price_320": 0,
			"fail_process_sq": 0,
			"fail_process_320": 0,
			"audio_id": 26959739,
			"320filesize": 7311150,
			"rp_publish": 1,
			"duration": 182,
			"topic_url_sq": "",
			"album_id": "2706026",
			"isfirst": 0,
			"320privilege": 0,
			"fail_process": 0,
			"320hash": "58D63D55D20413D1B98D02A59B4F01DC",
			"sqhash": "C854238C7504BDF1E3F84B426D7F115C",
			"remark": "上海LOCKING",
			"pay_type_sq": 0,
			"extname": "mp3",
			"sqprivilege": 0,
			"topic_url_320": "",
			"has_accompany": 0
		}, {
			"pay_type_320": 0,
			"m4afilesize": 0,
			"price_sq": 0,
			"first": 1,
			"filesize": 4063308,
			"bitrate": 128,
			"price": 0,
			"inlist": 1,
			"old_cpy": 1,
			"pkg_price_sq": 0,
			"pay_type": 0,
			"topic_url": "",
			"rp_type": "audio",
			"pkg_price": 0,
			"feetype": 0,
			"filename": "李炜 - 光芒",
			"price_320": 0,
			"sqfilesize": 28042901,
			"hash": "3B30AA4186384D97F6CAF5C0641066B8",
			"mvhash": "",
			"privilege": 0,
			"addtime": "2017-06-07 10:00:00",
			"pkg_price_320": 0,
			"fail_process_sq": 0,
			"fail_process_320": 0,
			"audio_id": 26871578,
			"320filesize": 10159542,
			"rp_publish": 1,
			"duration": 253,
			"topic_url_sq": "",
			"album_id": "2696226",
			"isfirst": 0,
			"320privilege": 0,
			"fail_process": 0,
			"320hash": "2B6CF8572E487495795E669A2AE123D6",
			"sqhash": "5B0617468C8838FFE60640BDB45D06D7",
			"remark": "光芒",
			"pay_type_sq": 0,
			"extname": "mp3",
			"sqprivilege": 0,
			"topic_url_320": "",
			"has_accompany": 1
		}],
		"total": 100
	},
	"errcode": 0
}
