{
	"status": 1,
	"error": "",
	"data": {
		"timestamp": 1497514241,
		"info": [{
			"pay_type_320": 0,
			"m4afilesize": 0,
			"price_sq": 0,
			"first": 0,
			"filesize": 3982955,
			"bitrate": 128,
			"price": 0,
			"inlist": 1,
			"old_cpy": 1,
			"pkg_price_sq": 0,
			"pay_type": 0,
			"topic_url": "",
			"rp_type": "audio",
			"pkg_price": 0,
			"feetype": 0,
			"filename": "艺涛、梁剑东 - 夜色 - DJ版",
			"price_320": 0,
			"sqfilesize": 0,
			"hash": "C26E59E37710568CE1B0803FE359E71F",
			"mvhash": "",
			"privilege": 0,
			"addtime": "2017-06-13 09:55:02",
			"pkg_price_320": 0,
			"fail_process_sq": 0,
			"fail_process_320": 0,
			"audio_id": 26246373,
			"320filesize": 10238596,
			"rp_publish": 1,
			"duration": 249,
			"topic_url_sq": "",
			"album_id": "0",
			"isfirst": 0,
			"320privilege": 0,
			"fail_process": 0,
			"320hash": "417AB6591FD4DF657A4F5D881C89D306",
			"sqhash": "",
			"remark": "",
			"pay_type_sq": 0,
			"extname": "mp3",
			"sqprivilege": 0,
			"topic_url_320": "",
			"has_accompany": 1
		}, {
			"pay_type_320": 0,
			"m4afilesize": 0,
			"price_sq": 0,
			"first": 0,
			"filesize": 5183808,
			"bitrate": 128,
			"price": 0,
			"inlist": 1,
			"old_cpy": 1,
			"pkg_price_sq": 0,
			"pay_type": 0,
			"topic_url": "",
			"rp_type": "audio",
			"pkg_price": 0,
			"feetype": 0,
			"filename": "萧全 - 社会摇 - DJ版",
			"price_320": 0,
			"sqfilesize": 0,
			"hash": "CCF85B7A70B069671F7619EAE890ADA1",
			"mvhash": "",
			"privilege": 0,
			"addtime": "2017-06-13 09:55:02",
			"pkg_price_320": 0,
			"fail_process_sq": 0,
			"fail_process_320": 0,
			"audio_id": 26142170,
			"320filesize": 12956941,
			"rp_publish": 1,
			"duration": 324,
			"topic_url_sq": "",
			"album_id": "0",
			"isfirst": 0,
			"320privilege": 0,
			"fail_process": 0,
			"320hash": "13B5844707AB35606A837254EA76C206",
			"sqhash": "",
			"remark": "",
			"pay_type_sq": 0,
			"extname": "mp3",
			"sqprivilege": 0,
			"topic_url_320": "",
			"has_accompany": 1
		}, {
			"pay_type_320": 0,
			"m4afilesize": 0,
			"price_sq": 0,
			"first": 0,
			"filesize": 3010296,
			"bitrate": 128,
			"price": 0,
			"inlist": 1,
			"old_cpy": 1,
			"pkg_price_sq": 0,
			"pay_type": 0,
			"topic_url": "",
			"rp_type": "audio",
			"pkg_price": 0,
			"feetype": 0,
			"filename": "李玉刚 - 刚好遇见你 - DJ版",
			"price_320": 0,
			"sqfilesize": 0,
			"hash": "B914C27BF309E2871A22210E773FF9B5",
			"mvhash": "",
			"privilege": 0,
			"addtime": "2017-06-13 09:55:02",
			"pkg_price_320": 0,
			"fail_process_sq": 0,
			"fail_process_320": 0,
			"audio_id": 24927876,
			"320filesize": 7672818,
			"rp_publish": 1,
			"duration": 188,
			"topic_url_sq": "",
			"album_id": "0",
			"isfirst": 0,
			"320privilege": 0,
			"fail_process": 0,
			"320hash": "982624C4E426BED9EE1D2B45BDE1F386",
			"sqhash": "",
			"remark": "",
			"pay_type_sq": 0,
			"extname": "mp3",
			"sqprivilege": 0,
			"topic_url_320": "",
			"has_accompany": 1
		}, {
			"pay_type_320": 0,
			"m4afilesize": 0,
			"price_sq": 0,
			"first": 0,
			"filesize": 4528512,
			"bitrate": 128,
			"price": 0,
			"inlist": 1,
			"old_cpy": 1,
			"pkg_price_sq": 0,
			"pay_type": 0,
			"topic_url": "",
			"rp_type": "audio",
			"pkg_price": 0,
			"feetype": 0,
			"filename": "陈雅森 - 温柔乡 - DJ版",
			"price_320": 0,
			"sqfilesize": 0,
			"hash": "785EAAF092D8C3A5457BD0B625D19035",
			"mvhash": "",
			"privilege": 0,
			"addtime": "2017-06-13 09:55:02",
			"pkg_price_320": 0,
			"fail_process_sq": 0,
			"fail_process_320": 0,
			"audio_id": 26223068,
			"320filesize": 0,
			"rp_publish": 1,
			"duration": 283,
			"topic_url_sq": "",
			"album_id": "0",
			"isfirst": 0,
			"320privilege": 0,
			"fail_process": 0,
			"320hash": "",
			"sqhash": "",
			"remark": "",
			"pay_type_sq": 0,
			"extname": "mp3",
			"sqprivilege": 0,
			"topic_url_320": "",
			"has_accompany": 1
		}, {
			"pay_type_320": 0,
			"m4afilesize": 0,
			"price_sq": 0,
			"first": 0,
			"filesize": 4026112,
			"bitrate": 128,
			"price": 0,
			"inlist": 1,
			"old_cpy": 1,
			"pkg_price_sq": 0,
			"pay_type": 0,
			"topic_url": "",
			"rp_type": "audio",
			"pkg_price": 0,
			"feetype": 0,
			"filename": "李晓杰 - 把酒倒满 - DJ版",
			"price_320": 0,
			"sqfilesize": 0,
			"hash": "748FFAEB15096E2D18C778AC7B68C1DD",
			"mvhash": "",
			"privilege": 0,
			"addtime": "2017-06-13 09:55:02",
			"pkg_price_320": 0,
			"fail_process_sq": 0,
			"fail_process_320": 0,
			"audio_id": 25642220,
			"320filesize": 0,
			"rp_publish": 1,
			"duration": 251,
			"topic_url_sq": "",
			"album_id": "0",
			"isfirst": 0,
			"320privilege": 0,
			"fail_process": 0,
			"320hash": "",
			"sqhash": "",
			"remark": "",
			"pay_type_sq": 0,
			"extname": "mp3",
			"sqprivilege": 0,
			"topic_url_320": "",
			"has_accompany": 1
		}, {
			"pay_type_320": 0,
			"m4afilesize": 0,
			"price_sq": 0,
			"first": 0,
			"filesize": 5832619,
			"bitrate": 128,
			"price": 0,
			"inlist": 1,
			"old_cpy": 1,
			"pkg_price_sq": 0,
			"pay_type": 0,
			"topic_url": "",
			"rp_type": "audio",
			"pkg_price": 0,
			"feetype": 0,
			"filename": "葛林 - 林中鸟 - DJ版",
			"price_320": 0,
			"sqfilesize": 0,
			"hash": "1432AB23B7F4B241D7F044C02ADE48E1",
			"mvhash": "",
			"privilege": 0,
			"addtime": "2017-06-13 09:55:02",
			"pkg_price_320": 0,
			"fail_process_sq": 0,
			"fail_process_320": 0,
			"audio_id": 24721440,
			"320filesize": 0,
			"rp_publish": 1,
			"duration": 365,
			"topic_url_sq": "",
			"album_id": "0",
			"isfirst": 0,
			"320privilege": 0,
			"fail_process": 0,
			"320hash": "",
			"sqhash": "",
			"remark": "",
			"pay_type_sq": 0,
			"extname": "mp3",
			"sqprivilege": 0,
			"topic_url_320": "",
			"has_accompany": 1
		}, {
			"pay_type_320": 0,
			"m4afilesize": 0,
			"price_sq": 0,
			"first": 0,
			"filesize": 2256622,
			"bitrate": 128,
			"price": 0,
			"inlist": 1,
			"old_cpy": 1,
			"pkg_price_sq": 0,
			"pay_type": 0,
			"topic_url": "",
			"rp_type": "audio",
			"pkg_price": 0,
			"feetype": 0,
			"filename": "Alan Walker - Faded - DJ版",
			"price_320": 0,
			"sqfilesize": 0,
			"hash": "04C63F99324CEE35B64B6A8F348DC0F8",
			"mvhash": "",
			"privilege": 0,
			"addtime": "2017-06-13 09:55:02",
			"pkg_price_320": 0,
			"fail_process_sq": 0,
			"fail_process_320": 0,
			"audio_id": 26489383,
			"320filesize": 5639339,
			"rp_publish": 1,
			"duration": 141,
			"topic_url_sq": "",
			"album_id": "2228009",
			"isfirst": 0,
			"320privilege": 0,
			"fail_process": 0,
			"320hash": "90471F62AEC94FA67C9AA217C92A1DD7",
			"sqhash": "",
			"remark": "汽车音乐8D环绕",
			"pay_type_sq": 0,
			"extname": "mp3",
			"sqprivilege": 0,
			"topic_url_320": "",
			"has_accompany": 1
		}, {
			"pay_type_320": 0,
			"m4afilesize": 0,
			"price_sq": 0,
			"first": 0,
			"filesize": 6086091,
			"bitrate": 128,
			"price": 0,
			"inlist": 1,
			"old_cpy": 1,
			"pkg_price_sq": 0,
			"pay_type": 0,
			"topic_url": "",
			"rp_type": "audio",
			"pkg_price": 0,
			"feetype": 0,
			"filename": "唐古 - 你牛什么牛 - DJ版",
			"price_320": 0,
			"sqfilesize": 0,
			"hash": "E847A035A1DDD2988F0B625355AE4383",
			"mvhash": "",
			"privilege": 0,
			"addtime": "2017-06-13 09:55:02",
			"pkg_price_320": 0,
			"fail_process_sq": 0,
			"fail_process_320": 0,
			"audio_id": 26206752,
			"320filesize": 0,
			"rp_publish": 1,
			"duration": 380,
			"topic_url_sq": "",
			"album_id": "0",
			"isfirst": 0,
			"320privilege": 0,
			"fail_process": 0,
			"320hash": "",
			"sqhash": "",
			"remark": "",
			"pay_type_sq": 0,
			"extname": "mp3",
			"sqprivilege": 0,
			"topic_url_320": "",
			"has_accompany": 1
		}, {
			"pay_type_320": 0,
			"m4afilesize": 0,
			"price_sq": 0,
			"first": 0,
			"filesize": 6148760,
			"bitrate": 128,
			"price": 0,
			"inlist": 1,
			"old_cpy": 1,
			"pkg_price_sq": 0,
			"pay_type": 0,
			"topic_url": "",
			"rp_type": "audio",
			"pkg_price": 0,
			"feetype": 0,
			"filename": "金南玲 - 逆流成河 - DJ版",
			"price_320": 0,
			"sqfilesize": 0,
			"hash": "BA1C0391727C9714C5C5C89FB3869BFC",
			"mvhash": "",
			"privilege": 0,
			"addtime": "2017-06-13 09:55:02",
			"pkg_price_320": 0,
			"fail_process_sq": 0,
			"fail_process_320": 0,
			"audio_id": 26085218,
			"320filesize": 15398576,
			"rp_publish": 1,
			"duration": 384,
			"topic_url_sq": "",
			"album_id": "0",
			"isfirst": 0,
			"320privilege": 0,
			"fail_process": 0,
			"320hash": "CD11F828B2167C7CFC11681C3D9ED66F",
			"sqhash": "",
			"remark": "",
			"pay_type_sq": 0,
			"extname": "mp3",
			"sqprivilege": 0,
			"topic_url_320": "",
			"has_accompany": 1
		}, {
			"pay_type_320": 3,
			"m4afilesize": 0,
			"price_sq": 200,
			"first": 0,
			"filesize": 2644321,
			"bitrate": 127,
			"price": 200,
			"inlist": 1,
			"old_cpy": 1,
			"pkg_price_sq": 1,
			"pay_type": 3,
			"topic_url": "",
			"rp_type": "audio",
			"pkg_price": 1,
			"feetype": 0,
			"filename": "张靓颖 - Dust My Shoulders Off - DJ版",
			"price_320": 200,
			"sqfilesize": 20061297,
			"hash": "EAADFD3DBFFA176D4EF50DC333A117A9",
			"mvhash": "",
			"privilege": 8,
			"addtime": "2017-06-13 09:55:02",
			"pkg_price_320": 1,
			"fail_process_sq": 4,
			"fail_process_320": 4,
			"audio_id": 26849867,
			"320filesize": 6612114,
			"rp_publish": 1,
			"duration": 165,
			"topic_url_sq": "",
			"album_id": "2694964",
			"isfirst": 0,
			"320privilege": 10,
			"fail_process": 4,
			"320hash": "D903F8E8003C103D4C23BCA1EFA841AA",
			"sqhash": "FED133B1EAA7460BA8762A216816A5D8",
			"remark": "Dust My Shoulders Off (Steve Aoki Remix)",
			"pay_type_sq": 3,
			"extname": "mp3",
			"sqprivilege": 10,
			"topic_url_320": "",
			"has_accompany": 0
		}, {
			"pay_type_320": 0,
			"m4afilesize": 0,
			"price_sq": 0,
			"first": 0,
			"filesize": 3473336,
			"bitrate": 128,
			"price": 0,
			"inlist": 1,
			"old_cpy": 1,
			"pkg_price_sq": 0,
			"pay_type": 0,
			"topic_url": "",
			"rp_type": "audio",
			"pkg_price": 0,
			"feetype": 0,
			"filename": "姜鹏 - 江湖大道 - DJ版",
			"price_320": 0,
			"sqfilesize": 0,
			"hash": "A77E4D9AE6DF5A300B7A5C80B0757E99",
			"mvhash": "",
			"privilege": 0,
			"addtime": "2017-06-13 09:55:02",
			"pkg_price_320": 0,
			"fail_process_sq": 0,
			"fail_process_320": 0,
			"audio_id": 25801202,
			"320filesize": 0,
			"rp_publish": 1,
			"duration": 217,
			"topic_url_sq": "",
			"album_id": "0",
			"isfirst": 0,
			"320privilege": 0,
			"fail_process": 0,
			"320hash": "",
			"sqhash": "",
			"remark": "",
			"pay_type_sq": 0,
			"extname": "mp3",
			"sqprivilege": 0,
			"topic_url_320": "",
			"has_accompany": 1
		}, {
			"pay_type_320": 0,
			"m4afilesize": 0,
			"price_sq": 0,
			"first": 0,
			"filesize": 4425458,
			"bitrate": 128,
			"price": 0,
			"inlist": 1,
			"old_cpy": 1,
			"pkg_price_sq": 0,
			"pay_type": 0,
			"topic_url": "",
			"rp_type": "audio",
			"pkg_price": 0,
			"feetype": 0,
			"filename": "冷漠 - 没有你陪伴真的好孤单 - DJ版",
			"price_320": 0,
			"sqfilesize": 0,
			"hash": "7F61ED21383156DEB1AD31AD03F02F49",
			"mvhash": "",
			"privilege": 0,
			"addtime": "2017-06-13 09:55:03",
			"pkg_price_320": 0,
			"fail_process_sq": 0,
			"fail_process_320": 0,
			"audio_id": 26124445,
			"320filesize": 11061359,
			"rp_publish": 1,
			"duration": 277,
			"topic_url_sq": "",
			"album_id": "0",
			"isfirst": 0,
			"320privilege": 0,
			"fail_process": 0,
			"320hash": "6B036F670728A88B8EE9B97FEC7B1FE2",
			"sqhash": "",
			"remark": "",
			"pay_type_sq": 0,
			"extname": "mp3",
			"sqprivilege": 0,
			"topic_url_320": "",
			"has_accompany": 0
		}, {
			"pay_type_320": 0,
			"m4afilesize": 0,
			"price_sq": 0,
			"first": 0,
			"filesize": 6295015,
			"bitrate": 128,
			"price": 0,
			"inlist": 1,
			"old_cpy": 1,
			"pkg_price_sq": 0,
			"pay_type": 0,
			"topic_url": "",
			"rp_type": "audio",
			"pkg_price": 0,
			"feetype": 0,
			"filename": "赵雷 - 成都 - DJ版",
			"price_320": 0,
			"sqfilesize": 0,
			"hash": "0BD0EC3BDD9FED16717F99E5D1B6F6E3",
			"mvhash": "",
			"privilege": 0,
			"addtime": "2017-06-13 09:55:03",
			"pkg_price_320": 0,
			"fail_process_sq": 0,
			"fail_process_320": 0,
			"audio_id": 26210351,
			"320filesize": 15739342,
			"rp_publish": 1,
			"duration": 393,
			"topic_url_sq": "",
			"album_id": "0",
			"isfirst": 0,
			"320privilege": 0,
			"fail_process": 0,
			"320hash": "2B516B5D1BC8AFA4303F3DF02632B4E7",
			"sqhash": "",
			"remark": "",
			"pay_type_sq": 0,
			"extname": "mp3",
			"sqprivilege": 0,
			"topic_url_320": "",
			"has_accompany": 1
		}, {
			"pay_type_320": 0,
			"m4afilesize": 0,
			"price_sq": 0,
			"first": 0,
			"filesize": 4666230,
			"bitrate": 128,
			"price": 0,
			"inlist": 1,
			"old_cpy": 1,
			"pkg_price_sq": 0,
			"pay_type": 0,
			"topic_url": "",
			"rp_type": "audio",
			"pkg_price": 0,
			"feetype": 0,
			"filename": "许云上 - 爱河 - DJ版",
			"price_320": 0,
			"sqfilesize": 0,
			"hash": "0490FD96ADD00BD8D2DDC319E1C85BB7",
			"mvhash": "",
			"privilege": 0,
			"addtime": "2017-06-13 09:55:03",
			"pkg_price_320": 0,
			"fail_process_sq": 0,
			"fail_process_320": 0,
			"audio_id": 26338419,
			"320filesize": 0,
			"rp_publish": 1,
			"duration": 292,
			"topic_url_sq": "",
			"album_id": "0",
			"isfirst": 0,
			"320privilege": 0,
			"fail_process": 0,
			"320hash": "",
			"sqhash": "",
			"remark": "",
			"pay_type_sq": 0,
			"extname": "mp3",
			"sqprivilege": 0,
			"topic_url_320": "",
			"has_accompany": 1
		}, {
			"pay_type_320": 0,
			"m4afilesize": 0,
			"price_sq": 0,
			"first": 0,
			"filesize": 3994126,
			"bitrate": 128,
			"price": 0,
			"inlist": 1,
			"old_cpy": 1,
			"pkg_price_sq": 0,
			"pay_type": 0,
			"topic_url": "",
			"rp_type": "audio",
			"pkg_price": 0,
			"feetype": 0,
			"filename": "7姨 - 囧架架 - DJ版",
			"price_320": 0,
			"sqfilesize": 34146846,
			"hash": "BA333231A277BBB55E52766FBE75033B",
			"mvhash": "",
			"privilege": 0,
			"addtime": "2017-06-13 09:55:03",
			"pkg_price_320": 0,
			"fail_process_sq": 0,
			"fail_process_320": 0,
			"audio_id": 26033994,
			"320filesize": 9985253,
			"rp_publish": 1,
			"duration": 250,
			"topic_url_sq": "",
			"album_id": "1989221",
			"isfirst": 0,
			"320privilege": 0,
			"fail_process": 0,
			"320hash": "96FFA76F0A4757027C660894ED66BFE8",
			"sqhash": "E774FFC6F6B369E4E6BC206E014C71D4",
			"remark": "打响468371582",
			"pay_type_sq": 0,
			"extname": "mp3",
			"sqprivilege": 0,
			"topic_url_320": "",
			"has_accompany": 0
		}, {
			"pay_type_320": 0,
			"m4afilesize": 0,
			"price_sq": 0,
			"first": 0,
			"filesize": 5041588,
			"bitrate": 128,
			"price": 0,
			"inlist": 1,
			"old_cpy": 1,
			"pkg_price_sq": 0,
			"pay_type": 0,
			"topic_url": "",
			"rp_type": "audio",
			"pkg_price": 0,
			"feetype": 0,
			"filename": "杨宗纬、张碧晨 - 凉凉 - DJ版",
			"price_320": 0,
			"sqfilesize": 0,
			"hash": "5E7827A26394ADD8C363545D3F555E26",
			"mvhash": "",
			"privilege": 0,
			"addtime": "2017-06-13 09:55:03",
			"pkg_price_320": 0,
			"fail_process_sq": 0,
			"fail_process_320": 0,
			"audio_id": 25978710,
			"320filesize": 12742363,
			"rp_publish": 1,
			"duration": 315,
			"topic_url_sq": "",
			"album_id": "0",
			"isfirst": 0,
			"320privilege": 0,
			"fail_process": 0,
			"320hash": "7C3F92F9F760353DE64734916A5403AF",
			"sqhash": "",
			"remark": "",
			"pay_type_sq": 0,
			"extname": "mp3",
			"sqprivilege": 0,
			"topic_url_320": "",
			"has_accompany": 1
		}, {
			"pay_type_320": 0,
			"m4afilesize": 0,
			"price_sq": 0,
			"first": 0,
			"filesize": 3658604,
			"bitrate": 128,
			"price": 0,
			"inlist": 1,
			"old_cpy": 1,
			"pkg_price_sq": 0,
			"pay_type": 0,
			"topic_url": "",
			"rp_type": "audio",
			"pkg_price": 0,
			"feetype": 0,
			"filename": "苏勒亚其其格 - 歌在飞 - DJ版",
			"price_320": 0,
			"sqfilesize": 0,
			"hash": "FF5225667A69E639264E65BD8DF8E9F7",
			"mvhash": "",
			"privilege": 0,
			"addtime": "2017-06-13 09:55:03",
			"pkg_price_320": 0,
			"fail_process_sq": 0,
			"fail_process_320": 0,
			"audio_id": 26020127,
			"320filesize": 9148136,
			"rp_publish": 1,
			"duration": 229,
			"topic_url_sq": "",
			"album_id": "0",
			"isfirst": 0,
			"320privilege": 0,
			"fail_process": 0,
			"320hash": "87488E5A1D6890E8900C6652A0E2FA36",
			"sqhash": "",
			"remark": "",
			"pay_type_sq": 0,
			"extname": "mp3",
			"sqprivilege": 0,
			"topic_url_320": "",
			"has_accompany": 1
		}, {
			"pay_type_320": 0,
			"m4afilesize": 0,
			"price_sq": 0,
			"first": 0,
			"filesize": 4272422,
			"bitrate": 128,
			"price": 0,
			"inlist": 1,
			"old_cpy": 1,
			"pkg_price_sq": 0,
			"pay_type": 0,
			"topic_url": "",
			"rp_type": "audio",
			"pkg_price": 0,
			"feetype": 0,
			"filename": "蓝波 - 迎着风 - DJ版",
			"price_320": 0,
			"sqfilesize": 37863205,
			"hash": "DDBBF823BB2C4EE4DE17F8EAFD6C422A",
			"mvhash": "",
			"privilege": 0,
			"addtime": "2017-06-13 09:55:03",
			"pkg_price_320": 0,
			"fail_process_sq": 0,
			"fail_process_320": 0,
			"audio_id": 25305879,
			"320filesize": 10678857,
			"rp_publish": 1,
			"duration": 267,
			"topic_url_sq": "",
			"album_id": "1976751",
			"isfirst": 0,
			"320privilege": 0,
			"fail_process": 0,
			"320hash": "822C56E1F74A418C699C6DC1BBD61D4A",
			"sqhash": "958573FCF3152B2ABD307903499826A5",
			"remark": "中文电摇",
			"pay_type_sq": 0,
			"extname": "mp3",
			"sqprivilege": 0,
			"topic_url_320": "",
			"has_accompany": 1
		}, {
			"pay_type_320": 0,
			"m4afilesize": 0,
			"price_sq": 0,
			"first": 0,
			"filesize": 5893502,
			"bitrate": 128,
			"price": 0,
			"inlist": 1,
			"old_cpy": 1,
			"pkg_price_sq": 0,
			"pay_type": 0,
			"topic_url": "",
			"rp_type": "audio",
			"pkg_price": 0,
			"feetype": 0,
			"filename": "JC - 说散就散 - DJ版",
			"price_320": 0,
			"sqfilesize": 0,
			"hash": "8FC3170036A6498899CD4C40958F9D12",
			"mvhash": "",
			"privilege": 0,
			"addtime": "2017-06-13 09:55:03",
			"pkg_price_320": 0,
			"fail_process_sq": 0,
			"fail_process_320": 0,
			"audio_id": 25502464,
			"320filesize": 0,
			"rp_publish": 1,
			"duration": 368,
			"topic_url_sq": "",
			"album_id": "0",
			"isfirst": 0,
			"320privilege": 0,
			"fail_process": 0,
			"320hash": "",
			"sqhash": "",
			"remark": "",
			"pay_type_sq": 0,
			"extname": "mp3",
			"sqprivilege": 0,
			"topic_url_320": "",
			"has_accompany": 1
		}, {
			"pay_type_320": 0,
			"m4afilesize": 0,
			"price_sq": 0,
			"first": 0,
			"filesize": 5975340,
			"bitrate": 128,
			"price": 0,
			"inlist": 1,
			"old_cpy": 1,
			"pkg_price_sq": 0,
			"pay_type": 0,
			"topic_url": "",
			"rp_type": "audio",
			"pkg_price": 0,
			"feetype": 0,
			"filename": "梦然 - 没有你陪伴真的好孤单 - DJ版",
			"price_320": 0,
			"sqfilesize": 0,
			"hash": "2C44C4397A6446150B1FB5F30746A9A1",
			"mvhash": "",
			"privilege": 0,
			"addtime": "2017-06-13 09:55:03",
			"pkg_price_320": 0,
			"fail_process_sq": 0,
			"fail_process_320": 0,
			"audio_id": 25884915,
			"320filesize": 14939994,
			"rp_publish": 1,
			"duration": 373,
			"topic_url_sq": "",
			"album_id": "0",
			"isfirst": 0,
			"320privilege": 0,
			"fail_process": 0,
			"320hash": "CACE889F5CCF27F7470DAA8FC9DB3086",
			"sqhash": "",
			"remark": "",
			"pay_type_sq": 0,
			"extname": "mp3",
			"sqprivilege": 0,
			"topic_url_320": "",
			"has_accompany": 1
		}, {
			"pay_type_320": 0,
			"m4afilesize": 0,
			"price_sq": 0,
			"first": 0,
			"filesize": 8452014,
			"bitrate": 128,
			"price": 0,
			"inlist": 1,
			"old_cpy": 1,
			"pkg_price_sq": 0,
			"pay_type": 0,
			"topic_url": "",
			"rp_type": "audio",
			"pkg_price": 0,
			"feetype": 0,
			"filename": "神马乐团 - 爱河 - DJ版",
			"price_320": 0,
			"sqfilesize": 0,
			"hash": "C58D250B51D1E17426D45E96C3A708B5",
			"mvhash": "",
			"privilege": 0,
			"addtime": "2017-06-13 09:55:03",
			"pkg_price_320": 0,
			"fail_process_sq": 0,
			"fail_process_320": 0,
			"audio_id": 26602287,
			"320filesize": 21128925,
			"rp_publish": 1,
			"duration": 528,
			"topic_url_sq": "",
			"album_id": "2654108",
			"isfirst": 0,
			"320privilege": 0,
			"fail_process": 0,
			"320hash": "55543C8EDAD6503496D91C20E4384212",
			"sqhash": "",
			"remark": "动感潮流",
			"pay_type_sq": 0,
			"extname": "mp3",
			"sqprivilege": 0,
			"topic_url_320": "",
			"has_accompany": 1
		}, {
			"pay_type_320": 0,
			"m4afilesize": 0,
			"price_sq": 0,
			"first": 0,
			"filesize": 6123564,
			"bitrate": 128,
			"price": 0,
			"inlist": 1,
			"old_cpy": 1,
			"pkg_price_sq": 0,
			"pay_type": 0,
			"topic_url": "",
			"rp_type": "audio",
			"pkg_price": 0,
			"feetype": 0,
			"filename": "胡派 - 喝醉以后才明白 - DJ版",
			"price_320": 0,
			"sqfilesize": 0,
			"hash": "028DCA050B37BA6413F9E0EA84C27626",
			"mvhash": "",
			"privilege": 0,
			"addtime": "2017-06-13 09:55:03",
			"pkg_price_320": 0,
			"fail_process_sq": 0,
			"fail_process_320": 0,
			"audio_id": 26121018,
			"320filesize": 15307799,
			"rp_publish": 1,
			"duration": 383,
			"topic_url_sq": "",
			"album_id": "0",
			"isfirst": 0,
			"320privilege": 0,
			"fail_process": 0,
			"320hash": "2B991FD7F24CE09BB8CE38F5F7B61AC6",
			"sqhash": "",
			"remark": "",
			"pay_type_sq": 0,
			"extname": "mp3",
			"sqprivilege": 0,
			"topic_url_320": "",
			"has_accompany": 1
		}, {
			"pay_type_320": 0,
			"m4afilesize": 0,
			"price_sq": 0,
			"first": 0,
			"filesize": 5990235,
			"bitrate": 128,
			"price": 0,
			"inlist": 1,
			"old_cpy": 1,
			"pkg_price_sq": 0,
			"pay_type": 0,
			"topic_url": "",
			"rp_type": "audio",
			"pkg_price": 0,
			"feetype": 0,
			"filename": "侯旭 - 逃 - DJ版",
			"price_320": 0,
			"sqfilesize": 0,
			"hash": "7F85FF239134305B42F9ACFB1B3A0AED",
			"mvhash": "",
			"privilege": 0,
			"addtime": "2017-06-13 09:55:03",
			"pkg_price_320": 0,
			"fail_process_sq": 0,
			"fail_process_320": 0,
			"audio_id": 24865279,
			"320filesize": 14975476,
			"rp_publish": 1,
			"duration": 374,
			"topic_url_sq": "",
			"album_id": "1965438",
			"isfirst": 0,
			"320privilege": 0,
			"fail_process": 0,
			"320hash": "49C0F9539A8031CEF062B3645228411A",
			"sqhash": "",
			"remark": "逃(DJ版)",
			"pay_type_sq": 0,
			"extname": "mp3",
			"sqprivilege": 0,
			"topic_url_320": "",
			"has_accompany": 1
		}, {
			"pay_type_320": 0,
			"m4afilesize": 0,
			"price_sq": 0,
			"first": 0,
			"filesize": 4838501,
			"bitrate": 128,
			"price": 0,
			"inlist": 1,
			"old_cpy": 1,
			"pkg_price_sq": 0,
			"pay_type": 0,
			"topic_url": "",
			"rp_type": "audio",
			"pkg_price": 0,
			"feetype": 0,
			"filename": "梦洛伊 - 不怕一个人 - DJ版",
			"price_320": 0,
			"sqfilesize": 38669960,
			"hash": "516153A4FC2F02D6785979650519AF9F",
			"mvhash": "",
			"privilege": 0,
			"addtime": "2017-06-13 09:55:04",
			"pkg_price_320": 0,
			"fail_process_sq": 0,
			"fail_process_320": 0,
			"audio_id": 26780502,
			"320filesize": 12095944,
			"rp_publish": 1,
			"duration": 302,
			"topic_url_sq": "",
			"album_id": "2675584",
			"isfirst": 0,
			"320privilege": 0,
			"fail_process": 0,
			"320hash": "4B54C84F170D20D6D15521BC7D658299",
			"sqhash": "9A3B7528D57CF1398E275EF92573B644",
			"remark": "夏至未至",
			"pay_type_sq": 0,
			"extname": "mp3",
			"sqprivilege": 0,
			"topic_url_320": "",
			"has_accompany": 0
		}, {
			"pay_type_320": 0,
			"m4afilesize": 0,
			"price_sq": 0,
			"first": 0,
			"filesize": 6318445,
			"bitrate": 128,
			"price": 0,
			"inlist": 1,
			"old_cpy": 1,
			"pkg_price_sq": 0,
			"pay_type": 0,
			"topic_url": "",
			"rp_type": "audio",
			"pkg_price": 0,
			"feetype": 0,
			"filename": "唐古 - 你的过去我不介意 - DJ版",
			"price_320": 0,
			"sqfilesize": 53717048,
			"hash": "E55FB9B2726CD8BCBBEE9997B7F8A2CF",
			"mvhash": "",
			"privilege": 0,
			"addtime": "2017-06-13 09:55:04",
			"pkg_price_320": 0,
			"fail_process_sq": 0,
			"fail_process_320": 0,
			"audio_id": 24933390,
			"320filesize": 15795878,
			"rp_publish": 1,
			"duration": 394,
			"topic_url_sq": "",
			"album_id": "1775815",
			"isfirst": 0,
			"320privilege": 0,
			"fail_process": 0,
			"320hash": "E4FEF97C7A7F5C4F5B4B61AD935F7C5D",
			"sqhash": "E7287C92F9212FA9E39B5170CB037B9B",
			"remark": "你的过去我不介意",
			"pay_type_sq": 0,
			"extname": "mp3",
			"sqprivilege": 0,
			"topic_url_320": "",
			"has_accompany": 1
		}, {
			"pay_type_320": 0,
			"m4afilesize": 0,
			"price_sq": 0,
			"first": 0,
			"filesize": 2196518,
			"bitrate": 128,
			"price": 0,
			"inlist": 1,
			"old_cpy": 1,
			"pkg_price_sq": 0,
			"pay_type": 0,
			"topic_url": "",
			"rp_type": "audio",
			"pkg_price": 0,
			"feetype": 0,
			"filename": "冯提莫 - 一人我饮酒醉 - DJ版",
			"price_320": 0,
			"sqfilesize": 0,
			"hash": "4C18B83E709A5BEBDAB402A24F1EE322",
			"mvhash": "",
			"privilege": 0,
			"addtime": "2017-06-13 09:55:04",
			"pkg_price_320": 0,
			"fail_process_sq": 0,
			"fail_process_320": 0,
			"audio_id": 26849340,
			"320filesize": 0,
			"rp_publish": 1,
			"duration": 137,
			"topic_url_sq": "",
			"album_id": "0",
			"isfirst": 0,
			"320privilege": 0,
			"fail_process": 0,
			"320hash": "",
			"sqhash": "",
			"remark": "",
			"pay_type_sq": 0,
			"extname": "mp3",
			"sqprivilege": 0,
			"topic_url_320": "",
			"has_accompany": 0
		}, {
			"pay_type_320": 0,
			"m4afilesize": 0,
			"price_sq": 0,
			"first": 0,
			"filesize": 5224533,
			"bitrate": 128,
			"price": 0,
			"inlist": 1,
			"old_cpy": 1,
			"pkg_price_sq": 0,
			"pay_type": 0,
			"topic_url": "",
			"rp_type": "audio",
			"pkg_price": 0,
			"feetype": 0,
			"filename": "王冕 - 勉为其难 - DJ版",
			"price_320": 0,
			"sqfilesize": 0,
			"hash": "76B022A7C92A94E32FEC23860F5ECE9C",
			"mvhash": "",
			"privilege": 0,
			"addtime": "2017-06-13 09:55:04",
			"pkg_price_320": 0,
			"fail_process_sq": 0,
			"fail_process_320": 0,
			"audio_id": 25539942,
			"320filesize": 0,
			"rp_publish": 1,
			"duration": 327,
			"topic_url_sq": "",
			"album_id": "0",
			"isfirst": 0,
			"320privilege": 0,
			"fail_process": 0,
			"320hash": "",
			"sqhash": "",
			"remark": "",
			"pay_type_sq": 0,
			"extname": "mp3",
			"sqprivilege": 0,
			"topic_url_320": "",
			"has_accompany": 1
		}, {
			"pay_type_320": 0,
			"m4afilesize": 0,
			"price_sq": 0,
			"first": 0,
			"filesize": 5518099,
			"bitrate": 128,
			"price": 0,
			"inlist": 1,
			"old_cpy": 1,
			"pkg_price_sq": 0,
			"pay_type": 0,
			"topic_url": "",
			"rp_type": "audio",
			"pkg_price": 0,
			"feetype": 0,
			"filename": "黑龙 - 盗心贼 - DJ版",
			"price_320": 0,
			"sqfilesize": 49754852,
			"hash": "D5885BCAF6B39B69145A3DB1EDBF6AD1",
			"mvhash": "",
			"privilege": 0,
			"addtime": "2017-06-13 09:55:04",
			"pkg_price_320": 0,
			"fail_process_sq": 0,
			"fail_process_320": 0,
			"audio_id": 26795626,
			"320filesize": 13791608,
			"rp_publish": 1,
			"duration": 345,
			"topic_url_sq": "",
			"album_id": "2679726",
			"isfirst": 0,
			"320privilege": 0,
			"fail_process": 0,
			"320hash": "660072B0AF948CBB7B87E812B5D81238",
			"sqhash": "7BD6B36DED53E4E64C5EA7F0942DD723",
			"remark": "盗心贼 (DJ版)",
			"pay_type_sq": 0,
			"extname": "mp3",
			"sqprivilege": 0,
			"topic_url_320": "",
			"has_accompany": 1
		}, {
			"pay_type_320": 0,
			"m4afilesize": 0,
			"price_sq": 0,
			"first": 0,
			"filesize": 4588159,
			"bitrate": 127,
			"price": 0,
			"inlist": 1,
			"old_cpy": 1,
			"pkg_price_sq": 0,
			"pay_type": 0,
			"topic_url": "",
			"rp_type": "audio",
			"pkg_price": 0,
			"feetype": 0,
			"filename": "李晓杰 - 朋友的酒 - DJ版",
			"price_320": 0,
			"sqfilesize": 0,
			"hash": "01143A2B4F013558B87952CA35B43DB7",
			"mvhash": "",
			"privilege": 0,
			"addtime": "2017-06-13 09:55:04",
			"pkg_price_320": 0,
			"fail_process_sq": 0,
			"fail_process_320": 0,
			"audio_id": 25559760,
			"320filesize": 0,
			"rp_publish": 1,
			"duration": 287,
			"topic_url_sq": "",
			"album_id": "0",
			"isfirst": 0,
			"320privilege": 0,
			"fail_process": 0,
			"320hash": "",
			"sqhash": "",
			"remark": "",
			"pay_type_sq": 0,
			"extname": "mp3",
			"sqprivilege": 0,
			"topic_url_320": "",
			"has_accompany": 1
		}, {
			"pay_type_320": 0,
			"m4afilesize": 0,
			"price_sq": 0,
			"first": 0,
			"filesize": 3166236,
			"bitrate": 128,
			"price": 0,
			"inlist": 1,
			"old_cpy": 1,
			"pkg_price_sq": 0,
			"pay_type": 0,
			"topic_url": "",
			"rp_type": "audio",
			"pkg_price": 0,
			"feetype": 0,
			"filename": "承利 - 激光雨 - DJ版",
			"price_320": 0,
			"sqfilesize": 0,
			"hash": "40FACBF7B17F8074F8FF0F810EB01107",
			"mvhash": "",
			"privilege": 0,
			"addtime": "2017-06-13 09:55:04",
			"pkg_price_320": 0,
			"fail_process_sq": 0,
			"fail_process_320": 0,
			"audio_id": 26161811,
			"320filesize": 7915146,
			"rp_publish": 1,
			"duration": 198,
			"topic_url_sq": "",
			"album_id": "1991013",
			"isfirst": 0,
			"320privilege": 0,
			"fail_process": 0,
			"320hash": "95DCD50B3CA573BDD0D876E7C83FBC43",
			"sqhash": "",
			"remark": "你给我听好",
			"pay_type_sq": 0,
			"extname": "mp3",
			"sqprivilege": 0,
			"topic_url_320": "",
			"has_accompany": 0
		}],
		"total": 100
	},
	"errcode": 0
}
