{
	"status": 1,
	"error": "",
	"data": {
		"timestamp": 1497514870,
		"info": [{
			"pay_type_320": 3,
			"m4afilesize": 0,
			"price_sq": 200,
			"first": 0,
			"filesize": 3739674,
			"bitrate": 128,
			"price": 200,
			"inlist": 1,
			"old_cpy": 1,
			"pkg_price_sq": 1,
			"pay_type": 3,
			"topic_url": "",
			"rp_type": "audio",
			"pkg_price": 1,
			"feetype": 0,
			"filename": "李克勤 - 失魂记",
			"price_320": 200,
			"sqfilesize": 23757722,
			"hash": "CCBE6C6A2EF7270F81EBAEF6DAE0C3F7",
			"mvhash": "",
			"privilege": 8,
			"addtime": "2017-06-15 10:55:51",
			"pkg_price_320": 1,
			"fail_process_sq": 4,
			"fail_process_320": 4,
			"audio_id": 26833509,
			"320filesize": 9348896,
			"rp_publish": 1,
			"duration": 234,
			"topic_url_sq": "",
			"album_id": "2693246",
			"isfirst": 0,
			"320privilege": 10,
			"fail_process": 4,
			"320hash": "A77ECA4E7C0309F6B4F8948F93A82695",
			"sqhash": "CB6AB3C39C60FB30534FD06BA8652A36",
			"remark": "30克",
			"pay_type_sq": 3,
			"extname": "mp3",
			"sqprivilege": 10,
			"topic_url_320": "",
			"has_accompany": 1
		}, {
			"pay_type_320": 0,
			"m4afilesize": 0,
			"price_sq": 0,
			"first": 0,
			"filesize": 4047093,
			"bitrate": 128,
			"price": 0,
			"inlist": 1,
			"old_cpy": 1,
			"pkg_price_sq": 0,
			"pay_type": 0,
			"topic_url": "",
			"rp_type": "audio",
			"pkg_price": 0,
			"feetype": 0,
			"filename": "林二汶 - 有你一个",
			"price_320": 0,
			"sqfilesize": 0,
			"hash": "3462D7A8BF153ED2096DCBC8201719F9",
			"mvhash": "",
			"privilege": 0,
			"addtime": "2017-06-15 10:46:19",
			"pkg_price_320": 0,
			"fail_process_sq": 0,
			"fail_process_320": 0,
			"audio_id": 26954937,
			"320filesize": 0,
			"rp_publish": 1,
			"duration": 252,
			"topic_url_sq": "",
			"album_id": "2705192",
			"isfirst": 0,
			"320privilege": 0,
			"fail_process": 0,
			"320hash": "",
			"sqhash": "",
			"remark": "《有你一个就够》电影主题曲",
			"pay_type_sq": 0,
			"extname": "mp3",
			"sqprivilege": 0,
			"topic_url_320": "",
			"has_accompany": 0
		}, {
			"pay_type_320": 3,
			"m4afilesize": 0,
			"price_sq": 0,
			"first": 0,
			"filesize": 4906660,
			"bitrate": 128,
			"price": 200,
			"inlist": 1,
			"old_cpy": 1,
			"pkg_price_sq": 0,
			"pay_type": 3,
			"topic_url": "",
			"rp_type": "audio",
			"pkg_price": 1,
			"feetype": 0,
			"filename": "许廷铿、王嘉仪 - 根",
			"price_320": 200,
			"sqfilesize": 0,
			"hash": "80631C64562AAC7F62BAF9ABB1D1CBB3",
			"mvhash": "1067DDA97F359A62B8EA640AE8B14983",
			"privilege": 8,
			"addtime": "2017-06-12 15:00:13",
			"pkg_price_320": 1,
			"fail_process_sq": 0,
			"fail_process_320": 4,
			"audio_id": 26945328,
			"320filesize": 12266295,
			"rp_publish": 1,
			"duration": 307,
			"topic_url_sq": "",
			"album_id": "2702627",
			"isfirst": 0,
			"320privilege": 10,
			"fail_process": 4,
			"320hash": "3E6188DB5E9ADAA685AE15DD87AF2FD9",
			"sqhash": "",
			"remark": "根",
			"pay_type_sq": 0,
			"extname": "mp3",
			"sqprivilege": 0,
			"topic_url_320": "",
			"has_accompany": 1
		}, {
			"pay_type_320": 3,
			"m4afilesize": 0,
			"price_sq": 200,
			"first": 0,
			"filesize": 3548673,
			"bitrate": 128,
			"price": 200,
			"inlist": 1,
			"old_cpy": 1,
			"pkg_price_sq": 1,
			"pay_type": 3,
			"topic_url": "",
			"rp_type": "audio",
			"pkg_price": 1,
			"feetype": 0,
			"filename": "菊梓乔 - 久别重逢",
			"price_320": 200,
			"sqfilesize": 23473284,
			"hash": "BAEDEF8DDE4D38C01CF0C769C532ECC9",
			"mvhash": "D6726ADAE05A8F06A18E997F74FCAACC",
			"privilege": 8,
			"addtime": "2017-06-12 15:00:00",
			"pkg_price_320": 1,
			"fail_process_sq": 4,
			"fail_process_320": 4,
			"audio_id": 26943511,
			"320filesize": 8871291,
			"rp_publish": 1,
			"duration": 222,
			"topic_url_sq": "",
			"album_id": "2702533",
			"isfirst": 0,
			"320privilege": 10,
			"fail_process": 4,
			"320hash": "75D117F341CFB4BFBD460AEFBF182D9C",
			"sqhash": "0E279763B744EB061954E4E8C12DE3A4",
			"remark": "《三生三世十里桃花》电视剧主题曲",
			"pay_type_sq": 3,
			"extname": "mp3",
			"sqprivilege": 10,
			"topic_url_320": "",
			"has_accompany": 1
		}, {
			"pay_type_320": 0,
			"m4afilesize": 0,
			"price_sq": 0,
			"first": 0,
			"filesize": 4156376,
			"bitrate": 128,
			"price": 0,
			"inlist": 1,
			"old_cpy": 1,
			"pkg_price_sq": 0,
			"pay_type": 0,
			"topic_url": "",
			"rp_type": "audio",
			"pkg_price": 0,
			"feetype": 0,
			"filename": "林欣彤 - 奇怪",
			"price_320": 0,
			"sqfilesize": 0,
			"hash": "F9FAF46D129F1E2805DF179FF544AB9F",
			"mvhash": "02D69CD0AD39A9A5FC096BDB09CF8C3C",
			"privilege": 0,
			"addtime": "2017-06-05 15:48:04",
			"pkg_price_320": 0,
			"fail_process_sq": 0,
			"fail_process_320": 0,
			"audio_id": 26895294,
			"320filesize": 10415275,
			"rp_publish": 1,
			"duration": 259,
			"topic_url_sq": "",
			"album_id": "2698015",
			"isfirst": 0,
			"320privilege": 0,
			"fail_process": 0,
			"320hash": "393167C3E64D24D4DE1F690C7949D2CE",
			"sqhash": "",
			"remark": "奇怪",
			"pay_type_sq": 0,
			"extname": "mp3",
			"sqprivilege": 0,
			"topic_url_320": "",
			"has_accompany": 1
		}, {
			"pay_type_320": 0,
			"m4afilesize": 0,
			"price_sq": 0,
			"first": 0,
			"filesize": 4066932,
			"bitrate": 128,
			"price": 0,
			"inlist": 1,
			"old_cpy": 1,
			"pkg_price_sq": 0,
			"pay_type": 0,
			"topic_url": "",
			"rp_type": "audio",
			"pkg_price": 0,
			"feetype": 0,
			"filename": "卢凯彤 - 归一",
			"price_320": 0,
			"sqfilesize": 24117268,
			"hash": "0B19C9C8C46C978383243C7196621E7E",
			"mvhash": "",
			"privilege": 0,
			"addtime": "2017-06-02 17:43:25",
			"pkg_price_320": 0,
			"fail_process_sq": 0,
			"fail_process_320": 0,
			"audio_id": 26871266,
			"320filesize": 10167067,
			"rp_publish": 1,
			"duration": 254,
			"topic_url_sq": "",
			"album_id": "2696202",
			"isfirst": 0,
			"320privilege": 0,
			"fail_process": 0,
			"320hash": "43F44F7B0F8C75A41B4A359383763910",
			"sqhash": "92BC7EE57B264301156CB456ACD7E46B",
			"remark": "归一",
			"pay_type_sq": 0,
			"extname": "mp3",
			"sqprivilege": 0,
			"topic_url_320": "",
			"has_accompany": 0
		}, {
			"pay_type_320": 0,
			"m4afilesize": 0,
			"price_sq": 0,
			"first": 0,
			"filesize": 3385034,
			"bitrate": 128,
			"price": 0,
			"inlist": 1,
			"old_cpy": 1,
			"pkg_price_sq": 0,
			"pay_type": 0,
			"topic_url": "",
			"rp_type": "audio",
			"pkg_price": 0,
			"feetype": 0,
			"filename": "王浩信、谭嘉仪 - 陪着你走",
			"price_320": 0,
			"sqfilesize": 0,
			"hash": "1C98AD45DBC739B7269F352482A386F3",
			"mvhash": "5016DE7055CD75EBE52E501CAD59BBDC",
			"privilege": 0,
			"addtime": "2017-06-01 16:48:40",
			"pkg_price_320": 0,
			"fail_process_sq": 0,
			"fail_process_320": 0,
			"audio_id": 26849884,
			"320filesize": 0,
			"rp_publish": 1,
			"duration": 211,
			"topic_url_sq": "",
			"album_id": "2694965",
			"isfirst": 0,
			"320privilege": 0,
			"fail_process": 0,
			"320hash": "",
			"sqhash": "",
			"remark": "《不懂撒娇的女人》电视剧插曲",
			"pay_type_sq": 0,
			"extname": "mp3",
			"sqprivilege": 0,
			"topic_url_320": "",
			"has_accompany": 1
		}, {
			"pay_type_320": 0,
			"m4afilesize": 0,
			"price_sq": 0,
			"first": 0,
			"filesize": 4377892,
			"bitrate": 128,
			"price": 0,
			"inlist": 1,
			"old_cpy": 1,
			"pkg_price_sq": 0,
			"pay_type": 0,
			"topic_url": "",
			"rp_type": "audio",
			"pkg_price": 0,
			"feetype": 0,
			"filename": "小肥 - 冒雨",
			"price_320": 0,
			"sqfilesize": 0,
			"hash": "991A628EA16FEBCA91C4A987836161E9",
			"mvhash": "",
			"privilege": 0,
			"addtime": "2017-06-01 18:29:05",
			"pkg_price_320": 0,
			"fail_process_sq": 0,
			"fail_process_320": 0,
			"audio_id": 26859848,
			"320filesize": 0,
			"rp_publish": 1,
			"duration": 274,
			"topic_url_sq": "",
			"album_id": "2695621",
			"isfirst": 0,
			"320privilege": 0,
			"fail_process": 0,
			"320hash": "",
			"sqhash": "",
			"remark": "冒雨",
			"pay_type_sq": 0,
			"extname": "mp3",
			"sqprivilege": 0,
			"topic_url_320": "",
			"has_accompany": 1
		}, {
			"pay_type_320": 3,
			"m4afilesize": 0,
			"price_sq": 200,
			"first": 0,
			"filesize": 4402992,
			"bitrate": 128,
			"price": 200,
			"inlist": 1,
			"old_cpy": 1,
			"pkg_price_sq": 1,
			"pay_type": 3,
			"topic_url": "",
			"rp_type": "audio",
			"pkg_price": 1,
			"feetype": 0,
			"filename": "泳儿、黎瑞恩 - 摇篮曲",
			"price_320": 200,
			"sqfilesize": 30129554,
			"hash": "53E010519C127D49FF56D30652F3C415",
			"mvhash": "3A2A986E2C30CE9E995D11F75536FCCF",
			"privilege": 8,
			"addtime": "2017-05-15 14:32:35",
			"pkg_price_320": 1,
			"fail_process_sq": 4,
			"fail_process_320": 4,
			"audio_id": 26669125,
			"320filesize": 11007165,
			"rp_publish": 1,
			"duration": 275,
			"topic_url_sq": "",
			"album_id": "2295523",
			"isfirst": 0,
			"320privilege": 10,
			"fail_process": 4,
			"320hash": "6A321375FAAB4EE725D25CD0D7E38B63",
			"sqhash": "8D46D111264A1331BD534B36EE85C64D",
			"remark": "摇篮曲",
			"pay_type_sq": 3,
			"extname": "mp3",
			"sqprivilege": 10,
			"topic_url_320": "",
			"has_accompany": 1
		}, {
			"pay_type_320": 3,
			"m4afilesize": 0,
			"price_sq": 200,
			"first": 0,
			"filesize": 3938759,
			"bitrate": 127,
			"price": 200,
			"inlist": 1,
			"old_cpy": 1,
			"pkg_price_sq": 1,
			"pay_type": 3,
			"topic_url": "",
			"rp_type": "audio",
			"pkg_price": 1,
			"feetype": 0,
			"filename": "容祖儿 - 他狠过你 (Live)",
			"price_320": 200,
			"sqfilesize": 31316119,
			"hash": "0BED9FF7E3909F6DF0AEB5E622488414",
			"mvhash": "889FABB3D3F1F2A79C2C8BE5C61055C4",
			"privilege": 8,
			"addtime": "2017-04-25 14:10:38",
			"pkg_price_320": 1,
			"fail_process_sq": 4,
			"fail_process_320": 4,
			"audio_id": 26381155,
			"320filesize": 9848163,
			"rp_publish": 1,
			"duration": 246,
			"topic_url_sq": "",
			"album_id": "2104847",
			"isfirst": 0,
			"320privilege": 10,
			"fail_process": 4,
			"320hash": "F96B9EFEE7B69B1B825B75F7E6A546E2",
			"sqhash": "50D580D130C60C6288EAC8BD2981F1D2",
			"remark": "他狠过你",
			"pay_type_sq": 3,
			"extname": "mp3",
			"sqprivilege": 10,
			"topic_url_320": "",
			"has_accompany": 1
		}, {
			"pay_type_320": 0,
			"m4afilesize": 0,
			"price_sq": 0,
			"first": 0,
			"filesize": 5089080,
			"bitrate": 128,
			"price": 0,
			"inlist": 1,
			"old_cpy": 1,
			"pkg_price_sq": 0,
			"pay_type": 0,
			"topic_url": "",
			"rp_type": "audio",
			"pkg_price": 0,
			"feetype": 0,
			"filename": "Supper Moment - 说再见了吧",
			"price_320": 0,
			"sqfilesize": 0,
			"hash": "41A1053FDD786ACA47FA8926D9D462C0",
			"mvhash": "3BE7EDF62729F2A730D90E16BF3E327B",
			"privilege": 0,
			"addtime": "2017-04-07 16:48:15",
			"pkg_price_320": 0,
			"fail_process_sq": 0,
			"fail_process_320": 0,
			"audio_id": 26151085,
			"320filesize": 12711373,
			"rp_publish": 1,
			"duration": 317,
			"topic_url_sq": "",
			"album_id": "1990608",
			"isfirst": 0,
			"320privilege": 0,
			"fail_process": 0,
			"320hash": "0228A0E93071673334A24B4DD95BA1CD",
			"sqhash": "",
			"remark": "说再见了吧",
			"pay_type_sq": 0,
			"extname": "mp3",
			"sqprivilege": 0,
			"topic_url_320": "",
			"has_accompany": 1
		}, {
			"pay_type_320": 0,
			"m4afilesize": 0,
			"price_sq": 0,
			"first": 0,
			"filesize": 4731044,
			"bitrate": 128,
			"price": 0,
			"inlist": 1,
			"old_cpy": 1,
			"pkg_price_sq": 0,
			"pay_type": 0,
			"topic_url": "",
			"rp_type": "audio",
			"pkg_price": 0,
			"feetype": 0,
			"filename": "吴业坤、JW - 原来只因深爱着",
			"price_320": 0,
			"sqfilesize": 0,
			"hash": "F453CC9FBD6CD79EEFDD46F6C1FC4627",
			"mvhash": "81BF1A79EC3003F44CEE0217814FE33E",
			"privilege": 0,
			"addtime": "2017-05-18 17:44:10",
			"pkg_price_320": 0,
			"fail_process_sq": 0,
			"fail_process_320": 0,
			"audio_id": 26728498,
			"320filesize": 11816843,
			"rp_publish": 1,
			"duration": 295,
			"topic_url_sq": "",
			"album_id": "2654007",
			"isfirst": 0,
			"320privilege": 0,
			"fail_process": 0,
			"320hash": "1EB19C4EE3149C49314B7CD37EE6211D",
			"sqhash": "",
			"remark": "原来只因深爱着",
			"pay_type_sq": 0,
			"extname": "mp3",
			"sqprivilege": 0,
			"topic_url_320": "",
			"has_accompany": 1
		}, {
			"pay_type_320": 0,
			"m4afilesize": 0,
			"price_sq": 0,
			"first": 0,
			"filesize": 3400719,
			"bitrate": 128,
			"price": 0,
			"inlist": 1,
			"old_cpy": 1,
			"pkg_price_sq": 0,
			"pay_type": 0,
			"topic_url": "",
			"rp_type": "audio",
			"pkg_price": 0,
			"feetype": 0,
			"filename": "小肥 - 当你走了以后",
			"price_320": 0,
			"sqfilesize": 0,
			"hash": "8616B2A092AEC2C21E953B0734959730",
			"mvhash": "3F2B02BEFBCB72CF1CC8722D1E03D137",
			"privilege": 0,
			"addtime": "2017-05-22 17:48:04",
			"pkg_price_320": 0,
			"fail_process_sq": 0,
			"fail_process_320": 0,
			"audio_id": 26617562,
			"320filesize": 8501493,
			"rp_publish": 1,
			"duration": 212,
			"topic_url_sq": "",
			"album_id": "2226577",
			"isfirst": 0,
			"320privilege": 0,
			"fail_process": 0,
			"320hash": "902B9FD332EFA0E7C37C0C7CC314525E",
			"sqhash": "",
			"remark": "当你走了以后",
			"pay_type_sq": 0,
			"extname": "mp3",
			"sqprivilege": 0,
			"topic_url_320": "",
			"has_accompany": 1
		}, {
			"pay_type_320": 3,
			"m4afilesize": 0,
			"price_sq": 200,
			"first": 0,
			"filesize": 3576270,
			"bitrate": 128,
			"price": 200,
			"inlist": 1,
			"old_cpy": 1,
			"pkg_price_sq": 1,
			"pay_type": 3,
			"topic_url": "",
			"rp_type": "audio",
			"pkg_price": 1,
			"feetype": 0,
			"filename": "钟舒漫 - 小碎步",
			"price_320": 200,
			"sqfilesize": 28197446,
			"hash": "901D97FF2BAF966002F79B70BB55C9E2",
			"mvhash": "6469CFA7FE5BA3F752CC95C86E65F881",
			"privilege": 8,
			"addtime": "2017-05-25 10:44:35",
			"pkg_price_320": 1,
			"fail_process_sq": 4,
			"fail_process_320": 4,
			"audio_id": 26784545,
			"320filesize": 8940359,
			"rp_publish": 1,
			"duration": 223,
			"topic_url_sq": "",
			"album_id": "2664421",
			"isfirst": 0,
			"320privilege": 10,
			"fail_process": 4,
			"320hash": "83BEE689A32166A54C60566399743866",
			"sqhash": "B2AFACD8B02BF7336E3F44E6CBEA3F0A",
			"remark": "小碎步",
			"pay_type_sq": 3,
			"extname": "mp3",
			"sqprivilege": 10,
			"topic_url_320": "",
			"has_accompany": 0
		}, {
			"pay_type_320": 3,
			"m4afilesize": 0,
			"price_sq": 0,
			"first": 0,
			"filesize": 3701644,
			"bitrate": 128,
			"price": 200,
			"inlist": 1,
			"old_cpy": 1,
			"pkg_price_sq": 0,
			"pay_type": 3,
			"topic_url": "",
			"rp_type": "audio",
			"pkg_price": 1,
			"feetype": 0,
			"filename": "陈柏宇 - 行尸走肉",
			"price_320": 200,
			"sqfilesize": 0,
			"hash": "297512010BD6885AC4C86C55BD0CB915",
			"mvhash": "",
			"privilege": 8,
			"addtime": "2017-05-22 17:44:37",
			"pkg_price_320": 1,
			"fail_process_sq": 0,
			"fail_process_320": 4,
			"audio_id": 26758152,
			"320filesize": 9253791,
			"rp_publish": 1,
			"duration": 231,
			"topic_url_sq": "",
			"album_id": "2657469",
			"isfirst": 0,
			"320privilege": 10,
			"fail_process": 4,
			"320hash": "EF2909D6B5990CA2849C9BB2E470B2C8",
			"sqhash": "",
			"remark": "行尸走肉",
			"pay_type_sq": 0,
			"extname": "mp3",
			"sqprivilege": 0,
			"topic_url_320": "",
			"has_accompany": 1
		}, {
			"pay_type_320": 0,
			"m4afilesize": 0,
			"price_sq": 0,
			"first": 0,
			"filesize": 4299991,
			"bitrate": 128,
			"price": 0,
			"inlist": 1,
			"old_cpy": 1,
			"pkg_price_sq": 0,
			"pay_type": 0,
			"topic_url": "",
			"rp_type": "audio",
			"pkg_price": 0,
			"feetype": 0,
			"filename": "麦浚龙 - 禽兽",
			"price_320": 0,
			"sqfilesize": 0,
			"hash": "6DBC6D53DF3D423E91E45F5C826B8D6A",
			"mvhash": "8716EF19E4E5F258A27059BCB9FFE5F3",
			"privilege": 0,
			"addtime": "2017-04-27 14:27:05",
			"pkg_price_320": 0,
			"fail_process_sq": 0,
			"fail_process_320": 0,
			"audio_id": 26446878,
			"320filesize": 10750100,
			"rp_publish": 1,
			"duration": 268,
			"topic_url_sq": "",
			"album_id": "2137848",
			"isfirst": 0,
			"320privilege": 0,
			"fail_process": 0,
			"320hash": "959BA7D34730665FF103B669EF26AA62",
			"sqhash": "",
			"remark": "禽兽",
			"pay_type_sq": 0,
			"extname": "mp3",
			"sqprivilege": 0,
			"topic_url_320": "",
			"has_accompany": 0
		}, {
			"pay_type_320": 3,
			"m4afilesize": 0,
			"price_sq": 200,
			"first": 0,
			"filesize": 5105096,
			"bitrate": 128,
			"price": 200,
			"inlist": 1,
			"old_cpy": 1,
			"pkg_price_sq": 1,
			"pay_type": 3,
			"topic_url": "",
			"rp_type": "audio",
			"pkg_price": 1,
			"feetype": 0,
			"filename": "谭咏麟、许冠杰 - 阿Sam与阿Tam (Happy Together Version)",
			"price_320": 200,
			"sqfilesize": 40427579,
			"hash": "2F214F3256BD6CC1099740676B869EC1",
			"mvhash": "535B91083120BC2FF6BEE992F18487E3",
			"privilege": 8,
			"addtime": "2017-05-22 17:56:34",
			"pkg_price_320": 1,
			"fail_process_sq": 4,
			"fail_process_320": 4,
			"audio_id": 26735710,
			"320filesize": 12762791,
			"rp_publish": 1,
			"duration": 319,
			"topic_url_sq": "",
			"album_id": "2654665",
			"isfirst": 0,
			"320privilege": 10,
			"fail_process": 4,
			"320hash": "828302D29E8F0FCCECF9541FEC3ACA72",
			"sqhash": "AA2DCB200BBB0F2301591982EB5C9629",
			"remark": "阿Sam与阿Tam (Happy Together Version)",
			"pay_type_sq": 3,
			"extname": "mp3",
			"sqprivilege": 10,
			"topic_url_320": "",
			"has_accompany": 0
		}, {
			"pay_type_320": 3,
			"m4afilesize": 0,
			"price_sq": 0,
			"first": 0,
			"filesize": 3473018,
			"bitrate": 128,
			"price": 200,
			"inlist": 1,
			"old_cpy": 1,
			"pkg_price_sq": 0,
			"pay_type": 3,
			"topic_url": "",
			"rp_type": "audio",
			"pkg_price": 1,
			"feetype": 0,
			"filename": "侧田 - 不经不觉",
			"price_320": 200,
			"sqfilesize": 0,
			"hash": "47D1D9CEAF003779C9E8F8D27D8E461D",
			"mvhash": "A0858818C72408B34B76028931FA0037",
			"privilege": 8,
			"addtime": "2017-05-22 17:47:12",
			"pkg_price_320": 1,
			"fail_process_sq": 0,
			"fail_process_320": 4,
			"audio_id": 26617625,
			"320filesize": 8682253,
			"rp_publish": 1,
			"duration": 217,
			"topic_url_sq": "",
			"album_id": "2226639",
			"isfirst": 0,
			"320privilege": 10,
			"fail_process": 4,
			"320hash": "E045FF925BBB60B2480FA63C95A5B8B8",
			"sqhash": "",
			"remark": "不经不觉",
			"pay_type_sq": 0,
			"extname": "mp3",
			"sqprivilege": 0,
			"topic_url_320": "",
			"has_accompany": 1
		}, {
			"pay_type_320": 0,
			"m4afilesize": 0,
			"price_sq": 0,
			"first": 0,
			"filesize": 3476446,
			"bitrate": 128,
			"price": 0,
			"inlist": 1,
			"old_cpy": 1,
			"pkg_price_sq": 0,
			"pay_type": 0,
			"topic_url": "",
			"rp_type": "audio",
			"pkg_price": 0,
			"feetype": 0,
			"filename": "王嘉仪 - 愁滋味",
			"price_320": 0,
			"sqfilesize": 19223482,
			"hash": "BA1A48D34268B539F4972E10CC3D52D6",
			"mvhash": "16AC39C706009DF8C9528537585C8E76",
			"privilege": 0,
			"addtime": "2017-05-03 14:38:24",
			"pkg_price_320": 0,
			"fail_process_sq": 0,
			"fail_process_320": 0,
			"audio_id": 24105862,
			"320filesize": 8692716,
			"rp_publish": 1,
			"duration": 217,
			"topic_url_sq": "",
			"album_id": "1823931",
			"isfirst": 0,
			"320privilege": 0,
			"fail_process": 0,
			"320hash": "94510A239E541C2ECAAC5337E8407127",
			"sqhash": "DA30C8C0AF536F599CCA99917EA12049",
			"remark": "Sophrology",
			"pay_type_sq": 0,
			"extname": "mp3",
			"sqprivilege": 0,
			"topic_url_320": "",
			"has_accompany": 0
		}, {
			"pay_type_320": 0,
			"m4afilesize": 0,
			"price_sq": 0,
			"first": 0,
			"filesize": 4129662,
			"bitrate": 128,
			"price": 0,
			"inlist": 1,
			"old_cpy": 1,
			"pkg_price_sq": 0,
			"pay_type": 0,
			"topic_url": "",
			"rp_type": "audio",
			"pkg_price": 0,
			"feetype": 0,
			"filename": "孙耀威 - It's My Day",
			"price_320": 0,
			"sqfilesize": 0,
			"hash": "23AC6FCC7DEC9E680A76C992EE8E774B",
			"mvhash": "5951DA2A6C6E2D8CEF87C5989E5C931A",
			"privilege": 0,
			"addtime": "2017-05-10 10:39:48",
			"pkg_price_320": 0,
			"fail_process_sq": 0,
			"fail_process_320": 0,
			"audio_id": 26532868,
			"320filesize": 10325725,
			"rp_publish": 1,
			"duration": 258,
			"topic_url_sq": "",
			"album_id": "2176396",
			"isfirst": 0,
			"320privilege": 0,
			"fail_process": 0,
			"320hash": "B640E12A174D8D3B03E8091289009DDE",
			"sqhash": "",
			"remark": "It's My Day",
			"pay_type_sq": 0,
			"extname": "mp3",
			"sqprivilege": 0,
			"topic_url_320": "",
			"has_accompany": 1
		}, {
			"pay_type_320": 0,
			"m4afilesize": 0,
			"price_sq": 0,
			"first": 0,
			"filesize": 3256803,
			"bitrate": 130,
			"price": 0,
			"inlist": 1,
			"old_cpy": 1,
			"pkg_price_sq": 0,
			"pay_type": 0,
			"topic_url": "",
			"rp_type": "audio",
			"pkg_price": 0,
			"feetype": 0,
			"filename": "Super Girls - 从今以后",
			"price_320": 0,
			"sqfilesize": 0,
			"hash": "D225F2254E854216E0F5E478F635D4CC",
			"mvhash": "A8AD2FFEABCBF1B3DC72947065BB053E",
			"privilege": 0,
			"addtime": "2017-05-02 14:14:41",
			"pkg_price_320": 0,
			"fail_process_sq": 0,
			"fail_process_320": 0,
			"audio_id": 25651815,
			"320filesize": 8004132,
			"rp_publish": 1,
			"duration": 200,
			"topic_url_sq": "",
			"album_id": "1981967",
			"isfirst": 0,
			"320privilege": 0,
			"fail_process": 0,
			"320hash": "B0FFBE600BE37DCDAD9326842CE91B1A",
			"sqhash": "",
			"remark": "从今以后",
			"pay_type_sq": 0,
			"extname": "mp3",
			"sqprivilege": 0,
			"topic_url_320": "",
			"has_accompany": 1
		}, {
			"pay_type_320": 3,
			"m4afilesize": 0,
			"price_sq": 0,
			"first": 0,
			"filesize": 3974983,
			"bitrate": 128,
			"price": 200,
			"inlist": 1,
			"old_cpy": 1,
			"pkg_price_sq": 0,
			"pay_type": 3,
			"topic_url": "",
			"rp_type": "audio",
			"pkg_price": 1,
			"feetype": 0,
			"filename": "卫兰 - 一格格",
			"price_320": 200,
			"sqfilesize": 0,
			"hash": "31DB7BAB50261B787A16621C5ADFAE86",
			"mvhash": "302B5B49BD3A6A49EF270428D0C1F4DE",
			"privilege": 8,
			"addtime": "2017-05-15 14:32:48",
			"pkg_price_320": 1,
			"fail_process_sq": 0,
			"fail_process_320": 4,
			"audio_id": 26528974,
			"320filesize": 10106380,
			"rp_publish": 1,
			"duration": 248,
			"topic_url_sq": "",
			"album_id": "2170762",
			"isfirst": 0,
			"320privilege": 10,
			"fail_process": 4,
			"320hash": "B4544277EDB72BA9535B5E694BCE9D25",
			"sqhash": "",
			"remark": "一格格",
			"pay_type_sq": 0,
			"extname": "mp3",
			"sqprivilege": 0,
			"topic_url_320": "",
			"has_accompany": 1
		}, {
			"pay_type_320": 0,
			"m4afilesize": 0,
			"price_sq": 0,
			"first": 0,
			"filesize": 4657480,
			"bitrate": 128,
			"price": 0,
			"inlist": 1,
			"old_cpy": 1,
			"pkg_price_sq": 0,
			"pay_type": 0,
			"topic_url": "",
			"rp_type": "audio",
			"pkg_price": 0,
			"feetype": 0,
			"filename": "RubberBand、Yellow! - 一生青春",
			"price_320": 0,
			"sqfilesize": 0,
			"hash": "178706085772DB47A459EBFFFC49C4FA",
			"mvhash": "7FC6DBBD9DBE6CADD3855BCBFB862A38",
			"privilege": 0,
			"addtime": "2017-05-15 14:37:43",
			"pkg_price_320": 0,
			"fail_process_sq": 0,
			"fail_process_320": 0,
			"audio_id": 26531418,
			"320filesize": 11633061,
			"rp_publish": 1,
			"duration": 290,
			"topic_url_sq": "",
			"album_id": "2171329",
			"isfirst": 0,
			"320privilege": 0,
			"fail_process": 0,
			"320hash": "655A59CE2D7592D575B12ED7596EA8D9",
			"sqhash": "",
			"remark": "一生青春",
			"pay_type_sq": 0,
			"extname": "mp3",
			"sqprivilege": 0,
			"topic_url_320": "",
			"has_accompany": 1
		}, {
			"pay_type_320": 3,
			"m4afilesize": 0,
			"price_sq": 200,
			"first": 0,
			"filesize": 3386921,
			"bitrate": 128,
			"price": 200,
			"inlist": 1,
			"old_cpy": 1,
			"pkg_price_sq": 1,
			"pay_type": 3,
			"topic_url": "",
			"rp_type": "audio",
			"pkg_price": 1,
			"feetype": 0,
			"filename": "谭嘉仪 - 陪着你走【不懂撒娇的女人插曲】",
			"price_320": 200,
			"sqfilesize": 18100058,
			"hash": "91934E4E028832E5640C0BEFEEBF9F02",
			"mvhash": "D32CA7860442A9B3C8AC727487B52BF8",
			"privilege": 8,
			"addtime": "2017-05-15 14:35:43",
			"pkg_price_320": 1,
			"fail_process_sq": 4,
			"fail_process_320": 4,
			"audio_id": 26615935,
			"320filesize": 8466935,
			"rp_publish": 1,
			"duration": 212,
			"topic_url_sq": "",
			"album_id": "2225907",
			"isfirst": 0,
			"320privilege": 10,
			"fail_process": 4,
			"320hash": "06A0C51BD1200B08CE9535CBCF4D72D5",
			"sqhash": "F7E0E5504FC3CC052882BA873A782CD8",
			"remark": "《不懂撒娇的女人》电视剧插曲",
			"pay_type_sq": 3,
			"extname": "mp3",
			"sqprivilege": 10,
			"topic_url_320": "",
			"has_accompany": 1
		}, {
			"pay_type_320": 3,
			"m4afilesize": 0,
			"price_sq": 200,
			"first": 0,
			"filesize": 3320883,
			"bitrate": 128,
			"price": 200,
			"inlist": 1,
			"old_cpy": 1,
			"pkg_price_sq": 1,
			"pay_type": 3,
			"topic_url": "",
			"rp_type": "audio",
			"pkg_price": 1,
			"feetype": 0,
			"filename": "菊梓乔 - 手中沙【不懂撒娇的女人片尾曲】",
			"price_320": 200,
			"sqfilesize": 18367986,
			"hash": "07DDDE2CE6EB16DB4A772ED6BB69B743",
			"mvhash": "76D1C32DCBD1662A1ED96C136670A8D5",
			"privilege": 8,
			"addtime": "2017-05-02 14:09:06",
			"pkg_price_320": 1,
			"fail_process_sq": 4,
			"fail_process_320": 4,
			"audio_id": 26518432,
			"320filesize": 8301817,
			"rp_publish": 1,
			"duration": 208,
			"topic_url_sq": "",
			"album_id": "2170259",
			"isfirst": 0,
			"320privilege": 10,
			"fail_process": 4,
			"320hash": "503983D74CB3AF477C928ACDDB79320E",
			"sqhash": "558F4EB7BAFB83612B95ADECE5905E11",
			"remark": "《不懂撒娇的女人》电视剧片尾曲",
			"pay_type_sq": 3,
			"extname": "mp3",
			"sqprivilege": 10,
			"topic_url_320": "",
			"has_accompany": 1
		}, {
			"pay_type_320": 0,
			"m4afilesize": 0,
			"price_sq": 0,
			"first": 0,
			"filesize": 4213021,
			"bitrate": 128,
			"price": 0,
			"inlist": 1,
			"old_cpy": 1,
			"pkg_price_sq": 0,
			"pay_type": 0,
			"topic_url": "",
			"rp_type": "audio",
			"pkg_price": 0,
			"feetype": 0,
			"filename": "江若琳 - 小灯塔",
			"price_320": 0,
			"sqfilesize": 0,
			"hash": "57FC9456472F015BEF405FC94269C153",
			"mvhash": "551A63DEEAA2A825F27391E46BC1B058",
			"privilege": 0,
			"addtime": "2017-05-02 14:12:09",
			"pkg_price_320": 0,
			"fail_process_sq": 0,
			"fail_process_320": 0,
			"audio_id": 25894853,
			"320filesize": 0,
			"rp_publish": 1,
			"duration": 263,
			"topic_url_sq": "",
			"album_id": "1986858",
			"isfirst": 0,
			"320privilege": 0,
			"fail_process": 0,
			"320hash": "",
			"sqhash": "",
			"remark": "小灯塔",
			"pay_type_sq": 0,
			"extname": "mp3",
			"sqprivilege": 0,
			"topic_url_320": "",
			"has_accompany": 1
		}, {
			"pay_type_320": 3,
			"m4afilesize": 0,
			"price_sq": 200,
			"first": 0,
			"filesize": 2573158,
			"bitrate": 128,
			"price": 200,
			"inlist": 1,
			"old_cpy": 1,
			"pkg_price_sq": 1,
			"pay_type": 3,
			"topic_url": "",
			"rp_type": "audio",
			"pkg_price": 1,
			"feetype": 0,
			"filename": "何雁诗 - 我不会撒娇【不懂撒娇的女人主题曲】",
			"price_320": 200,
			"sqfilesize": 17698637,
			"hash": "E75C732E8FA61A85E3036F030AF0A78C",
			"mvhash": "FC2B0F1577F8B853D65FC26016E6D736",
			"privilege": 8,
			"addtime": "2017-05-02 14:08:37",
			"pkg_price_320": 1,
			"fail_process_sq": 4,
			"fail_process_320": 4,
			"audio_id": 26518334,
			"320filesize": 6432511,
			"rp_publish": 1,
			"duration": 161,
			"topic_url_sq": "",
			"album_id": "2170595",
			"isfirst": 0,
			"320privilege": 10,
			"fail_process": 4,
			"320hash": "C029C9877FB3775A6A43A6B33BB90332",
			"sqhash": "131580B403B68355EE064889E8CAF1B7",
			"remark": "《不懂撒娇的女人》电视剧主题曲",
			"pay_type_sq": 3,
			"extname": "mp3",
			"sqprivilege": 10,
			"topic_url_320": "",
			"has_accompany": 1
		}, {
			"pay_type_320": 3,
			"m4afilesize": 0,
			"price_sq": 200,
			"first": 0,
			"filesize": 2773076,
			"bitrate": 128,
			"price": 200,
			"inlist": 1,
			"old_cpy": 1,
			"pkg_price_sq": 1,
			"pay_type": 3,
			"topic_url": "",
			"rp_type": "audio",
			"pkg_price": 1,
			"feetype": 0,
			"filename": "蔡卓妍、周柏豪 - 请你爱我",
			"price_320": 200,
			"sqfilesize": 18389413,
			"hash": "8A3D7B56F85E9B5C503D2B1162FCD880",
			"mvhash": "441368B4CDC4DA3D65D519F27636C313",
			"privilege": 8,
			"addtime": "2017-04-26 18:02:10",
			"pkg_price_320": 1,
			"fail_process_sq": 4,
			"fail_process_320": 4,
			"audio_id": 26381340,
			"320filesize": 6938320,
			"rp_publish": 1,
			"duration": 173,
			"topic_url_sq": "",
			"album_id": "2104902",
			"isfirst": 0,
			"320privilege": 10,
			"fail_process": 4,
			"320hash": "38244EB3A71FB80A5A7DD5787BD7A9C0",
			"sqhash": "237F6D438769970CD8FEF64F778F44F2",
			"remark": "《原谅他77次》电影主题曲",
			"pay_type_sq": 3,
			"extname": "mp3",
			"sqprivilege": 10,
			"topic_url_320": "",
			"has_accompany": 1
		}, {
			"pay_type_320": 3,
			"m4afilesize": 0,
			"price_sq": 0,
			"first": 0,
			"filesize": 3681154,
			"bitrate": 128,
			"price": 200,
			"inlist": 1,
			"old_cpy": 1,
			"pkg_price_sq": 0,
			"pay_type": 3,
			"topic_url": "",
			"rp_type": "audio",
			"pkg_price": 1,
			"feetype": 0,
			"filename": "卫诗 - 刺青",
			"price_320": 200,
			"sqfilesize": 0,
			"hash": "08E80EA4CADD2291631C46EE4E047F31",
			"mvhash": "58F9DA4DC3727C89B0C3496C310EDC4E",
			"privilege": 8,
			"addtime": "2017-04-11 10:59:02",
			"pkg_price_320": 1,
			"fail_process_sq": 0,
			"fail_process_320": 4,
			"audio_id": 26234057,
			"320filesize": 9201478,
			"rp_publish": 1,
			"duration": 230,
			"topic_url_sq": "",
			"album_id": "1992123",
			"isfirst": 0,
			"320privilege": 10,
			"fail_process": 4,
			"320hash": "75FED74F0350D13D40AF229BBE469AD6",
			"sqhash": "",
			"remark": "刺青",
			"pay_type_sq": 0,
			"extname": "mp3",
			"sqprivilege": 0,
			"topic_url_320": "",
			"has_accompany": 1
		}, {
			"pay_type_320": 0,
			"m4afilesize": 0,
			"price_sq": 0,
			"first": 0,
			"filesize": 3613671,
			"bitrate": 128,
			"price": 0,
			"inlist": 1,
			"old_cpy": 1,
			"pkg_price_sq": 0,
			"pay_type": 0,
			"topic_url": "",
			"rp_type": "audio",
			"pkg_price": 0,
			"feetype": 0,
			"filename": "小肥 - 差一点",
			"price_320": 0,
			"sqfilesize": 0,
			"hash": "926B1E4E7752109BC76E65C433CEDE3F",
			"mvhash": "6629F758A79CD6A81036D23E1228D22E",
			"privilege": 0,
			"addtime": "2017-04-07 16:48:28",
			"pkg_price_320": 0,
			"fail_process_sq": 0,
			"fail_process_320": 0,
			"audio_id": 26151202,
			"320filesize": 0,
			"rp_publish": 1,
			"duration": 225,
			"topic_url_sq": "",
			"album_id": "1990578",
			"isfirst": 0,
			"320privilege": 0,
			"fail_process": 0,
			"320hash": "",
			"sqhash": "",
			"remark": "差一点",
			"pay_type_sq": 0,
			"extname": "mp3",
			"sqprivilege": 0,
			"topic_url_320": "",
			"has_accompany": 1
		}],
		"total": 100
	},
	"errcode": 0
}
