{
	"status": 1,
	"error": "",
	"data": {
		"timestamp": 1497514310,
		"info": [{
			"pay_type_320": 0,
			"m4afilesize": 0,
			"price_sq": 0,
			"first": 0,
			"filesize": 4171525,
			"bitrate": 127,
			"price": 0,
			"inlist": 1,
			"old_cpy": 1,
			"pkg_price_sq": 0,
			"pay_type": 0,
			"topic_url": "",
			"rp_type": "audio",
			"pkg_price": 0,
			"feetype": 0,
			"filename": "周柏豪 - 上下线",
			"price_320": 0,
			"sqfilesize": 29738252,
			"hash": "C2FC75A221D963626B4A1A4140D40187",
			"mvhash": "",
			"privilege": 0,
			"addtime": "2017-06-15 09:55:10",
			"pkg_price_320": 0,
			"fail_process_sq": 0,
			"fail_process_320": 0,
			"audio_id": 26712331,
			"320filesize": 10427036,
			"rp_publish": 1,
			"duration": 260,
			"topic_url_sq": "",
			"album_id": "2702992",
			"isfirst": 0,
			"320privilege": 0,
			"fail_process": 0,
			"320hash": "D48739A33E24244D8F0FE491B01CF60A",
			"sqhash": "80543599138E63DD6346F660E6559DDE",
			"remark": "ONE STEP CLOSER 微电影音乐专辑",
			"pay_type_sq": 0,
			"extname": "mp3",
			"sqprivilege": 0,
			"topic_url_320": "",
			"has_accompany": 0
		}, {
			"pay_type_320": 0,
			"m4afilesize": 0,
			"price_sq": 0,
			"first": 0,
			"filesize": 3811149,
			"bitrate": 128,
			"price": 0,
			"inlist": 1,
			"old_cpy": 1,
			"pkg_price_sq": 0,
			"pay_type": 0,
			"topic_url": "",
			"rp_type": "audio",
			"pkg_price": 0,
			"feetype": 0,
			"filename": "汪苏泷 - 未来告白【寻人大师主题曲】",
			"price_320": 0,
			"sqfilesize": 23350086,
			"hash": "C42C318DCD24764ACC8580FDE0F312D0",
			"mvhash": "",
			"privilege": 0,
			"addtime": "2017-06-15 09:55:29",
			"pkg_price_320": 0,
			"fail_process_sq": 0,
			"fail_process_320": 0,
			"audio_id": 26950266,
			"320filesize": 9527040,
			"rp_publish": 1,
			"duration": 238,
			"topic_url_sq": "",
			"album_id": "2704612",
			"isfirst": 0,
			"320privilege": 0,
			"fail_process": 0,
			"320hash": "8A26635EA8A76796F0938EBB5D1C293B",
			"sqhash": "D5CAE9964B76B1E9C34B8B8BF39EFAE5",
			"remark": "《寻人大师》电视剧主题曲",
			"pay_type_sq": 0,
			"extname": "mp3",
			"sqprivilege": 0,
			"topic_url_320": "",
			"has_accompany": 0
		}, {
			"pay_type_320": 0,
			"m4afilesize": 0,
			"price_sq": 0,
			"first": 0,
			"filesize": 4061487,
			"bitrate": 128,
			"price": 0,
			"inlist": 1,
			"old_cpy": 1,
			"pkg_price_sq": 0,
			"pay_type": 0,
			"topic_url": "",
			"rp_type": "audio",
			"pkg_price": 0,
			"feetype": 0,
			"filename": "林采欣 - 云中书【上古情歌插曲】",
			"price_320": 0,
			"sqfilesize": 26875740,
			"hash": "7C08288207993C935F52AED8BFBB3E9F",
			"mvhash": "",
			"privilege": 0,
			"addtime": "2017-06-15 09:55:36",
			"pkg_price_320": 0,
			"fail_process_sq": 0,
			"fail_process_320": 0,
			"audio_id": 26903092,
			"320filesize": 10153272,
			"rp_publish": 1,
			"duration": 253,
			"topic_url_sq": "",
			"album_id": "2699302",
			"isfirst": 0,
			"320privilege": 0,
			"fail_process": 0,
			"320hash": "5FBED9BC1C7D74B33578D0B31B7B295A",
			"sqhash": "26FD70F06E4AA904587CF3D8A039CBC5",
			"remark": "《上古情歌》电视剧插曲",
			"pay_type_sq": 0,
			"extname": "mp3",
			"sqprivilege": 0,
			"topic_url_320": "",
			"has_accompany": 0
		}, {
			"pay_type_320": 0,
			"m4afilesize": 0,
			"price_sq": 0,
			"first": 0,
			"filesize": 4140590,
			"bitrate": 128,
			"price": 0,
			"inlist": 1,
			"old_cpy": 1,
			"pkg_price_sq": 0,
			"pay_type": 0,
			"topic_url": "",
			"rp_type": "audio",
			"pkg_price": 0,
			"feetype": 0,
			"filename": "乌兰托娅 - 草原爱情海",
			"price_320": 0,
			"sqfilesize": 29699716,
			"hash": "0D344B09E118384410FBC879656FFE2A",
			"mvhash": "",
			"privilege": 0,
			"addtime": "2017-06-15 09:55:42",
			"pkg_price_320": 0,
			"fail_process_sq": 0,
			"fail_process_320": 0,
			"audio_id": 26946582,
			"320filesize": 10352849,
			"rp_publish": 1,
			"duration": 259,
			"topic_url_sq": "",
			"album_id": "2703016",
			"isfirst": 0,
			"320privilege": 0,
			"fail_process": 0,
			"320hash": "7412FF52BB19E9FBF591208E5EF84DF3",
			"sqhash": "0A05532D2FC5ACD553CEF6FDCD4CC3FC",
			"remark": "草原爱情海",
			"pay_type_sq": 0,
			"extname": "mp3",
			"sqprivilege": 0,
			"topic_url_320": "",
			"has_accompany": 1
		}, {
			"pay_type_320": 0,
			"m4afilesize": 0,
			"price_sq": 0,
			"first": 0,
			"filesize": 3956187,
			"bitrate": 127,
			"price": 0,
			"inlist": 1,
			"old_cpy": 1,
			"pkg_price_sq": 0,
			"pay_type": 0,
			"topic_url": "",
			"rp_type": "audio",
			"pkg_price": 0,
			"feetype": 0,
			"filename": "张涵予、黎明 - 大宝【抢红推广曲】",
			"price_320": 0,
			"sqfilesize": 28303020,
			"hash": "B95F1B5B6BDBB537925F1E835C81CD54",
			"mvhash": "9B7AC3F2032AC42E83E935A54B0B607A",
			"privilege": 0,
			"addtime": "2017-06-15 09:55:48",
			"pkg_price_320": 0,
			"fail_process_sq": 0,
			"fail_process_320": 0,
			"audio_id": 26419270,
			"320filesize": 9891840,
			"rp_publish": 1,
			"duration": 247,
			"topic_url_sq": "",
			"album_id": "2131669",
			"isfirst": 0,
			"320privilege": 0,
			"fail_process": 0,
			"320hash": "B08B2C864113D4EC417FB418687A7B08",
			"sqhash": "3DE1E0F48E83DD948F4C7ECF08616FC6",
			"remark": "《抢红》电影推广曲",
			"pay_type_sq": 0,
			"extname": "mp3",
			"sqprivilege": 0,
			"topic_url_320": "",
			"has_accompany": 1
		}, {
			"pay_type_320": 0,
			"m4afilesize": 0,
			"price_sq": 0,
			"first": 0,
			"filesize": 3963145,
			"bitrate": 127,
			"price": 0,
			"inlist": 1,
			"old_cpy": 1,
			"pkg_price_sq": 0,
			"pay_type": 0,
			"topic_url": "",
			"rp_type": "audio",
			"pkg_price": 0,
			"feetype": 0,
			"filename": "郁可唯 - 小小天涯【上古情歌插曲】",
			"price_320": 0,
			"sqfilesize": 24011903,
			"hash": "8480A5F1A085B5D40F665D72BD788284",
			"mvhash": "FF24237C233F7BD05BC5FBEA2197E8EC",
			"privilege": 0,
			"addtime": "2017-06-15 09:55:52",
			"pkg_price_320": 0,
			"fail_process_sq": 0,
			"fail_process_320": 0,
			"audio_id": 26917545,
			"320filesize": 9909120,
			"rp_publish": 1,
			"duration": 247,
			"topic_url_sq": "",
			"album_id": "2700433",
			"isfirst": 0,
			"320privilege": 0,
			"fail_process": 0,
			"320hash": "9B36920335BA14B9281325F7FB1E62E3",
			"sqhash": "3AA7AA79A9719BC5AADAB5E3A0FAB779",
			"remark": "《上古情歌》电视剧剧情版插曲",
			"pay_type_sq": 0,
			"extname": "mp3",
			"sqprivilege": 0,
			"topic_url_320": "",
			"has_accompany": 0
		}, {
			"pay_type_320": 0,
			"m4afilesize": 0,
			"price_sq": 0,
			"first": 0,
			"filesize": 5465979,
			"bitrate": 127,
			"price": 0,
			"inlist": 1,
			"old_cpy": 1,
			"pkg_price_sq": 0,
			"pay_type": 0,
			"topic_url": "",
			"rp_type": "audio",
			"pkg_price": 0,
			"feetype": 0,
			"filename": "周深 - 浓情淡如你【绣春刀•修罗战场宣传曲】",
			"price_320": 0,
			"sqfilesize": 36020650,
			"hash": "C2A9EB01507B719DA93203B9262321AE",
			"mvhash": "",
			"privilege": 0,
			"addtime": "2017-06-15 09:56:00",
			"pkg_price_320": 0,
			"fail_process_sq": 0,
			"fail_process_320": 0,
			"audio_id": 26941268,
			"320filesize": 13666220,
			"rp_publish": 1,
			"duration": 341,
			"topic_url_sq": "",
			"album_id": "2702280",
			"isfirst": 0,
			"320privilege": 0,
			"fail_process": 0,
			"320hash": "BA4E0DC45EB0A8E9FCB1918B5B589089",
			"sqhash": "E1EB1C90B9FC3D801FA84896ED26669E",
			"remark": "《绣春刀·修罗战场》电影宣传主题曲",
			"pay_type_sq": 0,
			"extname": "mp3",
			"sqprivilege": 0,
			"topic_url_320": "",
			"has_accompany": 1
		}, {
			"pay_type_320": 0,
			"m4afilesize": 0,
			"price_sq": 0,
			"first": 0,
			"filesize": 4543323,
			"bitrate": 127,
			"price": 0,
			"inlist": 1,
			"old_cpy": 1,
			"pkg_price_sq": 0,
			"pay_type": 0,
			"topic_url": "",
			"rp_type": "audio",
			"pkg_price": 0,
			"feetype": 0,
			"filename": "胡夏 - 夏至未至【夏至未至主题曲】",
			"price_320": 0,
			"sqfilesize": 27755539,
			"hash": "6680C3E9A999D4496E27E8D88BED0E9B",
			"mvhash": "CD53E799D97914C7C923F9B370D412CF",
			"privilege": 0,
			"addtime": "2017-06-15 09:56:20",
			"pkg_price_320": 0,
			"fail_process_sq": 0,
			"fail_process_320": 0,
			"audio_id": 26917452,
			"320filesize": 11359680,
			"rp_publish": 1,
			"duration": 283,
			"topic_url_sq": "",
			"album_id": "2700410",
			"isfirst": 0,
			"320privilege": 0,
			"fail_process": 0,
			"320hash": "4882937F4DBF7CF5A2523ADC9C3A0F7A",
			"sqhash": "BB0922375A5C2C095E2BCCB9F03604BD",
			"remark": "《夏至未至》电视剧同名主题曲",
			"pay_type_sq": 0,
			"extname": "mp3",
			"sqprivilege": 0,
			"topic_url_320": "",
			"has_accompany": 1
		}, {
			"pay_type_320": 0,
			"m4afilesize": 0,
			"price_sq": 0,
			"first": 0,
			"filesize": 3987747,
			"bitrate": 128,
			"price": 0,
			"inlist": 1,
			"old_cpy": 1,
			"pkg_price_sq": 0,
			"pay_type": 0,
			"topic_url": "",
			"rp_type": "audio",
			"pkg_price": 0,
			"feetype": 0,
			"filename": "侯明昊 - 脸谱【寒武纪捡糖夫妇主题曲】",
			"price_320": 0,
			"sqfilesize": 26448713,
			"hash": "8BF4014B47EF6B984B2C6A0C1038A658",
			"mvhash": "9479D394B52EB5F0FB8B54B214E9604E",
			"privilege": 0,
			"addtime": "2017-06-15 09:56:27",
			"pkg_price_320": 0,
			"fail_process_sq": 0,
			"fail_process_320": 0,
			"audio_id": 26951969,
			"320filesize": 9963099,
			"rp_publish": 1,
			"duration": 249,
			"topic_url_sq": "",
			"album_id": "2704597",
			"isfirst": 0,
			"320privilege": 0,
			"fail_process": 0,
			"320hash": "6AB6786F1A3D45E0F060CA888B9BC663",
			"sqhash": "534DE9D50BF57CD3D2F8D8763ADE11C1",
			"remark": "《寒武纪》网络剧捡糖夫妇主题曲",
			"pay_type_sq": 0,
			"extname": "mp3",
			"sqprivilege": 0,
			"topic_url_320": "",
			"has_accompany": 1
		}, {
			"pay_type_320": 0,
			"m4afilesize": 0,
			"price_sq": 0,
			"first": 0,
			"filesize": 4075746,
			"bitrate": 128,
			"price": 0,
			"inlist": 1,
			"old_cpy": 1,
			"pkg_price_sq": 0,
			"pay_type": 0,
			"topic_url": "",
			"rp_type": "audio",
			"pkg_price": 0,
			"feetype": 0,
			"filename": "李琦 - 冬日熊【逆袭之星途璀璨插曲】",
			"price_320": 0,
			"sqfilesize": 27016794,
			"hash": "0325C287DCC28BD2982555589C6F7DCD",
			"mvhash": "3A8240F8319F0ED7EA0BE56913EDFFAB",
			"privilege": 0,
			"addtime": "2017-06-15 09:56:34",
			"pkg_price_320": 0,
			"fail_process_sq": 0,
			"fail_process_320": 0,
			"audio_id": 26920929,
			"320filesize": 10133760,
			"rp_publish": 1,
			"duration": 254,
			"topic_url_sq": "",
			"album_id": "2702507",
			"isfirst": 0,
			"320privilege": 0,
			"fail_process": 0,
			"320hash": "B8A2A55AE3C398438A1066CE0CCFC666",
			"sqhash": "AEA267F4224708996D6C099736DAEA8D",
			"remark": "《逆袭之星途璀璨》电视剧插曲",
			"pay_type_sq": 0,
			"extname": "mp3",
			"sqprivilege": 0,
			"topic_url_320": "",
			"has_accompany": 1
		}, {
			"pay_type_320": 0,
			"m4afilesize": 0,
			"price_sq": 0,
			"first": 0,
			"filesize": 3399966,
			"bitrate": 128,
			"price": 0,
			"inlist": 1,
			"old_cpy": 1,
			"pkg_price_sq": 0,
			"pay_type": 0,
			"topic_url": "",
			"rp_type": "audio",
			"pkg_price": 0,
			"feetype": 0,
			"filename": "杨小曼 - 他弟弟打的洞",
			"price_320": 0,
			"sqfilesize": 27327207,
			"hash": "EF0DDFC3194BD6912128812CB10C7E2C",
			"mvhash": "7465DF351FD8DE451CA9E71C0BD10909",
			"privilege": 0,
			"addtime": "2017-06-15 09:56:42",
			"pkg_price_320": 0,
			"fail_process_sq": 0,
			"fail_process_320": 0,
			"audio_id": 26917602,
			"320filesize": 8501289,
			"rp_publish": 1,
			"duration": 212,
			"topic_url_sq": "",
			"album_id": "2700440",
			"isfirst": 0,
			"320privilege": 0,
			"fail_process": 0,
			"320hash": "51B4CD4A795323724BA5233F024A5509",
			"sqhash": "D410BC1B54E9E7B3F6608C203DC22EC9",
			"remark": "他弟弟打的洞",
			"pay_type_sq": 0,
			"extname": "mp3",
			"sqprivilege": 0,
			"topic_url_320": "",
			"has_accompany": 1
		}, {
			"pay_type_320": 0,
			"m4afilesize": 0,
			"price_sq": 0,
			"first": 0,
			"filesize": 3317528,
			"bitrate": 128,
			"price": 0,
			"inlist": 1,
			"old_cpy": 1,
			"pkg_price_sq": 0,
			"pay_type": 0,
			"topic_url": "",
			"rp_type": "audio",
			"pkg_price": 0,
			"feetype": 0,
			"filename": "张杰、X Ambassadors - Torches【变形金刚5中国区片尾曲】",
			"price_320": 0,
			"sqfilesize": 25414940,
			"hash": "7C8375B48A623A203EF13F8AB662A954",
			"mvhash": "27DA12904D116D55B4E0A6C763D4A42A",
			"privilege": 0,
			"addtime": "2017-06-15 09:56:47",
			"pkg_price_320": 0,
			"fail_process_sq": 0,
			"fail_process_320": 0,
			"audio_id": 26917603,
			"320filesize": 8293354,
			"rp_publish": 1,
			"duration": 207,
			"topic_url_sq": "",
			"album_id": "2700442",
			"isfirst": 0,
			"320privilege": 0,
			"fail_process": 0,
			"320hash": "C636209F2F03EA6DF6F57AFAB82230FA",
			"sqhash": "B1E4177E7BCC6F24895E8F7BC75AAEC9",
			"remark": "《变形金刚5：最后的骑士》电影中国区片尾曲",
			"pay_type_sq": 0,
			"extname": "mp3",
			"sqprivilege": 0,
			"topic_url_320": "",
			"has_accompany": 1
		}, {
			"pay_type_320": 0,
			"m4afilesize": 0,
			"price_sq": 0,
			"first": 0,
			"filesize": 3534597,
			"bitrate": 127,
			"price": 0,
			"inlist": 1,
			"old_cpy": 1,
			"pkg_price_sq": 0,
			"pay_type": 0,
			"topic_url": "",
			"rp_type": "audio",
			"pkg_price": 0,
			"feetype": 0,
			"filename": "马旭东 - 最美的烟火",
			"price_320": 0,
			"sqfilesize": 26300607,
			"hash": "01384E20D1358A4C8A1413741F747FBA",
			"mvhash": "958E32918FCEB2C3876614354F3B00A3",
			"privilege": 0,
			"addtime": "2017-06-15 09:56:53",
			"pkg_price_320": 0,
			"fail_process_sq": 0,
			"fail_process_320": 0,
			"audio_id": 26902854,
			"320filesize": 8837747,
			"rp_publish": 1,
			"duration": 220,
			"topic_url_sq": "",
			"album_id": "2699246",
			"isfirst": 0,
			"320privilege": 0,
			"fail_process": 0,
			"320hash": "D6EB2EB2C94EAEC364B16F1810C6C34C",
			"sqhash": "DC03899D471510F301DB403BC4F77F40",
			"remark": "最美的烟火",
			"pay_type_sq": 0,
			"extname": "mp3",
			"sqprivilege": 0,
			"topic_url_320": "",
			"has_accompany": 1
		}, {
			"pay_type_320": 0,
			"m4afilesize": 0,
			"price_sq": 0,
			"first": 0,
			"filesize": 4541039,
			"bitrate": 127,
			"price": 0,
			"inlist": 1,
			"old_cpy": 1,
			"pkg_price_sq": 0,
			"pay_type": 0,
			"topic_url": "",
			"rp_type": "audio",
			"pkg_price": 0,
			"feetype": 0,
			"filename": "白举纲 - 走了【缉枪主题曲】",
			"price_320": 0,
			"sqfilesize": 27869125,
			"hash": "9403FC00B809C321E9F0382E5D8E5A8C",
			"mvhash": "7D135F152ED9D88C6C8D0FCE0ED54C30",
			"privilege": 0,
			"addtime": "2017-06-15 09:56:59",
			"pkg_price_320": 0,
			"fail_process_sq": 0,
			"fail_process_320": 0,
			"audio_id": 26917405,
			"320filesize": 11353861,
			"rp_publish": 1,
			"duration": 283,
			"topic_url_sq": "",
			"album_id": "2700386",
			"isfirst": 0,
			"320privilege": 0,
			"fail_process": 0,
			"320hash": "51AE4D970094BCC810EE81C68C05B554",
			"sqhash": "F75ED42C9897C1C483E0D67D246A2535",
			"remark": "《缉枪》电影主题曲",
			"pay_type_sq": 0,
			"extname": "mp3",
			"sqprivilege": 0,
			"topic_url_320": "",
			"has_accompany": 0
		}, {
			"pay_type_320": 0,
			"m4afilesize": 0,
			"price_sq": 0,
			"first": 0,
			"filesize": 4177304,
			"bitrate": 128,
			"price": 0,
			"inlist": 1,
			"old_cpy": 1,
			"pkg_price_sq": 0,
			"pay_type": 0,
			"topic_url": "",
			"rp_type": "audio",
			"pkg_price": 0,
			"feetype": 0,
			"filename": "刘欢 - 幸福消失了多久【八方传奇片尾曲】",
			"price_320": 0,
			"sqfilesize": 0,
			"hash": "79A36CCD9A6EB91E5BE4882BF4AB1645",
			"mvhash": "C54BC92D8563DDB7A9FFAAACA2C6B9D7",
			"privilege": 0,
			"addtime": "2017-06-15 09:57:04",
			"pkg_price_320": 0,
			"fail_process_sq": 0,
			"fail_process_320": 0,
			"audio_id": 26905194,
			"320filesize": 10442930,
			"rp_publish": 1,
			"duration": 261,
			"topic_url_sq": "",
			"album_id": "2699691",
			"isfirst": 0,
			"320privilege": 0,
			"fail_process": 0,
			"320hash": "F18373E29F1848443FFC8E072D3448C9",
			"sqhash": "",
			"remark": "《八方传奇》电视剧片尾曲",
			"pay_type_sq": 0,
			"extname": "mp3",
			"sqprivilege": 0,
			"topic_url_320": "",
			"has_accompany": 1
		}, {
			"pay_type_320": 0,
			"m4afilesize": 0,
			"price_sq": 0,
			"first": 0,
			"filesize": 2963548,
			"bitrate": 128,
			"price": 0,
			"inlist": 1,
			"old_cpy": 1,
			"pkg_price_sq": 0,
			"pay_type": 0,
			"topic_url": "",
			"rp_type": "audio",
			"pkg_price": 0,
			"feetype": 0,
			"filename": "宇宙少女 - SUGAR",
			"price_320": 0,
			"sqfilesize": 24544115,
			"hash": "8BF1A00AF104953ACEC5F08110058148",
			"mvhash": "",
			"privilege": 0,
			"addtime": "2017-06-15 09:57:16",
			"pkg_price_320": 0,
			"fail_process_sq": 0,
			"fail_process_320": 0,
			"audio_id": 26914306,
			"320filesize": 7408435,
			"rp_publish": 1,
			"duration": 185,
			"topic_url_sq": "",
			"album_id": "2700021",
			"isfirst": 0,
			"320privilege": 0,
			"fail_process": 0,
			"320hash": "46382F6EA6DC98E6131E30A312BCD3A6",
			"sqhash": "DCB90278759407078B9D4D9D4EC871FF",
			"remark": "HAPPY MOMENT",
			"pay_type_sq": 0,
			"extname": "mp3",
			"sqprivilege": 0,
			"topic_url_320": "",
			"has_accompany": 1
		}, {
			"pay_type_320": 0,
			"m4afilesize": 0,
			"price_sq": 0,
			"first": 0,
			"filesize": 3265289,
			"bitrate": 128,
			"price": 0,
			"inlist": 1,
			"old_cpy": 1,
			"pkg_price_sq": 0,
			"pay_type": 0,
			"topic_url": "",
			"rp_type": "audio",
			"pkg_price": 0,
			"feetype": 0,
			"filename": "黄勇 - 天在上【八方传奇片头曲】",
			"price_320": 0,
			"sqfilesize": 25416905,
			"hash": "E2CB1B3644A34C9BFBEDDB88D34E1BCD",
			"mvhash": "7A093F237F6A39820B840DE51E6579B5",
			"privilege": 0,
			"addtime": "2017-06-15 09:57:22",
			"pkg_price_320": 0,
			"fail_process_sq": 0,
			"fail_process_320": 0,
			"audio_id": 26710579,
			"320filesize": 8158563,
			"rp_publish": 1,
			"duration": 204,
			"topic_url_sq": "",
			"album_id": "2537457",
			"isfirst": 0,
			"320privilege": 0,
			"fail_process": 0,
			"320hash": "A92890E774AC8C4904B574EDAAC7C9E2",
			"sqhash": "99D0EB5DCE6B1316BE1C03D011CEE881",
			"remark": "《八方传奇》电视剧片头曲",
			"pay_type_sq": 0,
			"extname": "mp3",
			"sqprivilege": 0,
			"topic_url_320": "",
			"has_accompany": 1
		}, {
			"pay_type_320": 0,
			"m4afilesize": 0,
			"price_sq": 0,
			"first": 0,
			"filesize": 2284682,
			"bitrate": 128,
			"price": 0,
			"inlist": 1,
			"old_cpy": 1,
			"pkg_price_sq": 0,
			"pay_type": 0,
			"topic_url": "",
			"rp_type": "audio",
			"pkg_price": 0,
			"feetype": 0,
			"filename": "乌兰图雅 - 采蘑菇的小姑娘",
			"price_320": 0,
			"sqfilesize": 16376108,
			"hash": "336C5928B7446E57DD74B622D12439CD",
			"mvhash": "626D0CBBD954058A2CE458C3A0E29951",
			"privilege": 0,
			"addtime": "2017-06-15 09:57:34",
			"pkg_price_320": 0,
			"fail_process_sq": 0,
			"fail_process_320": 0,
			"audio_id": 26912294,
			"320filesize": 5712960,
			"rp_publish": 1,
			"duration": 142,
			"topic_url_sq": "",
			"album_id": "2699817",
			"isfirst": 0,
			"320privilege": 0,
			"fail_process": 0,
			"320hash": "4C6E989D752B370BCCEF23EB594CFF06",
			"sqhash": "3969D11492E5F3FCAE2E7744E4E57EE3",
			"remark": "采蘑菇的小姑娘",
			"pay_type_sq": 0,
			"extname": "mp3",
			"sqprivilege": 0,
			"topic_url_320": "",
			"has_accompany": 1
		}, {
			"pay_type_320": 0,
			"m4afilesize": 0,
			"price_sq": 0,
			"first": 0,
			"filesize": 4993402,
			"bitrate": 128,
			"price": 0,
			"inlist": 1,
			"old_cpy": 1,
			"pkg_price_sq": 0,
			"pay_type": 0,
			"topic_url": "",
			"rp_type": "audio",
			"pkg_price": 0,
			"feetype": 0,
			"filename": "邓川 - 男孩",
			"price_320": 0,
			"sqfilesize": 0,
			"hash": "A371B1FF07BD4C3D50D5686E0A1A29F9",
			"mvhash": "",
			"privilege": 0,
			"addtime": "2017-06-15 09:57:40",
			"pkg_price_320": 0,
			"fail_process_sq": 0,
			"fail_process_320": 0,
			"audio_id": 26318367,
			"320filesize": 12470580,
			"rp_publish": 1,
			"duration": 312,
			"topic_url_sq": "",
			"album_id": "0",
			"isfirst": 0,
			"320privilege": 0,
			"fail_process": 0,
			"320hash": "7736DC790C65A28F581D1F1DADC1CA55",
			"sqhash": "",
			"remark": "",
			"pay_type_sq": 0,
			"extname": "mp3",
			"sqprivilege": 0,
			"topic_url_320": "",
			"has_accompany": 0
		}, {
			"pay_type_320": 0,
			"m4afilesize": 0,
			"price_sq": 0,
			"first": 0,
			"filesize": 3461870,
			"bitrate": 128,
			"price": 0,
			"inlist": 1,
			"old_cpy": 1,
			"pkg_price_sq": 0,
			"pay_type": 0,
			"topic_url": "",
			"rp_type": "audio",
			"pkg_price": 0,
			"feetype": 0,
			"filename": "汪苏泷 - 那个男孩【夏至未至插曲】",
			"price_320": 0,
			"sqfilesize": 22181206,
			"hash": "809D2A6F6B15A7506AE579ACE2B64D47",
			"mvhash": "D1DADB5FAEF984BC2E749FC7442661E5",
			"privilege": 0,
			"addtime": "2017-06-15 09:57:59",
			"pkg_price_320": 0,
			"fail_process_sq": 0,
			"fail_process_320": 0,
			"audio_id": 26896424,
			"320filesize": 8655934,
			"rp_publish": 1,
			"duration": 216,
			"topic_url_sq": "",
			"album_id": "2698179",
			"isfirst": 0,
			"320privilege": 0,
			"fail_process": 0,
			"320hash": "7279B837AD0AB7AB4A3B2A25A77ED8BA",
			"sqhash": "2D4D90E3F06A50482A37175DD56F812C",
			"remark": "《夏至未至》电视剧插曲",
			"pay_type_sq": 0,
			"extname": "mp3",
			"sqprivilege": 0,
			"topic_url_320": "",
			"has_accompany": 1
		}, {
			"pay_type_320": 0,
			"m4afilesize": 0,
			"price_sq": 0,
			"first": 0,
			"filesize": 4178108,
			"bitrate": 128,
			"price": 0,
			"inlist": 1,
			"old_cpy": 1,
			"pkg_price_sq": 0,
			"pay_type": 0,
			"topic_url": "",
			"rp_type": "audio",
			"pkg_price": 0,
			"feetype": 0,
			"filename": "任然 - 看穿",
			"price_320": 0,
			"sqfilesize": 0,
			"hash": "E3F5144F7B27F45831626F6B9D475D65",
			"mvhash": "",
			"privilege": 0,
			"addtime": "2017-06-15 09:58:07",
			"pkg_price_320": 0,
			"fail_process_sq": 0,
			"fail_process_320": 0,
			"audio_id": 26866920,
			"320filesize": 0,
			"rp_publish": 1,
			"duration": 261,
			"topic_url_sq": "",
			"album_id": "2698090",
			"isfirst": 0,
			"320privilege": 0,
			"fail_process": 0,
			"320hash": "",
			"sqhash": "",
			"remark": "看穿",
			"pay_type_sq": 0,
			"extname": "mp3",
			"sqprivilege": 0,
			"topic_url_320": "",
			"has_accompany": 1
		}, {
			"pay_type_320": 0,
			"m4afilesize": 0,
			"price_sq": 0,
			"first": 0,
			"filesize": 4334854,
			"bitrate": 128,
			"price": 0,
			"inlist": 1,
			"old_cpy": 1,
			"pkg_price_sq": 0,
			"pay_type": 0,
			"topic_url": "",
			"rp_type": "audio",
			"pkg_price": 0,
			"feetype": 0,
			"filename": "大壮 - 我们不一样",
			"price_320": 0,
			"sqfilesize": 0,
			"hash": "1035269C05791F1665E36DFFE478326C",
			"mvhash": "",
			"privilege": 0,
			"addtime": "2017-06-15 09:58:15",
			"pkg_price_320": 0,
			"fail_process_sq": 0,
			"fail_process_320": 0,
			"audio_id": 26902195,
			"320filesize": 0,
			"rp_publish": 1,
			"duration": 271,
			"topic_url_sq": "",
			"album_id": "2699062",
			"isfirst": 0,
			"320privilege": 0,
			"fail_process": 0,
			"320hash": "",
			"sqhash": "",
			"remark": "我们不一样",
			"pay_type_sq": 0,
			"extname": "mp3",
			"sqprivilege": 0,
			"topic_url_320": "",
			"has_accompany": 1
		}, {
			"pay_type_320": 0,
			"m4afilesize": 0,
			"price_sq": 0,
			"first": 0,
			"filesize": 4089645,
			"bitrate": 127,
			"price": 0,
			"inlist": 1,
			"old_cpy": 1,
			"pkg_price_sq": 0,
			"pay_type": 0,
			"topic_url": "",
			"rp_type": "audio",
			"pkg_price": 0,
			"feetype": 0,
			"filename": "夏婉安 - 领悟",
			"price_320": 0,
			"sqfilesize": 27663375,
			"hash": "DAA67D5DAC2C783BF5D3AE5B8DD12CBD",
			"mvhash": "",
			"privilege": 0,
			"addtime": "2017-06-15 09:58:29",
			"pkg_price_320": 0,
			"fail_process_sq": 0,
			"fail_process_320": 0,
			"audio_id": 26902186,
			"320filesize": 10225371,
			"rp_publish": 1,
			"duration": 255,
			"topic_url_sq": "",
			"album_id": "2699048",
			"isfirst": 0,
			"320privilege": 0,
			"fail_process": 0,
			"320hash": "9358903ED270187EEE104BB4142AEEA1",
			"sqhash": "B188ECCBC3DE363B735EAF5FA1A7C487",
			"remark": "领悟",
			"pay_type_sq": 0,
			"extname": "mp3",
			"sqprivilege": 0,
			"topic_url_320": "",
			"has_accompany": 1
		}, {
			"pay_type_320": 0,
			"m4afilesize": 0,
			"price_sq": 0,
			"first": 0,
			"filesize": 3758751,
			"bitrate": 128,
			"price": 0,
			"inlist": 1,
			"old_cpy": 1,
			"pkg_price_sq": 0,
			"pay_type": 0,
			"topic_url": "",
			"rp_type": "audio",
			"pkg_price": 0,
			"feetype": 0,
			"filename": "谭维维 - 失眠书",
			"price_320": 0,
			"sqfilesize": 27891718,
			"hash": "3966B0D4CEE9B2CDE37FFF6AABB7E0DB",
			"mvhash": "",
			"privilege": 0,
			"addtime": "2017-06-15 09:58:34",
			"pkg_price_320": 0,
			"fail_process_sq": 0,
			"fail_process_320": 0,
			"audio_id": 26697420,
			"320filesize": 9396811,
			"rp_publish": 1,
			"duration": 234,
			"topic_url_sq": "",
			"album_id": "2177263",
			"isfirst": 0,
			"320privilege": 0,
			"fail_process": 0,
			"320hash": "BAE27F2731F5CDB1D947DE5F67D4DD19",
			"sqhash": "D87533D2835B5557690A86DC7FB1A644",
			"remark": "春生",
			"pay_type_sq": 0,
			"extname": "mp3",
			"sqprivilege": 0,
			"topic_url_320": "",
			"has_accompany": 1
		}, {
			"pay_type_320": 0,
			"m4afilesize": 0,
			"price_sq": 0,
			"first": 0,
			"filesize": 4026506,
			"bitrate": 128,
			"price": 0,
			"inlist": 1,
			"old_cpy": 1,
			"pkg_price_sq": 0,
			"pay_type": 0,
			"topic_url": "",
			"rp_type": "audio",
			"pkg_price": 0,
			"feetype": 0,
			"filename": "简弘亦 - 半世真一世伤【龙珠传奇插曲】",
			"price_320": 0,
			"sqfilesize": 24923678,
			"hash": "CD99F2BFE18450AE57682EE0E0D98846",
			"mvhash": "A2D82227C6535C1BE0514855C3DC812A",
			"privilege": 0,
			"addtime": "2017-06-15 09:58:42",
			"pkg_price_320": 0,
			"fail_process_sq": 0,
			"fail_process_320": 0,
			"audio_id": 26894199,
			"320filesize": 10067520,
			"rp_publish": 1,
			"duration": 251,
			"topic_url_sq": "",
			"album_id": "2179570",
			"isfirst": 0,
			"320privilege": 0,
			"fail_process": 0,
			"320hash": "6CF1CE5D63D430947EDC8100D6C61599",
			"sqhash": "CE138522186B24138D056699E76A8044",
			"remark": "《龙珠传奇》电视剧插曲",
			"pay_type_sq": 0,
			"extname": "mp3",
			"sqprivilege": 0,
			"topic_url_320": "",
			"has_accompany": 1
		}, {
			"pay_type_320": 0,
			"m4afilesize": 0,
			"price_sq": 0,
			"first": 0,
			"filesize": 4105992,
			"bitrate": 128,
			"price": 0,
			"inlist": 1,
			"old_cpy": 1,
			"pkg_price_sq": 0,
			"pay_type": 0,
			"topic_url": "",
			"rp_type": "audio",
			"pkg_price": 0,
			"feetype": 0,
			"filename": "徐佳莹 - 最初的记忆【夏至未至片尾曲】",
			"price_320": 0,
			"sqfilesize": 21711949,
			"hash": "B1428FC42159746166103E0FA098D739",
			"mvhash": "934209A9841853898FDBDA6ED62EF63D",
			"privilege": 0,
			"addtime": "2017-06-15 09:58:49",
			"pkg_price_320": 0,
			"fail_process_sq": 0,
			"fail_process_320": 0,
			"audio_id": 26766130,
			"320filesize": 10266240,
			"rp_publish": 1,
			"duration": 256,
			"topic_url_sq": "",
			"album_id": "2659775",
			"isfirst": 0,
			"320privilege": 0,
			"fail_process": 0,
			"320hash": "8B2D50DD6A4C944058B4124C5EE42500",
			"sqhash": "F669F3DFAA2BB14F7DC429645074BF00",
			"remark": "《夏至未至》电视剧片尾曲",
			"pay_type_sq": 0,
			"extname": "mp3",
			"sqprivilege": 0,
			"topic_url_320": "",
			"has_accompany": 1
		}, {
			"pay_type_320": 0,
			"m4afilesize": 0,
			"price_sq": 0,
			"first": 0,
			"filesize": 4279400,
			"bitrate": 128,
			"price": 0,
			"inlist": 1,
			"old_cpy": 1,
			"pkg_price_sq": 0,
			"pay_type": 0,
			"topic_url": "",
			"rp_type": "audio",
			"pkg_price": 0,
			"feetype": 0,
			"filename": "山野(李昊瀚) - 贼拉拉的爱你",
			"price_320": 0,
			"sqfilesize": 30707267,
			"hash": "2B11DF9D4D4450ED42CE9C2EA5974141",
			"mvhash": "",
			"privilege": 0,
			"addtime": "2017-06-15 09:58:55",
			"pkg_price_320": 0,
			"fail_process_sq": 0,
			"fail_process_320": 0,
			"audio_id": 26896003,
			"320filesize": 10699755,
			"rp_publish": 1,
			"duration": 267,
			"topic_url_sq": "",
			"album_id": "2698131",
			"isfirst": 0,
			"320privilege": 0,
			"fail_process": 0,
			"320hash": "C0BC09CA49353F05D211DD19624E62C6",
			"sqhash": "769A884CD649052E54B70A9F9A44B6FB",
			"remark": "贼拉拉爱你",
			"pay_type_sq": 0,
			"extname": "mp3",
			"sqprivilege": 0,
			"topic_url_320": "",
			"has_accompany": 1
		}, {
			"pay_type_320": 0,
			"m4afilesize": 0,
			"price_sq": 0,
			"first": 0,
			"filesize": 3951102,
			"bitrate": 128,
			"price": 0,
			"inlist": 1,
			"old_cpy": 1,
			"pkg_price_sq": 0,
			"pay_type": 0,
			"topic_url": "",
			"rp_type": "audio",
			"pkg_price": 0,
			"feetype": 0,
			"filename": "陈一发儿 - 阿婆说",
			"price_320": 0,
			"sqfilesize": 24446855,
			"hash": "8A2C58C14F3F85E2CC93DF8C758C56A3",
			"mvhash": "B8572220163F588029A0F420AC45A563",
			"privilege": 0,
			"addtime": "2017-06-15 09:59:04",
			"pkg_price_320": 0,
			"fail_process_sq": 0,
			"fail_process_320": 0,
			"audio_id": 26745669,
			"320filesize": 10019373,
			"rp_publish": 1,
			"duration": 247,
			"topic_url_sq": "",
			"album_id": "2657748",
			"isfirst": 0,
			"320privilege": 0,
			"fail_process": 0,
			"320hash": "C5BD4FDE4C9EADABF7664F03E5452486",
			"sqhash": "1026B0A590CBEA1846027533CE2E0C14",
			"remark": "阿婆说",
			"pay_type_sq": 0,
			"extname": "mp3",
			"sqprivilege": 0,
			"topic_url_320": "",
			"has_accompany": 1
		}, {
			"pay_type_320": 0,
			"m4afilesize": 0,
			"price_sq": 0,
			"first": 0,
			"filesize": 4439259,
			"bitrate": 127,
			"price": 0,
			"inlist": 1,
			"old_cpy": 1,
			"pkg_price_sq": 0,
			"pay_type": 0,
			"topic_url": "",
			"rp_type": "audio",
			"pkg_price": 0,
			"feetype": 0,
			"filename": "毛泽少 - 雪倾城【龙珠传奇插曲】",
			"price_320": 0,
			"sqfilesize": 25637917,
			"hash": "BD80FE8C888DAA8B12BC179ABA6788DA",
			"mvhash": "",
			"privilege": 0,
			"addtime": "2017-06-15 09:59:14",
			"pkg_price_320": 0,
			"fail_process_sq": 0,
			"fail_process_320": 0,
			"audio_id": 26894200,
			"320filesize": 11099520,
			"rp_publish": 1,
			"duration": 277,
			"topic_url_sq": "",
			"album_id": "2179570",
			"isfirst": 0,
			"320privilege": 0,
			"fail_process": 0,
			"320hash": "A341B1EDC64275E23637EBB225828326",
			"sqhash": "2FCFC78506A836316572372E194CD58B",
			"remark": "《龙珠传奇》电视剧插曲",
			"pay_type_sq": 0,
			"extname": "mp3",
			"sqprivilege": 0,
			"topic_url_320": "",
			"has_accompany": 1
		}, {
			"pay_type_320": 0,
			"m4afilesize": 0,
			"price_sq": 0,
			"first": 0,
			"filesize": 2506718,
			"bitrate": 128,
			"price": 0,
			"inlist": 1,
			"old_cpy": 1,
			"pkg_price_sq": 0,
			"pay_type": 0,
			"topic_url": "",
			"rp_type": "audio",
			"pkg_price": 0,
			"feetype": 0,
			"filename": "妲己 - 咖喱咖喱",
			"price_320": 0,
			"sqfilesize": 0,
			"hash": "485B498A1D0CF4D8ACC98378EE32FABA",
			"mvhash": "",
			"privilege": 0,
			"addtime": "2017-06-15 09:59:33",
			"pkg_price_320": 0,
			"fail_process_sq": 0,
			"fail_process_320": 0,
			"audio_id": 26848221,
			"320filesize": 6268800,
			"rp_publish": 1,
			"duration": 157,
			"topic_url_sq": "",
			"album_id": "1965578",
			"isfirst": 0,
			"320privilege": 0,
			"fail_process": 0,
			"320hash": "95F23184F5ACCBED4419A8FD41DDA89D",
			"sqhash": "",
			"remark": "《欢乐颂2》电视剧插曲",
			"pay_type_sq": 0,
			"extname": "mp3",
			"sqprivilege": 0,
			"topic_url_320": "",
			"has_accompany": 1
		}],
		"total": 100
	},
	"errcode": 0
}
