{
	"status": 1,
	"error": "",
	"data": {
		"timestamp": 1497514179,
		"info": [{
			"pay_type_320": 0,
			"m4afilesize": 0,
			"price_sq": 0,
			"first": 0,
			"filesize": 2004113,
			"bitrate": 128,
			"price": 0,
			"inlist": 1,
			"old_cpy": 1,
			"pkg_price_sq": 0,
			"pay_type": 0,
			"topic_url": "",
			"rp_type": "audio",
			"pkg_price": 0,
			"feetype": 0,
			"filename": "金南玲 - 逆流成河",
			"price_320": 0,
			"sqfilesize": 11934905,
			"hash": "3C8D3AD5B55D7F9E6CF410E618AAE11D",
			"mvhash": "6C1B3F33C11E3EE07F628714A1229600",
			"privilege": 0,
			"addtime": "2017-06-12 14:30:02",
			"pkg_price_320": 0,
			"fail_process_sq": 0,
			"fail_process_320": 0,
			"audio_id": 2486088,
			"320filesize": 5055827,
			"rp_publish": 1,
			"duration": 125,
			"topic_url_sq": "",
			"album_id": "1590298",
			"isfirst": 0,
			"320privilege": 0,
			"fail_process": 0,
			"320hash": "50CB9E7B2C6E35B3D8253541B9E9D1D9",
			"sqhash": "75D8819CB839CB0478EFE88743172113",
			"remark": "《我在锡林郭勒等你》电视剧插曲",
			"pay_type_sq": 0,
			"extname": "mp3",
			"sqprivilege": 0,
			"topic_url_320": "",
			"has_accompany": 1
		}, {
			"pay_type_320": 0,
			"m4afilesize": 0,
			"price_sq": 0,
			"first": 0,
			"filesize": 5008091,
			"bitrate": 128,
			"price": 0,
			"inlist": 1,
			"old_cpy": 1,
			"pkg_price_sq": 0,
			"pay_type": 0,
			"topic_url": "",
			"rp_type": "audio",
			"pkg_price": 0,
			"feetype": 0,
			"filename": "神马乐团 - 爱河",
			"price_320": 0,
			"sqfilesize": 36583062,
			"hash": "34D1305F65AAF68981E14D3EE0001DC4",
			"mvhash": "C421AB118BA518F9A5D8944B58302A65",
			"privilege": 0,
			"addtime": "2017-06-12 14:30:02",
			"pkg_price_320": 0,
			"fail_process_sq": 0,
			"fail_process_320": 0,
			"audio_id": 3899666,
			"320filesize": 12519998,
			"rp_publish": 1,
			"duration": 312,
			"topic_url_sq": "",
			"album_id": "2627540",
			"isfirst": 0,
			"320privilege": 0,
			"fail_process": 0,
			"320hash": "662CAE36A1B4954FF83E0061589756AC",
			"sqhash": "D8EE84EF9E295D6186FEBA32A3901C1D",
			"remark": "爱河",
			"pay_type_sq": 0,
			"extname": "mp3",
			"sqprivilege": 0,
			"topic_url_320": "",
			"has_accompany": 1
		}, {
			"pay_type_320": 0,
			"m4afilesize": 0,
			"price_sq": 0,
			"first": 0,
			"filesize": 4124327,
			"bitrate": 127,
			"price": 0,
			"inlist": 1,
			"old_cpy": 1,
			"pkg_price_sq": 0,
			"pay_type": 0,
			"topic_url": "",
			"rp_type": "audio",
			"pkg_price": 0,
			"feetype": 0,
			"filename": "唐古 - 你是我哭着唱的歌",
			"price_320": 0,
			"sqfilesize": 32311777,
			"hash": "9CA14DF1A9D9AC7FC4A76E11939D343A",
			"mvhash": "",
			"privilege": 0,
			"addtime": "2017-06-15 09:40:08",
			"pkg_price_320": 0,
			"fail_process_sq": 0,
			"fail_process_320": 0,
			"audio_id": 26959705,
			"320filesize": 10312098,
			"rp_publish": 1,
			"duration": 257,
			"topic_url_sq": "",
			"album_id": "2706014",
			"isfirst": 0,
			"320privilege": 0,
			"fail_process": 0,
			"320hash": "1B2986D65146331320F32930EE13E017",
			"sqhash": "D1AF226062CE6E5A2133F9307BD54CF1",
			"remark": "你是我哭着唱的歌",
			"pay_type_sq": 0,
			"extname": "mp3",
			"sqprivilege": 0,
			"topic_url_320": "",
			"has_accompany": 1
		}, {
			"pay_type_320": 0,
			"m4afilesize": 0,
			"price_sq": 0,
			"first": 0,
			"filesize": 4414771,
			"bitrate": 127,
			"price": 0,
			"inlist": 1,
			"old_cpy": 1,
			"pkg_price_sq": 0,
			"pay_type": 0,
			"topic_url": "",
			"rp_type": "audio",
			"pkg_price": 0,
			"feetype": 0,
			"filename": "苏勒亚其其格 - 勒勒车上唱情歌",
			"price_320": 0,
			"sqfilesize": 32678593,
			"hash": "9B307CA0AEB73EF22BF217F8CED922A8",
			"mvhash": "4E553981D89681D7B4DBA4399D2D7706",
			"privilege": 0,
			"addtime": "2017-06-12 16:13:36",
			"pkg_price_320": 0,
			"fail_process_sq": 0,
			"fail_process_320": 0,
			"audio_id": 26917346,
			"320filesize": 11038302,
			"rp_publish": 1,
			"duration": 276,
			"topic_url_sq": "",
			"album_id": "2700375",
			"isfirst": 0,
			"320privilege": 0,
			"fail_process": 0,
			"320hash": "52A78DD9DC5641BA47AEFE07BDB622BE",
			"sqhash": "78F275AEBCF236D4348EA85FC9BA6EDD",
			"remark": "勒勒车上唱情歌",
			"pay_type_sq": 0,
			"extname": "mp3",
			"sqprivilege": 0,
			"topic_url_320": "",
			"has_accompany": 1
		}, {
			"pay_type_320": 3,
			"m4afilesize": 0,
			"price_sq": 200,
			"first": 0,
			"filesize": 4295073,
			"bitrate": 128,
			"price": 200,
			"inlist": 1,
			"old_cpy": 1,
			"pkg_price_sq": 1,
			"pay_type": 3,
			"topic_url": "",
			"rp_type": "audio",
			"pkg_price": 1,
			"feetype": 0,
			"filename": "庄心妍 - 走着走着就散了",
			"price_320": 200,
			"sqfilesize": 29298205,
			"hash": "EA3C81D87E3690BA5F5291F163A92F52",
			"mvhash": "0272E09511AEAC127C5A96FDEA21C222",
			"privilege": 8,
			"addtime": "2017-06-12 14:30:02",
			"pkg_price_320": 1,
			"fail_process_sq": 4,
			"fail_process_320": 4,
			"audio_id": 18680810,
			"320filesize": 10727104,
			"rp_publish": 1,
			"duration": 268,
			"topic_url_sq": "",
			"album_id": "554414",
			"isfirst": 0,
			"320privilege": 10,
			"fail_process": 4,
			"320hash": "DB6A83920E360EE7D6A40C9ED234784C",
			"sqhash": "15F93D407261E1CDD7B5354ABA95401A",
			"remark": "走着走着就散了",
			"pay_type_sq": 3,
			"extname": "mp3",
			"sqprivilege": 10,
			"topic_url_320": "",
			"has_accompany": 1
		}, {
			"pay_type_320": 0,
			"m4afilesize": 0,
			"price_sq": 0,
			"first": 0,
			"filesize": 4774967,
			"bitrate": 128,
			"price": 0,
			"inlist": 1,
			"old_cpy": 1,
			"pkg_price_sq": 0,
			"pay_type": 0,
			"topic_url": "",
			"rp_type": "audio",
			"pkg_price": 0,
			"feetype": 0,
			"filename": "庄心妍 - 以后的以后",
			"price_320": 0,
			"sqfilesize": 35810966,
			"hash": "8EE9148F4056C49D9E02C7AD654B1443",
			"mvhash": "6D1FE95D5EF605B2F16263562DC8D57F",
			"privilege": 0,
			"addtime": "2017-06-12 14:30:02",
			"pkg_price_320": 0,
			"fail_process_sq": 0,
			"fail_process_320": 0,
			"audio_id": 714926,
			"320filesize": 11933779,
			"rp_publish": 1,
			"duration": 298,
			"topic_url_sq": "",
			"album_id": "526403",
			"isfirst": 0,
			"320privilege": 0,
			"fail_process": 0,
			"320hash": "12FB5F5299694C267690C0DA92EF81C9",
			"sqhash": "6A72DD9396D927CA42A94792189A2B69",
			"remark": "以后的以后",
			"pay_type_sq": 0,
			"extname": "mp3",
			"sqprivilege": 0,
			"topic_url_320": "",
			"has_accompany": 1
		}, {
			"pay_type_320": 0,
			"m4afilesize": 0,
			"price_sq": 0,
			"first": 0,
			"filesize": 3740484,
			"bitrate": 128,
			"price": 0,
			"inlist": 1,
			"old_cpy": 1,
			"pkg_price_sq": 0,
			"pay_type": 0,
			"topic_url": "",
			"rp_type": "audio",
			"pkg_price": 0,
			"feetype": 0,
			"filename": "苏勒亚其其格 - 歌在飞",
			"price_320": 0,
			"sqfilesize": 0,
			"hash": "147323237684DD2930096F43DC1D69D5",
			"mvhash": "3711CBE33D9A522ED3F74C9A93FD49C8",
			"privilege": 0,
			"addtime": "2017-06-12 14:30:03",
			"pkg_price_320": 0,
			"fail_process_sq": 0,
			"fail_process_320": 0,
			"audio_id": 3028859,
			"320filesize": 9351147,
			"rp_publish": 1,
			"duration": 234,
			"topic_url_sq": "",
			"album_id": "0",
			"isfirst": 0,
			"320privilege": 0,
			"fail_process": 0,
			"320hash": "F41B9499E99F489B50F5201BE1DE6802",
			"sqhash": "",
			"remark": "",
			"pay_type_sq": 0,
			"extname": "mp3",
			"sqprivilege": 0,
			"topic_url_320": "",
			"has_accompany": 1
		}, {
			"pay_type_320": 3,
			"m4afilesize": 0,
			"price_sq": 200,
			"first": 0,
			"filesize": 3648782,
			"bitrate": 128,
			"price": 200,
			"inlist": 1,
			"old_cpy": 1,
			"pkg_price_sq": 1,
			"pay_type": 3,
			"topic_url": "",
			"rp_type": "audio",
			"pkg_price": 1,
			"feetype": 0,
			"filename": "齐晨 - 咱们结婚吧",
			"price_320": 200,
			"sqfilesize": 25972169,
			"hash": "A146C9368D819BF4C71C27D92E9EC458",
			"mvhash": "24562EF1C9335B1BAF84DD4DA7109BC0",
			"privilege": 8,
			"addtime": "2017-06-12 14:30:03",
			"pkg_price_320": 1,
			"fail_process_sq": 4,
			"fail_process_320": 4,
			"audio_id": 1522584,
			"320filesize": 9119869,
			"rp_publish": 1,
			"duration": 228,
			"topic_url_sq": "",
			"album_id": "965755",
			"isfirst": 0,
			"320privilege": 10,
			"fail_process": 4,
			"320hash": "C14C8D161B5C2F016FEE6AB0BE155574",
			"sqhash": "19467C8A3C87DA2ECEA89D10C865AD97",
			"remark": "咱们结婚吧",
			"pay_type_sq": 3,
			"extname": "mp3",
			"sqprivilege": 10,
			"topic_url_320": "",
			"has_accompany": 1
		}, {
			"pay_type_320": 0,
			"m4afilesize": 0,
			"price_sq": 0,
			"first": 0,
			"filesize": 4225361,
			"bitrate": 128,
			"price": 0,
			"inlist": 1,
			"old_cpy": 1,
			"pkg_price_sq": 0,
			"pay_type": 0,
			"topic_url": "",
			"rp_type": "audio",
			"pkg_price": 0,
			"feetype": 0,
			"filename": "陈咏 - 你是我最疼的牵挂",
			"price_320": 0,
			"sqfilesize": 0,
			"hash": "C8EBD06C802DAADA7D484005C9C0E89E",
			"mvhash": "",
			"privilege": 0,
			"addtime": "2017-06-15 09:53:19",
			"pkg_price_320": 0,
			"fail_process_sq": 0,
			"fail_process_320": 0,
			"audio_id": 26962699,
			"320filesize": 0,
			"rp_publish": 1,
			"duration": 264,
			"topic_url_sq": "",
			"album_id": "2706521",
			"isfirst": 0,
			"320privilege": 0,
			"fail_process": 0,
			"320hash": "",
			"sqhash": "",
			"remark": "你是我最疼的牵挂",
			"pay_type_sq": 0,
			"extname": "mp3",
			"sqprivilege": 0,
			"topic_url_320": "",
			"has_accompany": 1
		}, {
			"pay_type_320": 0,
			"m4afilesize": 0,
			"price_sq": 0,
			"first": 0,
			"filesize": 5147919,
			"bitrate": 127,
			"price": 0,
			"inlist": 1,
			"old_cpy": 1,
			"pkg_price_sq": 0,
			"pay_type": 0,
			"topic_url": "",
			"rp_type": "audio",
			"pkg_price": 0,
			"feetype": 0,
			"filename": "庄心妍、贺敬轩 - 再遇不到你这样的人",
			"price_320": 0,
			"sqfilesize": 35448764,
			"hash": "2CF6A7955F93CE5BF8473D4D1795630D",
			"mvhash": "",
			"privilege": 0,
			"addtime": "2017-06-15 09:40:31",
			"pkg_price_320": 0,
			"fail_process_sq": 0,
			"fail_process_320": 0,
			"audio_id": 26958388,
			"320filesize": 12871053,
			"rp_publish": 1,
			"duration": 322,
			"topic_url_sq": "",
			"album_id": "2705965",
			"isfirst": 0,
			"320privilege": 0,
			"fail_process": 0,
			"320hash": "89B085EE7E024037096E8C9164616FA8",
			"sqhash": "356D48B22DF48695818D2D29A1667BB0",
			"remark": "再遇不到你这样的人",
			"pay_type_sq": 0,
			"extname": "mp3",
			"sqprivilege": 0,
			"topic_url_320": "",
			"has_accompany": 1
		}, {
			"pay_type_320": 0,
			"m4afilesize": 0,
			"price_sq": 0,
			"first": 0,
			"filesize": 4143559,
			"bitrate": 127,
			"price": 0,
			"inlist": 1,
			"old_cpy": 1,
			"pkg_price_sq": 0,
			"pay_type": 0,
			"topic_url": "",
			"rp_type": "audio",
			"pkg_price": 0,
			"feetype": 0,
			"filename": "龙奔 - 真正的兄弟",
			"price_320": 0,
			"sqfilesize": 31690489,
			"hash": "2C34159068FBE6BB7646E0851CE05570",
			"mvhash": "",
			"privilege": 0,
			"addtime": "2017-06-14 09:49:14",
			"pkg_price_320": 0,
			"fail_process_sq": 0,
			"fail_process_320": 0,
			"audio_id": 26953441,
			"320filesize": 10360163,
			"rp_publish": 1,
			"duration": 259,
			"topic_url_sq": "",
			"album_id": "2704930",
			"isfirst": 0,
			"320privilege": 0,
			"fail_process": 0,
			"320hash": "611549A133051BEC496ADD0C0690D025",
			"sqhash": "34520561E78765FCDF7B42591E8591C5",
			"remark": "真正的兄弟",
			"pay_type_sq": 0,
			"extname": "mp3",
			"sqprivilege": 0,
			"topic_url_320": "",
			"has_accompany": 1
		}, {
			"pay_type_320": 0,
			"m4afilesize": 0,
			"price_sq": 0,
			"first": 0,
			"filesize": 3244530,
			"bitrate": 128,
			"price": 0,
			"inlist": 1,
			"old_cpy": 1,
			"pkg_price_sq": 0,
			"pay_type": 0,
			"topic_url": "",
			"rp_type": "audio",
			"pkg_price": 0,
			"feetype": 0,
			"filename": "马健涛 - 你不放下我,我不放下你",
			"price_320": 0,
			"sqfilesize": 23102017,
			"hash": "BA4378182F4C350209D7EB8CB1A61A8F",
			"mvhash": "",
			"privilege": 0,
			"addtime": "2017-06-14 09:49:25",
			"pkg_price_320": 0,
			"fail_process_sq": 0,
			"fail_process_320": 0,
			"audio_id": 26954148,
			"320filesize": 8112587,
			"rp_publish": 1,
			"duration": 202,
			"topic_url_sq": "",
			"album_id": "2705033",
			"isfirst": 0,
			"320privilege": 0,
			"fail_process": 0,
			"320hash": "B1C347B93466DB97152BF1112DE617AB",
			"sqhash": "0348B47FA129C799FAE312010D7505C4",
			"remark": "你不放下我,我不放下你",
			"pay_type_sq": 0,
			"extname": "mp3",
			"sqprivilege": 0,
			"topic_url_320": "",
			"has_accompany": 1
		}, {
			"pay_type_320": 0,
			"m4afilesize": 0,
			"price_sq": 0,
			"first": 0,
			"filesize": 3430895,
			"bitrate": 127,
			"price": 0,
			"inlist": 1,
			"old_cpy": 1,
			"pkg_price_sq": 0,
			"pay_type": 0,
			"topic_url": "",
			"rp_type": "audio",
			"pkg_price": 0,
			"feetype": 0,
			"filename": "索朗扎西 - 北京姑娘",
			"price_320": 0,
			"sqfilesize": 27206794,
			"hash": "F640F656EB22A75ECE2B619F15FA2442",
			"mvhash": "",
			"privilege": 0,
			"addtime": "2017-06-14 09:49:35",
			"pkg_price_320": 0,
			"fail_process_sq": 0,
			"fail_process_320": 0,
			"audio_id": 26954436,
			"320filesize": 8578612,
			"rp_publish": 1,
			"duration": 214,
			"topic_url_sq": "",
			"album_id": "2705112",
			"isfirst": 0,
			"320privilege": 0,
			"fail_process": 0,
			"320hash": "6B7D1ED1447010BFFED9B3AC27C4EC58",
			"sqhash": "A643BBBE8036B973561442E7E7B85CFE",
			"remark": "北京姑娘",
			"pay_type_sq": 0,
			"extname": "mp3",
			"sqprivilege": 0,
			"topic_url_320": "",
			"has_accompany": 0
		}, {
			"pay_type_320": 0,
			"m4afilesize": 0,
			"price_sq": 0,
			"first": 0,
			"filesize": 3846408,
			"bitrate": 128,
			"price": 0,
			"inlist": 1,
			"old_cpy": 1,
			"pkg_price_sq": 0,
			"pay_type": 0,
			"topic_url": "",
			"rp_type": "audio",
			"pkg_price": 0,
			"feetype": 0,
			"filename": "张北北 - 心碎的回忆",
			"price_320": 0,
			"sqfilesize": 29498851,
			"hash": "DCA53AB7A5FE18F5EE0666D557DD61A1",
			"mvhash": "",
			"privilege": 0,
			"addtime": "2017-06-14 09:49:47",
			"pkg_price_320": 0,
			"fail_process_sq": 0,
			"fail_process_320": 0,
			"audio_id": 26953433,
			"320filesize": 9617280,
			"rp_publish": 1,
			"duration": 240,
			"topic_url_sq": "",
			"album_id": "2705021",
			"isfirst": 0,
			"320privilege": 0,
			"fail_process": 0,
			"320hash": "DD6BD1FA6EC0AD6B528B9338592F51D1",
			"sqhash": "D90B9A2ECDA01AEE0A433DE12AC716E2",
			"remark": "心碎的回忆",
			"pay_type_sq": 0,
			"extname": "mp3",
			"sqprivilege": 0,
			"topic_url_320": "",
			"has_accompany": 1
		}, {
			"pay_type_320": 0,
			"m4afilesize": 0,
			"price_sq": 0,
			"first": 0,
			"filesize": 3391653,
			"bitrate": 127,
			"price": 0,
			"inlist": 1,
			"old_cpy": 1,
			"pkg_price_sq": 0,
			"pay_type": 0,
			"topic_url": "",
			"rp_type": "audio",
			"pkg_price": 0,
			"feetype": 0,
			"filename": "文静 - 要多美有多美",
			"price_320": 0,
			"sqfilesize": 27648090,
			"hash": "79EE167CC0CE9A2304546C59EF631B47",
			"mvhash": "9E22DE8007BE78CB1D859533047D6C3D",
			"privilege": 0,
			"addtime": "2017-06-13 10:53:05",
			"pkg_price_320": 0,
			"fail_process_sq": 0,
			"fail_process_320": 0,
			"audio_id": 26951997,
			"320filesize": 8480391,
			"rp_publish": 1,
			"duration": 212,
			"topic_url_sq": "",
			"album_id": "2704626",
			"isfirst": 0,
			"320privilege": 0,
			"fail_process": 0,
			"320hash": "B203B1F010B4C412EAD7F13EC0DD2A2D",
			"sqhash": "E017A7B4BD0732273C3C54C2CBC1E060",
			"remark": "要多美有多美",
			"pay_type_sq": 0,
			"extname": "mp3",
			"sqprivilege": 0,
			"topic_url_320": "",
			"has_accompany": 1
		}, {
			"pay_type_320": 0,
			"m4afilesize": 0,
			"price_sq": 0,
			"first": 0,
			"filesize": 3983064,
			"bitrate": 128,
			"price": 0,
			"inlist": 1,
			"old_cpy": 1,
			"pkg_price_sq": 0,
			"pay_type": 0,
			"topic_url": "",
			"rp_type": "audio",
			"pkg_price": 0,
			"feetype": 0,
			"filename": "何曼婷 - 倒数三二一",
			"price_320": 0,
			"sqfilesize": 28746556,
			"hash": "95DACA274DD70B1D8B57E06B22592C3B",
			"mvhash": "",
			"privilege": 0,
			"addtime": "2017-06-14 09:49:56",
			"pkg_price_320": 0,
			"fail_process_sq": 0,
			"fail_process_320": 0,
			"audio_id": 26953436,
			"320filesize": 9958922,
			"rp_publish": 1,
			"duration": 249,
			"topic_url_sq": "",
			"album_id": "2704813",
			"isfirst": 0,
			"320privilege": 0,
			"fail_process": 0,
			"320hash": "12189286DDCB23DD3010D37796A2BAC5",
			"sqhash": "843D52D336337E950B38AF43D56D5CCE",
			"remark": "倒数三二一",
			"pay_type_sq": 0,
			"extname": "mp3",
			"sqprivilege": 0,
			"topic_url_320": "",
			"has_accompany": 1
		}, {
			"pay_type_320": 0,
			"m4afilesize": 0,
			"price_sq": 0,
			"first": 0,
			"filesize": 5086273,
			"bitrate": 127,
			"price": 0,
			"inlist": 1,
			"old_cpy": 1,
			"pkg_price_sq": 0,
			"pay_type": 0,
			"topic_url": "",
			"rp_type": "audio",
			"pkg_price": 0,
			"feetype": 0,
			"filename": "陈雅森 - My Lost Lover",
			"price_320": 0,
			"sqfilesize": 33990724,
			"hash": "842681F50B1C654402BE8F21577CD3DC",
			"mvhash": "",
			"privilege": 0,
			"addtime": "2017-06-15 09:42:13",
			"pkg_price_320": 0,
			"fail_process_sq": 0,
			"fail_process_320": 0,
			"audio_id": 26958385,
			"320filesize": 12716667,
			"rp_publish": 1,
			"duration": 318,
			"topic_url_sq": "",
			"album_id": "2705877",
			"isfirst": 0,
			"320privilege": 0,
			"fail_process": 0,
			"320hash": "48C0E1C9471B05A4B4A2DA5F142668BC",
			"sqhash": "93A63C4A4FD079FDB1E122A755E14566",
			"remark": "My Lost Lover",
			"pay_type_sq": 0,
			"extname": "mp3",
			"sqprivilege": 0,
			"topic_url_320": "",
			"has_accompany": 1
		}, {
			"pay_type_320": 0,
			"m4afilesize": 0,
			"price_sq": 0,
			"first": 0,
			"filesize": 4558261,
			"bitrate": 128,
			"price": 0,
			"inlist": 1,
			"old_cpy": 1,
			"pkg_price_sq": 0,
			"pay_type": 0,
			"topic_url": "",
			"rp_type": "audio",
			"pkg_price": 0,
			"feetype": 0,
			"filename": "云菲菲 - 殇雪",
			"price_320": 0,
			"sqfilesize": 35083625,
			"hash": "2DFBB53AFF241C3D4C5E4A1B66F5CF6E",
			"mvhash": "87A03DB66120D232C000DD38A695ACC4",
			"privilege": 0,
			"addtime": "2017-06-12 14:30:03",
			"pkg_price_320": 0,
			"fail_process_sq": 0,
			"fail_process_320": 0,
			"audio_id": 2701302,
			"320filesize": 11395656,
			"rp_publish": 1,
			"duration": 284,
			"topic_url_sq": "",
			"album_id": "586602",
			"isfirst": 0,
			"320privilege": 0,
			"fail_process": 0,
			"320hash": "E8E245EEFD5F2563493ECA7DC685EF50",
			"sqhash": "5FC8A6DC8C9366C921FCB8DB269B7BFB",
			"remark": "殇雪",
			"pay_type_sq": 0,
			"extname": "mp3",
			"sqprivilege": 0,
			"topic_url_320": "",
			"has_accompany": 1
		}, {
			"pay_type_320": 0,
			"m4afilesize": 0,
			"price_sq": 0,
			"first": 0,
			"filesize": 3399966,
			"bitrate": 128,
			"price": 0,
			"inlist": 1,
			"old_cpy": 1,
			"pkg_price_sq": 0,
			"pay_type": 0,
			"topic_url": "",
			"rp_type": "audio",
			"pkg_price": 0,
			"feetype": 0,
			"filename": "杨小曼 - 他弟弟打的洞",
			"price_320": 0,
			"sqfilesize": 27327207,
			"hash": "EF0DDFC3194BD6912128812CB10C7E2C",
			"mvhash": "7465DF351FD8DE451CA9E71C0BD10909",
			"privilege": 0,
			"addtime": "2017-06-12 16:14:07",
			"pkg_price_320": 0,
			"fail_process_sq": 0,
			"fail_process_320": 0,
			"audio_id": 26917602,
			"320filesize": 8501289,
			"rp_publish": 1,
			"duration": 212,
			"topic_url_sq": "",
			"album_id": "2700440",
			"isfirst": 0,
			"320privilege": 0,
			"fail_process": 0,
			"320hash": "51B4CD4A795323724BA5233F024A5509",
			"sqhash": "D410BC1B54E9E7B3F6608C203DC22EC9",
			"remark": "他弟弟打的洞",
			"pay_type_sq": 0,
			"extname": "mp3",
			"sqprivilege": 0,
			"topic_url_320": "",
			"has_accompany": 1
		}, {
			"pay_type_320": 0,
			"m4afilesize": 0,
			"price_sq": 0,
			"first": 0,
			"filesize": 3722674,
			"bitrate": 128,
			"price": 0,
			"inlist": 1,
			"old_cpy": 1,
			"pkg_price_sq": 0,
			"pay_type": 0,
			"topic_url": "",
			"rp_type": "audio",
			"pkg_price": 0,
			"feetype": 0,
			"filename": "周恬熙 - 就当我们没爱过",
			"price_320": 0,
			"sqfilesize": 26835335,
			"hash": "737579AAAD613CB92F16E5CD9DD05DAF",
			"mvhash": "",
			"privilege": 0,
			"addtime": "2017-06-14 09:50:07",
			"pkg_price_320": 0,
			"fail_process_sq": 0,
			"fail_process_320": 0,
			"audio_id": 26953442,
			"320filesize": 9307951,
			"rp_publish": 1,
			"duration": 233,
			"topic_url_sq": "",
			"album_id": "2705027",
			"isfirst": 0,
			"320privilege": 0,
			"fail_process": 0,
			"320hash": "A6B429D9326041678B56600271CB43B9",
			"sqhash": "04EEE7C104EC7F564C7EB40B073DC691",
			"remark": "就当我们没爱过",
			"pay_type_sq": 0,
			"extname": "mp3",
			"sqprivilege": 0,
			"topic_url_320": "",
			"has_accompany": 1
		}, {
			"pay_type_320": 0,
			"m4afilesize": 0,
			"price_sq": 0,
			"first": 0,
			"filesize": 4938522,
			"bitrate": 128,
			"price": 0,
			"inlist": 1,
			"old_cpy": 1,
			"pkg_price_sq": 0,
			"pay_type": 0,
			"topic_url": "",
			"rp_type": "audio",
			"pkg_price": 0,
			"feetype": 0,
			"filename": "杰文 - 放开你等于放过我",
			"price_320": 0,
			"sqfilesize": 37661602,
			"hash": "EC02F0381C033F364DF72181A2B1C7B9",
			"mvhash": "",
			"privilege": 0,
			"addtime": "2017-06-13 09:39:45",
			"pkg_price_320": 0,
			"fail_process_sq": 0,
			"fail_process_320": 0,
			"audio_id": 26946357,
			"320filesize": 12347559,
			"rp_publish": 1,
			"duration": 308,
			"topic_url_sq": "",
			"album_id": "2702908",
			"isfirst": 0,
			"320privilege": 0,
			"fail_process": 0,
			"320hash": "5D095FA8FBAEAF99274797EAB78B8076",
			"sqhash": "F580A55A3595290DBFBC9C8D6C0F6487",
			"remark": "放开你等于放过我",
			"pay_type_sq": 0,
			"extname": "mp3",
			"sqprivilege": 0,
			"topic_url_320": "",
			"has_accompany": 1
		}, {
			"pay_type_320": 0,
			"m4afilesize": 0,
			"price_sq": 0,
			"first": 0,
			"filesize": 4025696,
			"bitrate": 128,
			"price": 0,
			"inlist": 1,
			"old_cpy": 1,
			"pkg_price_sq": 0,
			"pay_type": 0,
			"topic_url": "",
			"rp_type": "audio",
			"pkg_price": 0,
			"feetype": 0,
			"filename": "黄可门 - 新一曲红尘",
			"price_320": 0,
			"sqfilesize": 29525884,
			"hash": "0759FB7C6C7DA4B10CE683913F73CA85",
			"mvhash": "",
			"privilege": 0,
			"addtime": "2017-06-14 09:50:19",
			"pkg_price_320": 0,
			"fail_process_sq": 0,
			"fail_process_320": 0,
			"audio_id": 26954256,
			"320filesize": 10065502,
			"rp_publish": 1,
			"duration": 251,
			"topic_url_sq": "",
			"album_id": "2705046",
			"isfirst": 0,
			"320privilege": 0,
			"fail_process": 0,
			"320hash": "B8E61D17FE72E2243A84F74BD03F435A",
			"sqhash": "840138A9990469F45D2CCC3D2DCF3008",
			"remark": "新一曲红尘",
			"pay_type_sq": 0,
			"extname": "mp3",
			"sqprivilege": 0,
			"topic_url_320": "",
			"has_accompany": 1
		}, {
			"pay_type_320": 0,
			"m4afilesize": 0,
			"price_sq": 0,
			"first": 0,
			"filesize": 3338155,
			"bitrate": 127,
			"price": 0,
			"inlist": 1,
			"old_cpy": 1,
			"pkg_price_sq": 0,
			"pay_type": 0,
			"topic_url": "",
			"rp_type": "audio",
			"pkg_price": 0,
			"feetype": 0,
			"filename": "刘增瞳 - 危险感觉",
			"price_320": 0,
			"sqfilesize": 25162968,
			"hash": "2E45B13A28514019316E033F41920D29",
			"mvhash": "",
			"privilege": 0,
			"addtime": "2017-06-15 09:42:36",
			"pkg_price_320": 0,
			"fail_process_sq": 0,
			"fail_process_320": 0,
			"audio_id": 26958374,
			"320filesize": 8346644,
			"rp_publish": 1,
			"duration": 209,
			"topic_url_sq": "",
			"album_id": "2705926",
			"isfirst": 0,
			"320privilege": 0,
			"fail_process": 0,
			"320hash": "8322F68585599E4C6665FA3BC961F0CD",
			"sqhash": "BE34629F3912F5E0E111EC43DDB7B2F1",
			"remark": "危险感觉",
			"pay_type_sq": 0,
			"extname": "mp3",
			"sqprivilege": 0,
			"topic_url_320": "",
			"has_accompany": 1
		}, {
			"pay_type_320": 0,
			"m4afilesize": 0,
			"price_sq": 0,
			"first": 0,
			"filesize": 3239254,
			"bitrate": 128,
			"price": 0,
			"inlist": 1,
			"old_cpy": 1,
			"pkg_price_sq": 0,
			"pay_type": 0,
			"topic_url": "",
			"rp_type": "audio",
			"pkg_price": 0,
			"feetype": 0,
			"filename": "牙牙乐 - 限量版的你",
			"price_320": 0,
			"sqfilesize": 26324573,
			"hash": "A820173B71DB3638826FBDCA3CA7B98F",
			"mvhash": "",
			"privilege": 0,
			"addtime": "2017-06-15 09:42:48",
			"pkg_price_320": 0,
			"fail_process_sq": 0,
			"fail_process_320": 0,
			"audio_id": 26958372,
			"320filesize": 8099004,
			"rp_publish": 1,
			"duration": 202,
			"topic_url_sq": "",
			"album_id": "2705948",
			"isfirst": 0,
			"320privilege": 0,
			"fail_process": 0,
			"320hash": "CEDF6F00E4422A928722065D978B0BC5",
			"sqhash": "7EB0169BF184EDFE081499438136921C",
			"remark": "限量版的你",
			"pay_type_sq": 0,
			"extname": "mp3",
			"sqprivilege": 0,
			"topic_url_320": "",
			"has_accompany": 1
		}, {
			"pay_type_320": 0,
			"m4afilesize": 0,
			"price_sq": 0,
			"first": 0,
			"filesize": 4256404,
			"bitrate": 128,
			"price": 0,
			"inlist": 1,
			"old_cpy": 1,
			"pkg_price_sq": 0,
			"pay_type": 0,
			"topic_url": "",
			"rp_type": "audio",
			"pkg_price": 0,
			"feetype": 0,
			"filename": "李晓杰 - 把酒倒满",
			"price_320": 0,
			"sqfilesize": 31430517,
			"hash": "F8D99128F932C91F01BB8089976DAD52",
			"mvhash": "8E990CEAF078FA35C13FEE5CCB3E1496",
			"privilege": 0,
			"addtime": "2017-06-12 14:30:03",
			"pkg_price_320": 0,
			"fail_process_sq": 0,
			"fail_process_320": 0,
			"audio_id": 18582002,
			"320filesize": 10642285,
			"rp_publish": 1,
			"duration": 266,
			"topic_url_sq": "",
			"album_id": "2542811",
			"isfirst": 0,
			"320privilege": 0,
			"fail_process": 0,
			"320hash": "CE8902D502A27CC63EE3C0835FFC1933",
			"sqhash": "B99FDA6512E065F004A1AFF0978530E0",
			"remark": "把酒倒满",
			"pay_type_sq": 0,
			"extname": "mp3",
			"sqprivilege": 0,
			"topic_url_320": "",
			"has_accompany": 1
		}, {
			"pay_type_320": 0,
			"m4afilesize": 0,
			"price_sq": 0,
			"first": 0,
			"filesize": 3551724,
			"bitrate": 128,
			"price": 0,
			"inlist": 1,
			"old_cpy": 1,
			"pkg_price_sq": 0,
			"pay_type": 0,
			"topic_url": "",
			"rp_type": "audio",
			"pkg_price": 0,
			"feetype": 0,
			"filename": "龙奔 - 不死的梦想",
			"price_320": 0,
			"sqfilesize": 25799998,
			"hash": "537964A911263BBF067F113B58FB628D",
			"mvhash": "",
			"privilege": 0,
			"addtime": "2017-06-12 16:14:19",
			"pkg_price_320": 0,
			"fail_process_sq": 0,
			"fail_process_320": 0,
			"audio_id": 26915376,
			"320filesize": 8880587,
			"rp_publish": 1,
			"duration": 221,
			"topic_url_sq": "",
			"album_id": "2700137",
			"isfirst": 0,
			"320privilege": 0,
			"fail_process": 0,
			"320hash": "03626455E2CAA68004C3ACA222321035",
			"sqhash": "38DCCA1452B07D16F89A5EC618E8F582",
			"remark": "不死的梦想",
			"pay_type_sq": 0,
			"extname": "mp3",
			"sqprivilege": 0,
			"topic_url_320": "",
			"has_accompany": 1
		}, {
			"pay_type_320": 3,
			"m4afilesize": 0,
			"price_sq": 200,
			"first": 0,
			"filesize": 3382542,
			"bitrate": 128,
			"price": 200,
			"inlist": 1,
			"old_cpy": 1,
			"pkg_price_sq": 1,
			"pay_type": 3,
			"topic_url": "",
			"rp_type": "audio",
			"pkg_price": 1,
			"feetype": 0,
			"filename": "筷子兄弟 - 小苹果",
			"price_320": 200,
			"sqfilesize": 27823143,
			"hash": "FCD49446E26461D95433E9EEA5C7A790",
			"mvhash": "3682BDF6FCE14E971DA2F4B6C7F57591",
			"privilege": 8,
			"addtime": "2017-06-12 14:30:03",
			"pkg_price_320": 1,
			"fail_process_sq": 4,
			"fail_process_320": 4,
			"audio_id": 2681335,
			"320filesize": 8456358,
			"rp_publish": 1,
			"duration": 211,
			"topic_url_sq": "",
			"album_id": "888786",
			"isfirst": 0,
			"320privilege": 10,
			"fail_process": 4,
			"320hash": "A3B5A3F323928A568F113096909A7D4A",
			"sqhash": "90ED34F62293AA8F9A56748F8FFF38A1",
			"remark": "《老男孩之猛龙过江》电影宣传曲",
			"pay_type_sq": 3,
			"extname": "mp3",
			"sqprivilege": 10,
			"topic_url_320": "",
			"has_accompany": 1
		}, {
			"pay_type_320": 0,
			"m4afilesize": 0,
			"price_sq": 0,
			"first": 0,
			"filesize": 4307774,
			"bitrate": 128,
			"price": 0,
			"inlist": 1,
			"old_cpy": 1,
			"pkg_price_sq": 0,
			"pay_type": 0,
			"topic_url": "",
			"rp_type": "audio",
			"pkg_price": 0,
			"feetype": 0,
			"filename": "贺一航 - 为什么相爱却不能相守",
			"price_320": 0,
			"sqfilesize": 30532619,
			"hash": "551FE6890770031F46887356186D0E3F",
			"mvhash": "",
			"privilege": 0,
			"addtime": "2017-06-12 16:13:57",
			"pkg_price_320": 0,
			"fail_process_sq": 0,
			"fail_process_320": 0,
			"audio_id": 26917231,
			"320filesize": 10770808,
			"rp_publish": 1,
			"duration": 269,
			"topic_url_sq": "",
			"album_id": "2700358",
			"isfirst": 0,
			"320privilege": 0,
			"fail_process": 0,
			"320hash": "AC2607314618E0F72D1535B9AAC40195",
			"sqhash": "616A733069CC344CD3AEE2C2DDF1EC1A",
			"remark": "为什么相爱却不能相守",
			"pay_type_sq": 0,
			"extname": "mp3",
			"sqprivilege": 0,
			"topic_url_320": "",
			"has_accompany": 1
		}, {
			"pay_type_320": 0,
			"m4afilesize": 0,
			"price_sq": 0,
			"first": 0,
			"filesize": 4635166,
			"bitrate": 128,
			"price": 0,
			"inlist": 1,
			"old_cpy": 1,
			"pkg_price_sq": 0,
			"pay_type": 0,
			"topic_url": "",
			"rp_type": "audio",
			"pkg_price": 0,
			"feetype": 0,
			"filename": "冷漠 - 没有你陪伴我真的好孤单",
			"price_320": 0,
			"sqfilesize": 37397357,
			"hash": "C974B17594203A57F684056BC9D792D1",
			"mvhash": "A1A4DA07FFBAE92DDE45D1E78C5FE035",
			"privilege": 0,
			"addtime": "2017-06-12 14:30:03",
			"pkg_price_320": 0,
			"fail_process_sq": 0,
			"fail_process_320": 0,
			"audio_id": 8825906,
			"320filesize": 11586872,
			"rp_publish": 1,
			"duration": 289,
			"topic_url_sq": "",
			"album_id": "0",
			"isfirst": 0,
			"320privilege": 0,
			"fail_process": 0,
			"320hash": "B2953414C3877C84E87C466C5954018B",
			"sqhash": "4E238B2C8C55667140AD6E0DA84BFD4F",
			"remark": "",
			"pay_type_sq": 0,
			"extname": "mp3",
			"sqprivilege": 0,
			"topic_url_320": "",
			"has_accompany": 1
		}, {
			"pay_type_320": 0,
			"m4afilesize": 0,
			"price_sq": 0,
			"first": 0,
			"filesize": 5313705,
			"bitrate": 128,
			"price": 0,
			"inlist": 1,
			"old_cpy": 1,
			"pkg_price_sq": 0,
			"pay_type": 0,
			"topic_url": "",
			"rp_type": "audio",
			"pkg_price": 0,
			"feetype": 0,
			"filename": "王童语 - 丫头",
			"price_320": 0,
			"sqfilesize": 38437524,
			"hash": "5E7023CC16A92E479949E201B0705F7C",
			"mvhash": "40699C98154AA7A6CD3FE811DBDDCC54",
			"privilege": 0,
			"addtime": "2017-06-12 14:30:03",
			"pkg_price_320": 0,
			"fail_process_sq": 0,
			"fail_process_320": 0,
			"audio_id": 21172,
			"320filesize": 13637904,
			"rp_publish": 1,
			"duration": 332,
			"topic_url_sq": "",
			"album_id": "628709",
			"isfirst": 0,
			"320privilege": 0,
			"fail_process": 0,
			"320hash": "11DA1A6EF4D5F3022F989EF8C50D09DF",
			"sqhash": "C2FBA4EDF84FAAE75BED67DB3AFA7E6F",
			"remark": "回了又去 去了再回",
			"pay_type_sq": 0,
			"extname": "mp3",
			"sqprivilege": 0,
			"topic_url_320": "",
			"has_accompany": 1
		}],
		"total": 500
	},
	"errcode": 0
}
