{
	"status": 1,
	"error": "",
	"data": {
		"timestamp": 1497514854,
		"info": [{
			"pay_type_320": 0,
			"m4afilesize": 0,
			"price_sq": 0,
			"first": 0,
			"filesize": 3615475,
			"bitrate": 128,
			"price": 0,
			"inlist": 1,
			"old_cpy": 1,
			"pkg_price_sq": 0,
			"pay_type": 0,
			"topic_url": "",
			"rp_type": "audio",
			"pkg_price": 0,
			"feetype": 0,
			"filename": "Da-iCE - トニカクHEY (Japanese ver.)",
			"price_320": 0,
			"sqfilesize": 0,
			"hash": "8CA62E4CDF9BA4B19FF3E4AF8A77B0FB",
			"mvhash": "",
			"privilege": 0,
			"addtime": "2017-06-15 09:45:06",
			"pkg_price_320": 0,
			"fail_process_sq": 0,
			"fail_process_320": 0,
			"audio_id": 26958573,
			"320filesize": 9038745,
			"rp_publish": 1,
			"duration": 226,
			"topic_url_sq": "",
			"album_id": "2706016",
			"isfirst": 0,
			"320privilege": 0,
			"fail_process": 0,
			"320hash": "EBED88AE988A46DD5F6800A39C8A4487",
			"sqhash": "",
			"remark": "トニカクHEY",
			"pay_type_sq": 0,
			"extname": "mp3",
			"sqprivilege": 0,
			"topic_url_320": "",
			"has_accompany": 0
		}, {
			"pay_type_320": 0,
			"m4afilesize": 0,
			"price_sq": 0,
			"first": 0,
			"filesize": 4396800,
			"bitrate": 128,
			"price": 0,
			"inlist": 1,
			"old_cpy": 1,
			"pkg_price_sq": 0,
			"pay_type": 0,
			"topic_url": "",
			"rp_type": "audio",
			"pkg_price": 0,
			"feetype": 0,
			"filename": "THE ORAL CIGARETTES - トナリアウ【重启咲良田 ED】",
			"price_320": 0,
			"sqfilesize": 0,
			"hash": "60329ACED42C95F1C025BE52D584D371",
			"mvhash": "",
			"privilege": 0,
			"addtime": "2017-06-14 11:19:43",
			"pkg_price_320": 0,
			"fail_process_sq": 0,
			"fail_process_320": 0,
			"audio_id": 26958693,
			"320filesize": 10993152,
			"rp_publish": 1,
			"duration": 274,
			"topic_url_sq": "",
			"album_id": "2705905",
			"isfirst": 0,
			"320privilege": 0,
			"fail_process": 0,
			"320hash": "7A458FD2D83210499358B0E8FF98D909",
			"sqhash": "",
			"remark": "《重启咲良田》动画片尾曲",
			"pay_type_sq": 0,
			"extname": "mp3",
			"sqprivilege": 0,
			"topic_url_320": "",
			"has_accompany": 0
		}, {
			"pay_type_320": 0,
			"m4afilesize": 0,
			"price_sq": 0,
			"first": 0,
			"filesize": 4509997,
			"bitrate": 128,
			"price": 0,
			"inlist": 1,
			"old_cpy": 1,
			"pkg_price_sq": 0,
			"pay_type": 0,
			"topic_url": "",
			"rp_type": "audio",
			"pkg_price": 0,
			"feetype": 0,
			"filename": "KANA-BOON - バトンロード【博人传：火影忍者新时代 OP】",
			"price_320": 0,
			"sqfilesize": 0,
			"hash": "37050FB5560D5BE96A2FDB6B07F7F3A2",
			"mvhash": "",
			"privilege": 0,
			"addtime": "2017-06-14 10:18:21",
			"pkg_price_320": 0,
			"fail_process_sq": 0,
			"fail_process_320": 0,
			"audio_id": 26958190,
			"320filesize": 11319453,
			"rp_publish": 1,
			"duration": 282,
			"topic_url_sq": "",
			"album_id": "2705869",
			"isfirst": 0,
			"320privilege": 0,
			"fail_process": 0,
			"320hash": "4F37E40DB4691963CB33B495E1294EC1",
			"sqhash": "",
			"remark": "《博人传：火影忍者新时代》动画片头曲",
			"pay_type_sq": 0,
			"extname": "mp3",
			"sqprivilege": 0,
			"topic_url_320": "",
			"has_accompany": 1
		}, {
			"pay_type_320": 0,
			"m4afilesize": 0,
			"price_sq": 0,
			"first": 0,
			"filesize": 3958726,
			"bitrate": 128,
			"price": 0,
			"inlist": 1,
			"old_cpy": 1,
			"pkg_price_sq": 0,
			"pay_type": 0,
			"topic_url": "",
			"rp_type": "audio",
			"pkg_price": 0,
			"feetype": 0,
			"filename": "GARNiDELiA - SPEED STAR【魔法科高校的劣等生 呼唤星辰的少女 TM】",
			"price_320": 0,
			"sqfilesize": 0,
			"hash": "04F22C7A01D85303CB955BAEA021DBD3",
			"mvhash": "",
			"privilege": 0,
			"addtime": "2017-06-14 10:09:05",
			"pkg_price_320": 0,
			"fail_process_sq": 0,
			"fail_process_320": 0,
			"audio_id": 26958162,
			"320filesize": 10527938,
			"rp_publish": 1,
			"duration": 247,
			"topic_url_sq": "",
			"album_id": "2705854",
			"isfirst": 0,
			"320privilege": 0,
			"fail_process": 0,
			"320hash": "5436F50B874A3567BD41959D1CB15A6F",
			"sqhash": "",
			"remark": "《魔法科高校的劣等生 呼唤星辰的少女》剧场版动画主题曲",
			"pay_type_sq": 0,
			"extname": "mp3",
			"sqprivilege": 0,
			"topic_url_320": "",
			"has_accompany": 1
		}, {
			"pay_type_320": 0,
			"m4afilesize": 0,
			"price_sq": 0,
			"first": 0,
			"filesize": 4160827,
			"bitrate": 128,
			"price": 0,
			"inlist": 1,
			"old_cpy": 1,
			"pkg_price_sq": 0,
			"pay_type": 0,
			"topic_url": "",
			"rp_type": "audio",
			"pkg_price": 0,
			"feetype": 0,
			"filename": "妄想キャリブレーション - 桜色ダイアリー【冴えない彼女の育てかた♭ ED】",
			"price_320": 0,
			"sqfilesize": 0,
			"hash": "8F546EB7C3134DD7A7D606BDA1BC89E3",
			"mvhash": "",
			"privilege": 0,
			"addtime": "2017-06-12 11:16:28",
			"pkg_price_320": 0,
			"fail_process_sq": 0,
			"fail_process_320": 0,
			"audio_id": 26918367,
			"320filesize": 10400958,
			"rp_publish": 1,
			"duration": 260,
			"topic_url_sq": "",
			"album_id": "2702555",
			"isfirst": 0,
			"320privilege": 0,
			"fail_process": 0,
			"320hash": "EF0C096176F7CEC05BE9DC5D871CCCD4",
			"sqhash": "",
			"remark": "《路人女主的养成方法♭》动画片尾曲",
			"pay_type_sq": 0,
			"extname": "mp3",
			"sqprivilege": 0,
			"topic_url_320": "",
			"has_accompany": 1
		}, {
			"pay_type_320": 0,
			"m4afilesize": 0,
			"price_sq": 0,
			"first": 0,
			"filesize": 3967472,
			"bitrate": 128,
			"price": 0,
			"inlist": 1,
			"old_cpy": 1,
			"pkg_price_sq": 0,
			"pay_type": 0,
			"topic_url": "",
			"rp_type": "audio",
			"pkg_price": 0,
			"feetype": 0,
			"filename": "牧野由依 - Reset【重启咲良田 OP】",
			"price_320": 0,
			"sqfilesize": 0,
			"hash": "0B967413E2278146DC27204E7BF7C300",
			"mvhash": "",
			"privilege": 0,
			"addtime": "2017-06-12 10:56:19",
			"pkg_price_320": 0,
			"fail_process_sq": 0,
			"fail_process_320": 0,
			"audio_id": 26915470,
			"320filesize": 9918375,
			"rp_publish": 1,
			"duration": 248,
			"topic_url_sq": "",
			"album_id": "2700787",
			"isfirst": 0,
			"320privilege": 0,
			"fail_process": 0,
			"320hash": "719F4BB9957CE638F65C67AE8A19FB42",
			"sqhash": "",
			"remark": "《重启咲良田》动画片头曲",
			"pay_type_sq": 0,
			"extname": "mp3",
			"sqprivilege": 0,
			"topic_url_320": "",
			"has_accompany": 1
		}, {
			"pay_type_320": 0,
			"m4afilesize": 0,
			"price_sq": 0,
			"first": 0,
			"filesize": 3459865,
			"bitrate": 128,
			"price": 0,
			"inlist": 1,
			"old_cpy": 1,
			"pkg_price_sq": 0,
			"pay_type": 0,
			"topic_url": "",
			"rp_type": "audio",
			"pkg_price": 0,
			"feetype": 0,
			"filename": "Kis-My-Ft2 - PICK IT UP【樱子小姐的脚下埋着尸体 TM】",
			"price_320": 0,
			"sqfilesize": 0,
			"hash": "6F1F3FD039BBC0981ED89C08B0466843",
			"mvhash": "",
			"privilege": 0,
			"addtime": "2017-06-09 10:07:20",
			"pkg_price_320": 0,
			"fail_process_sq": 0,
			"fail_process_320": 0,
			"audio_id": 26917611,
			"320filesize": 8649911,
			"rp_publish": 1,
			"duration": 216,
			"topic_url_sq": "",
			"album_id": "2700548",
			"isfirst": 0,
			"320privilege": 0,
			"fail_process": 0,
			"320hash": "E09C489775CA44B9C649B1CC2D7542EF",
			"sqhash": "",
			"remark": "《樱子小姐的脚下埋着尸体》日剧主题曲",
			"pay_type_sq": 0,
			"extname": "mp3",
			"sqprivilege": 0,
			"topic_url_320": "",
			"has_accompany": 0
		}, {
			"pay_type_320": 0,
			"m4afilesize": 0,
			"price_sq": 0,
			"first": 0,
			"filesize": 4335210,
			"bitrate": 128,
			"price": 0,
			"inlist": 1,
			"old_cpy": 1,
			"pkg_price_sq": 0,
			"pay_type": 0,
			"topic_url": "",
			"rp_type": "audio",
			"pkg_price": 0,
			"feetype": 0,
			"filename": "森山直太朗 - 罪の味",
			"price_320": 0,
			"sqfilesize": 0,
			"hash": "3F96CAF4C1A1EE5E47127F2829E9C06C",
			"mvhash": "",
			"privilege": 0,
			"addtime": "2017-06-08 10:10:20",
			"pkg_price_320": 0,
			"fail_process_sq": 0,
			"fail_process_320": 0,
			"audio_id": 26908999,
			"320filesize": 10838079,
			"rp_publish": 1,
			"duration": 271,
			"topic_url_sq": "",
			"album_id": "2699697",
			"isfirst": 0,
			"320privilege": 0,
			"fail_process": 0,
			"320hash": "78083144B2A8AF1FB79F2DE2E4D4E6E3",
			"sqhash": "",
			"remark": "罪の味",
			"pay_type_sq": 0,
			"extname": "mp3",
			"sqprivilege": 0,
			"topic_url_320": "",
			"has_accompany": 1
		}, {
			"pay_type_320": 0,
			"m4afilesize": 0,
			"price_sq": 0,
			"first": 0,
			"filesize": 4310117,
			"bitrate": 128,
			"price": 0,
			"inlist": 1,
			"old_cpy": 1,
			"pkg_price_sq": 0,
			"pay_type": 0,
			"topic_url": "",
			"rp_type": "audio",
			"pkg_price": 0,
			"feetype": 0,
			"filename": "MACO - 恋の道",
			"price_320": 0,
			"sqfilesize": 0,
			"hash": "412F495D080364C0BA02CC3DF9E4EC98",
			"mvhash": "",
			"privilege": 0,
			"addtime": "2017-06-08 10:10:05",
			"pkg_price_320": 0,
			"fail_process_sq": 0,
			"fail_process_320": 0,
			"audio_id": 26908660,
			"320filesize": 10775353,
			"rp_publish": 1,
			"duration": 269,
			"topic_url_sq": "",
			"album_id": "2699722",
			"isfirst": 0,
			"320privilege": 0,
			"fail_process": 0,
			"320hash": "10E3CB342B046E717BA0B5C55AFC0D63",
			"sqhash": "",
			"remark": "恋の道",
			"pay_type_sq": 0,
			"extname": "mp3",
			"sqprivilege": 0,
			"topic_url_320": "",
			"has_accompany": 1
		}, {
			"pay_type_320": 0,
			"m4afilesize": 0,
			"price_sq": 0,
			"first": 0,
			"filesize": 4032932,
			"bitrate": 128,
			"price": 0,
			"inlist": 1,
			"old_cpy": 1,
			"pkg_price_sq": 0,
			"pay_type": 0,
			"topic_url": "",
			"rp_type": "audio",
			"pkg_price": 0,
			"feetype": 0,
			"filename": "(K)NoW_NAME - Freesia【樱花任务 ED】",
			"price_320": 0,
			"sqfilesize": 0,
			"hash": "9740055FAA72C867B19814D2A55F8DFD",
			"mvhash": "",
			"privilege": 0,
			"addtime": "2017-06-07 10:58:48",
			"pkg_price_320": 0,
			"fail_process_sq": 0,
			"fail_process_320": 0,
			"audio_id": 26905168,
			"320filesize": 10082264,
			"rp_publish": 1,
			"duration": 252,
			"topic_url_sq": "",
			"album_id": "2699370",
			"isfirst": 0,
			"320privilege": 0,
			"fail_process": 0,
			"320hash": "7ED26107765E1B637A500D69264EC52B",
			"sqhash": "",
			"remark": "《樱花任务》动画片尾曲",
			"pay_type_sq": 0,
			"extname": "mp3",
			"sqprivilege": 0,
			"topic_url_320": "",
			"has_accompany": 1
		}, {
			"pay_type_320": 0,
			"m4afilesize": 0,
			"price_sq": 0,
			"first": 0,
			"filesize": 3785190,
			"bitrate": 128,
			"price": 0,
			"inlist": 1,
			"old_cpy": 1,
			"pkg_price_sq": 0,
			"pay_type": 0,
			"topic_url": "",
			"rp_type": "audio",
			"pkg_price": 0,
			"feetype": 0,
			"filename": "金贤重 - 風車 <re:wind>",
			"price_320": 0,
			"sqfilesize": 0,
			"hash": "5442F12E3D3350A11620AA9F048936CB",
			"mvhash": "27C1C9A1BBCD0DF80375C7C9DCCC963B",
			"privilege": 0,
			"addtime": "2017-06-07 10:58:28",
			"pkg_price_320": 0,
			"fail_process_sq": 0,
			"fail_process_320": 0,
			"audio_id": 26900839,
			"320filesize": 9463022,
			"rp_publish": 1,
			"duration": 237,
			"topic_url_sq": "",
			"album_id": "2699385",
			"isfirst": 0,
			"320privilege": 0,
			"fail_process": 0,
			"320hash": "0AD78165986F5529357C8C3BF87AAE74",
			"sqhash": "",
			"remark": "風車 <re:wind>",
			"pay_type_sq": 0,
			"extname": "mp3",
			"sqprivilege": 0,
			"topic_url_320": "",
			"has_accompany": 1
		}, {
			"pay_type_320": 0,
			"m4afilesize": 0,
			"price_sq": 0,
			"first": 0,
			"filesize": 4877686,
			"bitrate": 128,
			"price": 0,
			"inlist": 1,
			"old_cpy": 1,
			"pkg_price_sq": 0,
			"pay_type": 0,
			"topic_url": "",
			"rp_type": "audio",
			"pkg_price": 0,
			"feetype": 0,
			"filename": "C&K - Y",
			"price_320": 0,
			"sqfilesize": 0,
			"hash": "A01ADE72812A97E8C50D0E61228588E0",
			"mvhash": "",
			"privilege": 0,
			"addtime": "2017-06-05 10:04:45",
			"pkg_price_320": 0,
			"fail_process_sq": 0,
			"fail_process_320": 0,
			"audio_id": 26846432,
			"320filesize": 12194287,
			"rp_publish": 1,
			"duration": 305,
			"topic_url_sq": "",
			"album_id": "2697864",
			"isfirst": 0,
			"320privilege": 0,
			"fail_process": 0,
			"320hash": "67361E51DD60242BFBC9BAF202A3D6F5",
			"sqhash": "",
			"remark": "Y",
			"pay_type_sq": 0,
			"extname": "mp3",
			"sqprivilege": 0,
			"topic_url_320": "",
			"has_accompany": 1
		}, {
			"pay_type_320": 0,
			"m4afilesize": 0,
			"price_sq": 0,
			"first": 0,
			"filesize": 4172519,
			"bitrate": 128,
			"price": 0,
			"inlist": 1,
			"old_cpy": 1,
			"pkg_price_sq": 0,
			"pay_type": 0,
			"topic_url": "",
			"rp_type": "audio",
			"pkg_price": 0,
			"feetype": 0,
			"filename": "AZALEA - GALAXY HidE and SeeK",
			"price_320": 0,
			"sqfilesize": 0,
			"hash": "0E34E4D504DDDCEA59CE86DC983CC29D",
			"mvhash": "",
			"privilege": 0,
			"addtime": "2017-06-02 16:31:32",
			"pkg_price_320": 0,
			"fail_process_sq": 0,
			"fail_process_320": 0,
			"audio_id": 26849918,
			"320filesize": 10432294,
			"rp_publish": 1,
			"duration": 260,
			"topic_url_sq": "",
			"album_id": "2694966",
			"isfirst": 0,
			"320privilege": 0,
			"fail_process": 0,
			"320hash": "6D2318B2504A40189FE61D7AE3D6CD59",
			"sqhash": "",
			"remark": "GALAXY HidE and SeeK",
			"pay_type_sq": 0,
			"extname": "mp3",
			"sqprivilege": 0,
			"topic_url_320": "",
			"has_accompany": 1
		}, {
			"pay_type_320": 0,
			"m4afilesize": 0,
			"price_sq": 0,
			"first": 0,
			"filesize": 4204713,
			"bitrate": 128,
			"price": 0,
			"inlist": 1,
			"old_cpy": 1,
			"pkg_price_sq": 0,
			"pay_type": 0,
			"topic_url": "",
			"rp_type": "audio",
			"pkg_price": 0,
			"feetype": 0,
			"filename": "花たん - ほんこっ人形の唄",
			"price_320": 0,
			"sqfilesize": 0,
			"hash": "ECF8D326706AF9C08AA40F295B6703F7",
			"mvhash": "",
			"privilege": 0,
			"addtime": "2017-06-02 16:29:12",
			"pkg_price_320": 0,
			"fail_process_sq": 0,
			"fail_process_320": 0,
			"audio_id": 26868832,
			"320filesize": 10511717,
			"rp_publish": 1,
			"duration": 262,
			"topic_url_sq": "",
			"album_id": "2696095",
			"isfirst": 0,
			"320privilege": 0,
			"fail_process": 0,
			"320hash": "B0ECBB21C0F20114861CB7FFF8B61EA3",
			"sqhash": "",
			"remark": "第二幕",
			"pay_type_sq": 0,
			"extname": "mp3",
			"sqprivilege": 0,
			"topic_url_320": "",
			"has_accompany": 0
		}, {
			"pay_type_320": 0,
			"m4afilesize": 0,
			"price_sq": 0,
			"first": 0,
			"filesize": 3177787,
			"bitrate": 128,
			"price": 0,
			"inlist": 1,
			"old_cpy": 1,
			"pkg_price_sq": 0,
			"pay_type": 0,
			"topic_url": "",
			"rp_type": "audio",
			"pkg_price": 0,
			"feetype": 0,
			"filename": "私立惠比寿中学 - 制服\"報連相\"ファンク",
			"price_320": 0,
			"sqfilesize": 0,
			"hash": "8F71CE7BD189DD420DDE04715E1FBC47",
			"mvhash": "",
			"privilege": 0,
			"addtime": "2017-06-02 10:32:27",
			"pkg_price_320": 0,
			"fail_process_sq": 0,
			"fail_process_320": 0,
			"audio_id": 26858329,
			"320filesize": 7944403,
			"rp_publish": 1,
			"duration": 198,
			"topic_url_sq": "",
			"album_id": "2695560",
			"isfirst": 0,
			"320privilege": 0,
			"fail_process": 0,
			"320hash": "098B201746CBAA770DCF391E487DD4FF",
			"sqhash": "",
			"remark": "エビクラシー",
			"pay_type_sq": 0,
			"extname": "mp3",
			"sqprivilege": 0,
			"topic_url_320": "",
			"has_accompany": 1
		}, {
			"pay_type_320": 0,
			"m4afilesize": 0,
			"price_sq": 0,
			"first": 0,
			"filesize": 3503818,
			"bitrate": 128,
			"price": 0,
			"inlist": 1,
			"old_cpy": 1,
			"pkg_price_sq": 0,
			"pay_type": 0,
			"topic_url": "",
			"rp_type": "audio",
			"pkg_price": 0,
			"feetype": 0,
			"filename": "安室奈美恵 - Just You and I【成为母亲 TM】",
			"price_320": 0,
			"sqfilesize": 0,
			"hash": "4EE8D8A5C3BD79B815A162AF8A01E5F5",
			"mvhash": "0DDAB22C944C744E53615A1BC5E3BBA0",
			"privilege": 0,
			"addtime": "2017-06-01 10:06:30",
			"pkg_price_320": 0,
			"fail_process_sq": 0,
			"fail_process_320": 0,
			"audio_id": 26765007,
			"320filesize": 8780657,
			"rp_publish": 1,
			"duration": 217,
			"topic_url_sq": "",
			"album_id": "2694880",
			"isfirst": 0,
			"320privilege": 0,
			"fail_process": 0,
			"320hash": "1FDB995E5950E7779A2E3D2DB8C68DC3",
			"sqhash": "",
			"remark": "《成为母亲》日剧主题曲",
			"pay_type_sq": 0,
			"extname": "mp3",
			"sqprivilege": 0,
			"topic_url_320": "",
			"has_accompany": 1
		}, {
			"pay_type_320": 0,
			"m4afilesize": 0,
			"price_sq": 0,
			"first": 0,
			"filesize": 3541401,
			"bitrate": 128,
			"price": 0,
			"inlist": 1,
			"old_cpy": 1,
			"pkg_price_sq": 0,
			"pay_type": 0,
			"topic_url": "",
			"rp_type": "audio",
			"pkg_price": 0,
			"feetype": 0,
			"filename": "豊崎愛生 - ハニーアンドループス【噗利噗利 奇酱!! ED】",
			"price_320": 0,
			"sqfilesize": 0,
			"hash": "0CD86A24749DDCAA1E5A1452217ACE26",
			"mvhash": "",
			"privilege": 0,
			"addtime": "2017-05-31 11:57:12",
			"pkg_price_320": 0,
			"fail_process_sq": 0,
			"fail_process_320": 0,
			"audio_id": 26846535,
			"320filesize": 8917363,
			"rp_publish": 1,
			"duration": 221,
			"topic_url_sq": "",
			"album_id": "2693601",
			"isfirst": 0,
			"320privilege": 0,
			"fail_process": 0,
			"320hash": "126D26C4EB2BEB046B8A2D5F4A5B01F7",
			"sqhash": "",
			"remark": "《噗利噗利 奇酱》动画片尾曲",
			"pay_type_sq": 0,
			"extname": "mp3",
			"sqprivilege": 0,
			"topic_url_320": "",
			"has_accompany": 1
		}, {
			"pay_type_320": 3,
			"m4afilesize": 0,
			"price_sq": 0,
			"first": 0,
			"filesize": 3801337,
			"bitrate": 128,
			"price": 200,
			"inlist": 1,
			"old_cpy": 1,
			"pkg_price_sq": 0,
			"pay_type": 3,
			"topic_url": "",
			"rp_type": "audio",
			"pkg_price": 1,
			"feetype": 0,
			"filename": "水曜日のカンパネラ - メロス",
			"price_320": 200,
			"sqfilesize": 0,
			"hash": "7CF7B6C8AB14E170ADEA4DCF91354D0D",
			"mvhash": "",
			"privilege": 8,
			"addtime": "2017-05-29 10:42:35",
			"pkg_price_320": 1,
			"fail_process_sq": 0,
			"fail_process_320": 4,
			"audio_id": 26802894,
			"320filesize": 9502516,
			"rp_publish": 1,
			"duration": 238,
			"topic_url_sq": "",
			"album_id": "2693100",
			"isfirst": 0,
			"320privilege": 10,
			"fail_process": 4,
			"320hash": "9438C5C1184A25E8D6841004BA51C6F8",
			"sqhash": "",
			"remark": "メロス",
			"pay_type_sq": 0,
			"extname": "mp3",
			"sqprivilege": 0,
			"topic_url_320": "",
			"has_accompany": 0
		}, {
			"pay_type_320": 3,
			"m4afilesize": 0,
			"price_sq": 0,
			"first": 0,
			"filesize": 4631631,
			"bitrate": 128,
			"price": 200,
			"inlist": 1,
			"old_cpy": 1,
			"pkg_price_sq": 0,
			"pay_type": 3,
			"topic_url": "",
			"rp_type": "audio",
			"pkg_price": 1,
			"feetype": 0,
			"filename": "コブクロ - 心【不干了，我开除了黑心公司 TM】",
			"price_320": 200,
			"sqfilesize": 0,
			"hash": "0846D069305933C653154F434AAEBB22",
			"mvhash": "2FF307E216B88DFE3FB63B71FE0E141D",
			"privilege": 8,
			"addtime": "2017-05-26 10:00:38",
			"pkg_price_320": 1,
			"fail_process_sq": 0,
			"fail_process_320": 4,
			"audio_id": 26660934,
			"320filesize": 11413453,
			"rp_publish": 1,
			"duration": 289,
			"topic_url_sq": "",
			"album_id": "2654210",
			"isfirst": 0,
			"320privilege": 10,
			"fail_process": 4,
			"320hash": "BD60B0E6600EC8F4F3DB5581517BD74D",
			"sqhash": "",
			"remark": "《不干了!我开除了黑心公司》日影主题曲",
			"pay_type_sq": 0,
			"extname": "mp3",
			"sqprivilege": 0,
			"topic_url_320": "",
			"has_accompany": 1
		}, {
			"pay_type_320": 0,
			"m4afilesize": 0,
			"price_sq": 0,
			"first": 0,
			"filesize": 4272004,
			"bitrate": 128,
			"price": 0,
			"inlist": 1,
			"old_cpy": 1,
			"pkg_price_sq": 0,
			"pay_type": 0,
			"topic_url": "",
			"rp_type": "audio",
			"pkg_price": 0,
			"feetype": 0,
			"filename": "鹿乃 - day by day【剑姬神圣谭 ED】",
			"price_320": 0,
			"sqfilesize": 29712396,
			"hash": "4E93021893C64A6AC56711CC2A379A3D",
			"mvhash": "1BF0ACE524602882381249E89DBBBDC8",
			"privilege": 0,
			"addtime": "2017-05-25 10:22:46",
			"pkg_price_320": 0,
			"fail_process_sq": 0,
			"fail_process_320": 0,
			"audio_id": 26784670,
			"320filesize": 10679946,
			"rp_publish": 1,
			"duration": 266,
			"topic_url_sq": "",
			"album_id": "2664518",
			"isfirst": 0,
			"320privilege": 0,
			"fail_process": 0,
			"320hash": "E73FC7B0A09689DA7DC2B29533FB710B",
			"sqhash": "7A869FA03EBB96B321C4A4115204DCD0",
			"remark": "《剑姬神圣谭》动画片尾曲",
			"pay_type_sq": 0,
			"extname": "mp3",
			"sqprivilege": 0,
			"topic_url_320": "",
			"has_accompany": 1
		}, {
			"pay_type_320": 0,
			"m4afilesize": 0,
			"price_sq": 0,
			"first": 0,
			"filesize": 3453211,
			"bitrate": 128,
			"price": 0,
			"inlist": 1,
			"old_cpy": 1,
			"pkg_price_sq": 0,
			"pay_type": 0,
			"topic_url": "",
			"rp_type": "audio",
			"pkg_price": 0,
			"feetype": 0,
			"filename": "鈴木このみ - Blow out【不正经的魔术讲师与禁忌教典 OP】",
			"price_320": 0,
			"sqfilesize": 30443778,
			"hash": "7D1CE1C18BA5B512D511BC2F78AE689B",
			"mvhash": "",
			"privilege": 0,
			"addtime": "2017-05-24 11:06:14",
			"pkg_price_320": 0,
			"fail_process_sq": 0,
			"fail_process_320": 0,
			"audio_id": 26768567,
			"320filesize": 8634025,
			"rp_publish": 1,
			"duration": 215,
			"topic_url_sq": "",
			"album_id": "2660274",
			"isfirst": 0,
			"320privilege": 0,
			"fail_process": 0,
			"320hash": "E5A9B20076BFF154FF720DBAD11D4C13",
			"sqhash": "FA0D1F2D4A30282A580DAA7EA2A15820",
			"remark": "《不正经的魔术讲师与禁忌教典》动画片头曲",
			"pay_type_sq": 0,
			"extname": "mp3",
			"sqprivilege": 0,
			"topic_url_320": "",
			"has_accompany": 1
		}, {
			"pay_type_320": 0,
			"m4afilesize": 0,
			"price_sq": 0,
			"first": 0,
			"filesize": 5796708,
			"bitrate": 128,
			"price": 0,
			"inlist": 1,
			"old_cpy": 1,
			"pkg_price_sq": 0,
			"pay_type": 0,
			"topic_url": "",
			"rp_type": "audio",
			"pkg_price": 0,
			"feetype": 0,
			"filename": "東山奈央 - 月がきれい【月色真美 ED】",
			"price_320": 0,
			"sqfilesize": 44767901,
			"hash": "033007006B7E3DF314DC02D2C079B149",
			"mvhash": "",
			"privilege": 0,
			"addtime": "2017-05-24 11:05:35",
			"pkg_price_320": 0,
			"fail_process_sq": 0,
			"fail_process_320": 0,
			"audio_id": 26768227,
			"320filesize": 14492767,
			"rp_publish": 1,
			"duration": 362,
			"topic_url_sq": "",
			"album_id": "2660242",
			"isfirst": 0,
			"320privilege": 0,
			"fail_process": 0,
			"320hash": "02EFF092FED09C73780C331F0452EC7B",
			"sqhash": "7E154E8097882BEBB44BCCD710697F61",
			"remark": "《月色真美》动画片尾曲",
			"pay_type_sq": 0,
			"extname": "mp3",
			"sqprivilege": 0,
			"topic_url_320": "",
			"has_accompany": 1
		}, {
			"pay_type_320": 0,
			"m4afilesize": 0,
			"price_sq": 0,
			"first": 0,
			"filesize": 4395302,
			"bitrate": 128,
			"price": 0,
			"inlist": 1,
			"old_cpy": 1,
			"pkg_price_sq": 0,
			"pay_type": 0,
			"topic_url": "",
			"rp_type": "audio",
			"pkg_price": 0,
			"feetype": 0,
			"filename": "TrySail - adrenaline!!!【埃罗芒阿老师 ED】",
			"price_320": 0,
			"sqfilesize": 38634258,
			"hash": "A97E9C9EBDEE85BC52147DE6825F3DA0",
			"mvhash": "58A13E01CAA184327CDF181AFBAA9067",
			"privilege": 0,
			"addtime": "2017-05-24 11:04:34",
			"pkg_price_320": 0,
			"fail_process_sq": 0,
			"fail_process_320": 0,
			"audio_id": 26765040,
			"320filesize": 10988191,
			"rp_publish": 1,
			"duration": 274,
			"topic_url_sq": "",
			"album_id": "2659322",
			"isfirst": 0,
			"320privilege": 0,
			"fail_process": 0,
			"320hash": "E543D6CF020EEBCCFA203A076F45A09F",
			"sqhash": "6C6DA13E185D1161E378AE001E1979C9",
			"remark": "《埃罗芒阿老师》动画片尾曲",
			"pay_type_sq": 0,
			"extname": "mp3",
			"sqprivilege": 0,
			"topic_url_320": "",
			"has_accompany": 1
		}, {
			"pay_type_320": 0,
			"m4afilesize": 0,
			"price_sq": 0,
			"first": 0,
			"filesize": 4075519,
			"bitrate": 128,
			"price": 0,
			"inlist": 1,
			"old_cpy": 1,
			"pkg_price_sq": 0,
			"pay_type": 0,
			"topic_url": "",
			"rp_type": "audio",
			"pkg_price": 0,
			"feetype": 0,
			"filename": "前野智昭、森久保祥太郎 - KILLER KISS",
			"price_320": 0,
			"sqfilesize": 0,
			"hash": "30FABC53EA3B60FF449B5848106D7EEC",
			"mvhash": "",
			"privilege": 0,
			"addtime": "2017-05-23 10:19:30",
			"pkg_price_320": 0,
			"fail_process_sq": 0,
			"fail_process_320": 0,
			"audio_id": 26759376,
			"320filesize": 10189064,
			"rp_publish": 1,
			"duration": 255,
			"topic_url_sq": "",
			"album_id": "2657796",
			"isfirst": 0,
			"320privilege": 0,
			"fail_process": 0,
			"320hash": "13C5F9C3DA07E6F01581600D1B681DE0",
			"sqhash": "",
			"remark": "うたの☆プリンスさまっ♪ アイドルソング 嶺二&カミュ",
			"pay_type_sq": 0,
			"extname": "mp3",
			"sqprivilege": 0,
			"topic_url_320": "",
			"has_accompany": 1
		}, {
			"pay_type_320": 0,
			"m4afilesize": 0,
			"price_sq": 0,
			"first": 0,
			"filesize": 3755900,
			"bitrate": 128,
			"price": 0,
			"inlist": 1,
			"old_cpy": 1,
			"pkg_price_sq": 0,
			"pay_type": 0,
			"topic_url": "",
			"rp_type": "audio",
			"pkg_price": 0,
			"feetype": 0,
			"filename": "GARNiDELiA - 桃源恋歌",
			"price_320": 0,
			"sqfilesize": 0,
			"hash": "74AC56132771CBB42B86D3382228D80D",
			"mvhash": "3436A73BE33A898B9FBF4AB0D441467D",
			"privilege": 0,
			"addtime": "2017-05-22 15:44:09",
			"pkg_price_320": 0,
			"fail_process_sq": 0,
			"fail_process_320": 0,
			"audio_id": 26708248,
			"320filesize": 9280000,
			"rp_publish": 1,
			"duration": 234,
			"topic_url_sq": "",
			"album_id": "0",
			"isfirst": 0,
			"320privilege": 0,
			"fail_process": 0,
			"320hash": "58D771C923616CABB1924CAB7CE6623A",
			"sqhash": "",
			"remark": "",
			"pay_type_sq": 0,
			"extname": "mp3",
			"sqprivilege": 0,
			"topic_url_320": "",
			"has_accompany": 0
		}, {
			"pay_type_320": 0,
			"m4afilesize": 0,
			"price_sq": 0,
			"first": 0,
			"filesize": 4081615,
			"bitrate": 128,
			"price": 0,
			"inlist": 1,
			"old_cpy": 1,
			"pkg_price_sq": 0,
			"pay_type": 0,
			"topic_url": "",
			"rp_type": "audio",
			"pkg_price": 0,
			"feetype": 0,
			"filename": "南條愛乃 - 光のはじまり【阿童木起源 ED】",
			"price_320": 0,
			"sqfilesize": 29450449,
			"hash": "07FF6FC649CA75BB378C0141AA38F4D2",
			"mvhash": "",
			"privilege": 0,
			"addtime": "2017-05-18 09:08:06",
			"pkg_price_320": 0,
			"fail_process_sq": 0,
			"fail_process_320": 0,
			"audio_id": 26726040,
			"320filesize": 10275019,
			"rp_publish": 1,
			"duration": 255,
			"topic_url_sq": "",
			"album_id": "2653906",
			"isfirst": 0,
			"320privilege": 0,
			"fail_process": 0,
			"320hash": "281EEB835F8FDCF2A6F5193AC77FF676",
			"sqhash": "87502D8710415C3B4BA1376088E9BA94",
			"remark": "《阿童木起源》动画片尾曲",
			"pay_type_sq": 0,
			"extname": "mp3",
			"sqprivilege": 0,
			"topic_url_320": "",
			"has_accompany": 1
		}, {
			"pay_type_320": 0,
			"m4afilesize": 0,
			"price_sq": 0,
			"first": 0,
			"filesize": 4402578,
			"bitrate": 128,
			"price": 0,
			"inlist": 1,
			"old_cpy": 1,
			"pkg_price_sq": 0,
			"pay_type": 0,
			"topic_url": "",
			"rp_type": "audio",
			"pkg_price": 0,
			"feetype": 0,
			"filename": "平井堅 - ノンフィクション【小巨人 TM】",
			"price_320": 0,
			"sqfilesize": 0,
			"hash": "3BC22A4C7F406A04D6F0110E9BE9FA1F",
			"mvhash": "",
			"privilege": 0,
			"addtime": "2017-05-17 16:25:15",
			"pkg_price_320": 0,
			"fail_process_sq": 0,
			"fail_process_320": 0,
			"audio_id": 26705333,
			"320filesize": 11005943,
			"rp_publish": 1,
			"duration": 275,
			"topic_url_sq": "",
			"album_id": "2537285",
			"isfirst": 0,
			"320privilege": 0,
			"fail_process": 0,
			"320hash": "75C9F00CFBE7E646C19209FE3CD016BD",
			"sqhash": "",
			"remark": "《小巨人》日剧主题曲",
			"pay_type_sq": 0,
			"extname": "mp3",
			"sqprivilege": 0,
			"topic_url_320": "",
			"has_accompany": 0
		}, {
			"pay_type_320": 1,
			"m4afilesize": 0,
			"price_sq": 200,
			"first": 0,
			"filesize": 5077140,
			"bitrate": 128,
			"price": 200,
			"inlist": 1,
			"old_cpy": 1,
			"pkg_price_sq": 1,
			"pay_type": 1,
			"topic_url": "",
			"rp_type": "audio",
			"pkg_price": 1,
			"feetype": 0,
			"filename": "EXILE ATSUSHI、久石譲 - 天音【炉场武士 TM】",
			"price_320": 200,
			"sqfilesize": 32086945,
			"hash": "381DFCC27512BE5D686C94E144920AB2",
			"mvhash": "",
			"privilege": 8,
			"addtime": "2017-05-17 15:31:21",
			"pkg_price_320": 1,
			"fail_process_sq": 4,
			"fail_process_320": 4,
			"audio_id": 26715292,
			"320filesize": 12691374,
			"rp_publish": 1,
			"duration": 317,
			"topic_url_sq": "",
			"album_id": "2606008",
			"isfirst": 0,
			"320privilege": 10,
			"fail_process": 4,
			"320hash": "047D8A58697B81068689401524BE4F07",
			"sqhash": "B2746C93D42F368A3819F1F05FE4AE2C",
			"remark": "《炉场武士》电影主题曲",
			"pay_type_sq": 1,
			"extname": "mp3",
			"sqprivilege": 10,
			"topic_url_320": "",
			"has_accompany": 1
		}, {
			"pay_type_320": 0,
			"m4afilesize": 0,
			"price_sq": 0,
			"first": 0,
			"filesize": 4518600,
			"bitrate": 128,
			"price": 0,
			"inlist": 1,
			"old_cpy": 1,
			"pkg_price_sq": 0,
			"pay_type": 0,
			"topic_url": "",
			"rp_type": "audio",
			"pkg_price": 0,
			"feetype": 0,
			"filename": "村川梨衣 - Tiny Tiny【机甲少女Frame Arms Girl OP】",
			"price_320": 0,
			"sqfilesize": 38745936,
			"hash": "4461E75EEE6F8EEC99DE263168008305",
			"mvhash": "",
			"privilege": 0,
			"addtime": "2017-05-17 11:00:20",
			"pkg_price_320": 0,
			"fail_process_sq": 0,
			"fail_process_320": 0,
			"audio_id": 26713100,
			"320filesize": 11296436,
			"rp_publish": 1,
			"duration": 282,
			"topic_url_sq": "",
			"album_id": "2605949",
			"isfirst": 0,
			"320privilege": 0,
			"fail_process": 0,
			"320hash": "EC2F4D29C83EDA9C07A76BDCC5895DE6",
			"sqhash": "F749BFB68B49670270A2444D8AAE2333",
			"remark": "《机甲少女Frame Arms Girl》动画片头曲",
			"pay_type_sq": 0,
			"extname": "mp3",
			"sqprivilege": 0,
			"topic_url_320": "",
			"has_accompany": 1
		}, {
			"pay_type_320": 0,
			"m4afilesize": 0,
			"price_sq": 0,
			"first": 0,
			"filesize": 5463979,
			"bitrate": 128,
			"price": 0,
			"inlist": 1,
			"old_cpy": 1,
			"pkg_price_sq": 0,
			"pay_type": 0,
			"topic_url": "",
			"rp_type": "audio",
			"pkg_price": 0,
			"feetype": 0,
			"filename": "Linked Horizon - 心臓を捧げよ!【进击的巨人 第二季OP】",
			"price_320": 0,
			"sqfilesize": 0,
			"hash": "D2F71E9EECE2F9E1CEE94EB7577EDF6B",
			"mvhash": "",
			"privilege": 0,
			"addtime": "2017-05-17 10:26:39",
			"pkg_price_320": 0,
			"fail_process_sq": 0,
			"fail_process_320": 0,
			"audio_id": 26719776,
			"320filesize": 14088442,
			"rp_publish": 1,
			"duration": 341,
			"topic_url_sq": "",
			"album_id": "2605990",
			"isfirst": 0,
			"320privilege": 0,
			"fail_process": 0,
			"320hash": "2C16A779BDC7DACFAF47153EE6347527",
			"sqhash": "",
			"remark": "《进击的巨人 第二季》动画片头曲",
			"pay_type_sq": 0,
			"extname": "mp3",
			"sqprivilege": 0,
			"topic_url_320": "",
			"has_accompany": 1
		}],
		"total": 100
	},
	"errcode": 0
}
