{
	"status": 1,
	"error": "",
	"data": {
		"timestamp": 1497514828,
		"info": [{
			"pay_type_320": 0,
			"m4afilesize": 0,
			"price_sq": 0,
			"first": 0,
			"filesize": 3399070,
			"bitrate": 128,
			"price": 0,
			"inlist": 1,
			"old_cpy": 1,
			"pkg_price_sq": 0,
			"pay_type": 0,
			"topic_url": "",
			"rp_type": "audio",
			"pkg_price": 0,
			"feetype": 0,
			"filename": "T-ara - 我的名字叫 (What's my name?) (내 이름은)",
			"price_320": 0,
			"sqfilesize": 0,
			"hash": "C4E32D5DF53A5EC11B6563ECF7D13E91",
			"mvhash": "EC83558EB2E001E16F0A3B3BD88813F2",
			"privilege": 0,
			"addtime": "2017-06-15 10:32:24",
			"pkg_price_320": 0,
			"fail_process_sq": 0,
			"fail_process_320": 0,
			"audio_id": 26960905,
			"320filesize": 8497336,
			"rp_publish": 1,
			"duration": 212,
			"topic_url_sq": "",
			"album_id": "2705174",
			"isfirst": 0,
			"320privilege": 0,
			"fail_process": 0,
			"320hash": "8F161A870CA47E6694CFBFF0FCC44640",
			"sqhash": "",
			"remark": "我的名字叫 (What's my name?)",
			"pay_type_sq": 0,
			"extname": "mp3",
			"sqprivilege": 0,
			"topic_url_320": "",
			"has_accompany": 0
		}, {
			"pay_type_320": 3,
			"m4afilesize": 0,
			"price_sq": 200,
			"first": 0,
			"filesize": 3115093,
			"bitrate": 128,
			"price": 200,
			"inlist": 1,
			"old_cpy": 1,
			"pkg_price_sq": 1,
			"pay_type": 3,
			"topic_url": "",
			"rp_type": "audio",
			"pkg_price": 1,
			"feetype": 0,
			"filename": "脸红的思春期、二十岁 - We Loved (남이 될 수 있을까)",
			"price_320": 200,
			"sqfilesize": 22738706,
			"hash": "DB5C0B3D8BE07364BB2D12BF6B773D59",
			"mvhash": "585E336AAEC8F410F24EA02A0A8BD478",
			"privilege": 8,
			"addtime": "2017-06-15 10:31:50",
			"pkg_price_320": 1,
			"fail_process_sq": 4,
			"fail_process_320": 4,
			"audio_id": 26954765,
			"320filesize": 7787770,
			"rp_publish": 1,
			"duration": 194,
			"topic_url_sq": "",
			"album_id": "2705177",
			"isfirst": 0,
			"320privilege": 10,
			"fail_process": 4,
			"320hash": "ED5414B606C7B9F26F2792862DCA9F3C",
			"sqhash": "FC637C179EA9EB7E5AE6D1E8DFFBD3BC",
			"remark": "We Loved (남이 될 수 있을까)",
			"pay_type_sq": 3,
			"extname": "mp3",
			"sqprivilege": 10,
			"topic_url_320": "",
			"has_accompany": 0
		}, {
			"pay_type_320": 0,
			"m4afilesize": 0,
			"price_sq": 0,
			"first": 0,
			"filesize": 3592179,
			"bitrate": 128,
			"price": 200,
			"inlist": 1,
			"old_cpy": 1,
			"pkg_price_sq": 0,
			"pay_type": 3,
			"topic_url": "",
			"rp_type": "audio",
			"pkg_price": 1,
			"feetype": 0,
			"filename": "PENTAGON - 珍贵的约定 (To Universe) (소중한 약속)",
			"price_320": 0,
			"sqfilesize": 0,
			"hash": "6BA35B9AF45DFA51C97559F2883D60CC",
			"mvhash": "",
			"privilege": 8,
			"addtime": "2017-06-12 15:41:43",
			"pkg_price_320": 0,
			"fail_process_sq": 0,
			"fail_process_320": 0,
			"audio_id": 26945297,
			"320filesize": 0,
			"rp_publish": 1,
			"duration": 224,
			"topic_url_sq": "",
			"album_id": "2702775",
			"isfirst": 0,
			"320privilege": 0,
			"fail_process": 4,
			"320hash": "",
			"sqhash": "",
			"remark": "CEREMONY",
			"pay_type_sq": 0,
			"extname": "mp3",
			"sqprivilege": 0,
			"topic_url_320": "",
			"has_accompany": 0
		}, {
			"pay_type_320": 3,
			"m4afilesize": 0,
			"price_sq": 200,
			"first": 0,
			"filesize": 4207221,
			"bitrate": 128,
			"price": 200,
			"inlist": 1,
			"old_cpy": 1,
			"pkg_price_sq": 1,
			"pay_type": 3,
			"topic_url": "",
			"rp_type": "audio",
			"pkg_price": 1,
			"feetype": 0,
			"filename": "FTISLAND - Wind",
			"price_320": 200,
			"sqfilesize": 29898499,
			"hash": "B29EE8A5414E56FEF089379EE931DB13",
			"mvhash": "BC50A13FB0D991E60F69DFFEDA27BA12",
			"privilege": 8,
			"addtime": "2017-06-07 11:57:05",
			"pkg_price_320": 1,
			"fail_process_sq": 4,
			"fail_process_320": 4,
			"audio_id": 26909325,
			"320filesize": 10515853,
			"rp_publish": 1,
			"duration": 263,
			"topic_url_sq": "",
			"album_id": "2699486",
			"isfirst": 0,
			"320privilege": 10,
			"fail_process": 4,
			"320hash": "0EAC474074B7262A4527A4CE450651DA",
			"sqhash": "DD6D295EF9AB7A0F50B1B736631BDAD8",
			"remark": "FTISLAND 10th Anniversary Album [OVER 10 YEARS]",
			"pay_type_sq": 3,
			"extname": "mp3",
			"sqprivilege": 10,
			"topic_url_320": "",
			"has_accompany": 0
		}, {
			"pay_type_320": 3,
			"m4afilesize": 0,
			"price_sq": 0,
			"first": 0,
			"filesize": 3176729,
			"bitrate": 128,
			"price": 200,
			"inlist": 1,
			"old_cpy": 1,
			"pkg_price_sq": 0,
			"pay_type": 3,
			"topic_url": "",
			"rp_type": "audio",
			"pkg_price": 1,
			"feetype": 0,
			"filename": "金请夏、Nucksal - Why Don't You Know",
			"price_320": 200,
			"sqfilesize": 0,
			"hash": "A99437EFDC20AD538175C8D1F049DCB6",
			"mvhash": "ADB90EBC649883FF2CE6E60EC0860090",
			"privilege": 8,
			"addtime": "2017-06-09 13:32:46",
			"pkg_price_320": 1,
			"fail_process_sq": 0,
			"fail_process_320": 4,
			"audio_id": 26910777,
			"320filesize": 7941464,
			"rp_publish": 1,
			"duration": 199,
			"topic_url_sq": "",
			"album_id": "2699656",
			"isfirst": 0,
			"320privilege": 10,
			"fail_process": 4,
			"320hash": "392ED884959C16404597DB1B83AD614C",
			"sqhash": "",
			"remark": "Hands on Me",
			"pay_type_sq": 0,
			"extname": "mp3",
			"sqprivilege": 0,
			"topic_url_320": "",
			"has_accompany": 0
		}, {
			"pay_type_320": 3,
			"m4afilesize": 0,
			"price_sq": 200,
			"first": 1,
			"filesize": 3639645,
			"bitrate": 128,
			"price": 200,
			"inlist": 1,
			"old_cpy": 1,
			"pkg_price_sq": 1,
			"pay_type": 3,
			"topic_url": "",
			"rp_type": "audio",
			"pkg_price": 1,
			"feetype": 0,
			"filename": "DAY6 - I Smile",
			"price_320": 200,
			"sqfilesize": 28462964,
			"hash": "4D8F482DFA5EB0C63A32227CA58E51D6",
			"mvhash": "137061FA1B955687E1E92A6B7F5652DA",
			"privilege": 8,
			"addtime": "2017-06-07 10:56:14",
			"pkg_price_320": 1,
			"fail_process_sq": 4,
			"fail_process_320": 4,
			"audio_id": 26902872,
			"320filesize": 9098111,
			"rp_publish": 1,
			"duration": 227,
			"topic_url_sq": "",
			"album_id": "2699240",
			"isfirst": 0,
			"320privilege": 10,
			"fail_process": 4,
			"320hash": "E9EA73C75DD2A2B805B320416703B778",
			"sqhash": "7047B9FE1E2B34B7CA3499BF51DDB84A",
			"remark": "SUNRISE",
			"pay_type_sq": 3,
			"extname": "mp3",
			"sqprivilege": 10,
			"topic_url_320": "",
			"has_accompany": 0
		}, {
			"pay_type_320": 3,
			"m4afilesize": 0,
			"price_sq": 200,
			"first": 0,
			"filesize": 3799711,
			"bitrate": 128,
			"price": 200,
			"inlist": 1,
			"old_cpy": 1,
			"pkg_price_sq": 1,
			"pay_type": 3,
			"topic_url": "",
			"rp_type": "audio",
			"pkg_price": 1,
			"feetype": 0,
			"filename": "辉人、Jeff Bernat、B.O. - DA RA DA (다라다)",
			"price_320": 200,
			"sqfilesize": 26792570,
			"hash": "35421E35EE5B3408106966A822F4C09C",
			"mvhash": "",
			"privilege": 8,
			"addtime": "2017-06-05 11:10:24",
			"pkg_price_320": 1,
			"fail_process_sq": 4,
			"fail_process_320": 4,
			"audio_id": 26894113,
			"320filesize": 9657518,
			"rp_publish": 1,
			"duration": 237,
			"topic_url_sq": "",
			"album_id": "2697903",
			"isfirst": 0,
			"320privilege": 10,
			"fail_process": 4,
			"320hash": "B476D2D34052DF46BB05E3CF4C9BCDE3",
			"sqhash": "2022F1D71E18ABC11293CE30EA4273F6",
			"remark": "DA RA DA (다라다)",
			"pay_type_sq": 3,
			"extname": "mp3",
			"sqprivilege": 10,
			"topic_url_320": "",
			"has_accompany": 1
		}, {
			"pay_type_320": 3,
			"m4afilesize": 0,
			"price_sq": 200,
			"first": 0,
			"filesize": 3327835,
			"bitrate": 128,
			"price": 200,
			"inlist": 1,
			"old_cpy": 1,
			"pkg_price_sq": 1,
			"pay_type": 3,
			"topic_url": "",
			"rp_type": "audio",
			"pkg_price": 1,
			"feetype": 0,
			"filename": "SISTAR - LONELY",
			"price_320": 200,
			"sqfilesize": 27292324,
			"hash": "DEE08C962B4B335439701DD0077E7E5A",
			"mvhash": "3FCC2D401BFCCDA2BDE2748F528051C3",
			"privilege": 8,
			"addtime": "2017-05-31 17:29:04",
			"pkg_price_320": 1,
			"fail_process_sq": 4,
			"fail_process_320": 4,
			"audio_id": 26849600,
			"320filesize": 8318561,
			"rp_publish": 1,
			"duration": 207,
			"topic_url_sq": "",
			"album_id": "2694933",
			"isfirst": 0,
			"320privilege": 10,
			"fail_process": 4,
			"320hash": "99331B7611414525234CD17A0143854F",
			"sqhash": "54F66AA47025FFA83DEBFED938F56C85",
			"remark": "LONELY",
			"pay_type_sq": 3,
			"extname": "mp3",
			"sqprivilege": 10,
			"topic_url_320": "",
			"has_accompany": 0
		}, {
			"pay_type_320": 3,
			"m4afilesize": 0,
			"price_sq": 200,
			"first": 0,
			"filesize": 3490189,
			"bitrate": 128,
			"price": 200,
			"inlist": 1,
			"old_cpy": 1,
			"pkg_price_sq": 1,
			"pay_type": 3,
			"topic_url": "",
			"rp_type": "audio",
			"pkg_price": 1,
			"feetype": 0,
			"filename": "Highlight - CALLING YOU",
			"price_320": 200,
			"sqfilesize": 28528666,
			"hash": "AA5C5E47D49625A01404C75CEB8219F7",
			"mvhash": "2B7B2BBA7AFA2BA9BCAF7F3B929B48AA",
			"privilege": 8,
			"addtime": "2017-05-29 20:13:51",
			"pkg_price_320": 1,
			"fail_process_sq": 4,
			"fail_process_320": 4,
			"audio_id": 26836905,
			"320filesize": 8725128,
			"rp_publish": 1,
			"duration": 218,
			"topic_url_sq": "",
			"album_id": "2693185",
			"isfirst": 0,
			"320privilege": 10,
			"fail_process": 4,
			"320hash": "83423333E9C96ECDEDEFE702F1C208D4",
			"sqhash": "4AA842D51E31538C18B8105FE5F71A95",
			"remark": "CALLING YOU",
			"pay_type_sq": 3,
			"extname": "mp3",
			"sqprivilege": 10,
			"topic_url_320": "",
			"has_accompany": 1
		}, {
			"pay_type_320": 3,
			"m4afilesize": 0,
			"price_sq": 200,
			"first": 0,
			"filesize": 2860364,
			"bitrate": 128,
			"price": 200,
			"inlist": 1,
			"old_cpy": 1,
			"pkg_price_sq": 1,
			"pay_type": 3,
			"topic_url": "",
			"rp_type": "audio",
			"pkg_price": 1,
			"feetype": 0,
			"filename": "APRIL - MAYDAY",
			"price_320": 200,
			"sqfilesize": 25893777,
			"hash": "B59F338B742C06827897BF67D1303CA9",
			"mvhash": "CC5D7A267632A61FA13101510362A811",
			"privilege": 8,
			"addtime": "2017-05-29 20:03:06",
			"pkg_price_320": 1,
			"fail_process_sq": 4,
			"fail_process_320": 4,
			"audio_id": 26836752,
			"320filesize": 7150506,
			"rp_publish": 1,
			"duration": 179,
			"topic_url_sq": "",
			"album_id": "2693174",
			"isfirst": 0,
			"320privilege": 10,
			"fail_process": 4,
			"320hash": "4F5E7B0EB9188B9A684811697376550E",
			"sqhash": "8C17C4FF03F6C0A0E5802717B5175C1E",
			"remark": "APRIL 2nd Single Album 'MAYDAY'",
			"pay_type_sq": 3,
			"extname": "mp3",
			"sqprivilege": 10,
			"topic_url_320": "",
			"has_accompany": 0
		}, {
			"pay_type_320": 3,
			"m4afilesize": 0,
			"price_sq": 200,
			"first": 1,
			"filesize": 3295247,
			"bitrate": 128,
			"price": 200,
			"inlist": 1,
			"old_cpy": 1,
			"pkg_price_sq": 1,
			"pay_type": 3,
			"topic_url": "",
			"rp_type": "audio",
			"pkg_price": 1,
			"feetype": 0,
			"filename": "白娥娟、The Barberettes - Sweet lies",
			"price_320": 200,
			"sqfilesize": 23725135,
			"hash": "4A1FC7845C9ABD61F4942D87F9FEAEEC",
			"mvhash": "64DA3A61746EF6A25F4AF32B26273BF9",
			"privilege": 8,
			"addtime": "2017-05-29 21:04:26",
			"pkg_price_320": 1,
			"fail_process_sq": 4,
			"fail_process_320": 4,
			"audio_id": 26798318,
			"320filesize": 8237109,
			"rp_publish": 1,
			"duration": 206,
			"topic_url_sq": "",
			"album_id": "2681540",
			"isfirst": 0,
			"320privilege": 10,
			"fail_process": 4,
			"320hash": "ED0885DE58107A0C018B47C35A192377",
			"sqhash": "6CCA6BC5D3B22A642E5A0E6FA370F9E6",
			"remark": "Bittersweet",
			"pay_type_sq": 3,
			"extname": "mp3",
			"sqprivilege": 10,
			"topic_url_320": "",
			"has_accompany": 1
		}, {
			"pay_type_320": 3,
			"m4afilesize": 0,
			"price_sq": 200,
			"first": 1,
			"filesize": 4209311,
			"bitrate": 128,
			"price": 200,
			"inlist": 1,
			"old_cpy": 1,
			"pkg_price_sq": 1,
			"pay_type": 3,
			"topic_url": "",
			"rp_type": "audio",
			"pkg_price": 1,
			"feetype": 0,
			"filename": "南太铉(South Club) - Hug Me",
			"price_320": 200,
			"sqfilesize": 28912432,
			"hash": "9DC2CB912554FDA937C482A3F71FBDC7",
			"mvhash": "D5499FA517A6EE33650393993D7D41F7",
			"privilege": 8,
			"addtime": "2017-05-26 11:04:26",
			"pkg_price_320": 1,
			"fail_process_sq": 4,
			"fail_process_320": 4,
			"audio_id": 26794742,
			"320filesize": 10521077,
			"rp_publish": 1,
			"duration": 263,
			"topic_url_sq": "",
			"album_id": "2679054",
			"isfirst": 0,
			"320privilege": 10,
			"fail_process": 4,
			"320hash": "122812121FABCD7DC870E6007ABEDF6B",
			"sqhash": "896C7B4AB799194EE7D1B8B6F88D3201",
			"remark": "Hug Me",
			"pay_type_sq": 3,
			"extname": "mp3",
			"sqprivilege": 10,
			"topic_url_320": "",
			"has_accompany": 1
		}, {
			"pay_type_320": 3,
			"m4afilesize": 0,
			"price_sq": 200,
			"first": 0,
			"filesize": 3056534,
			"bitrate": 128,
			"price": 200,
			"inlist": 1,
			"old_cpy": 1,
			"pkg_price_sq": 1,
			"pay_type": 3,
			"topic_url": "",
			"rp_type": "audio",
			"pkg_price": 1,
			"feetype": 0,
			"filename": "LOCO、DEAN - Too Much",
			"price_320": 200,
			"sqfilesize": 21491885,
			"hash": "D4BFE7605526A35E6A947427FFF8CD45",
			"mvhash": "3393C53BE24E6F27DCB324DC9E6E3FC0",
			"privilege": 8,
			"addtime": "2017-05-26 10:45:31",
			"pkg_price_320": 1,
			"fail_process_sq": 4,
			"fail_process_320": 4,
			"audio_id": 26787905,
			"320filesize": 7641114,
			"rp_publish": 1,
			"duration": 191,
			"topic_url_sq": "",
			"album_id": "2676657",
			"isfirst": 0,
			"320privilege": 10,
			"fail_process": 4,
			"320hash": "01F3817F7AB14A7E5B9674A0503650C2",
			"sqhash": "A73408B85FA171D70E2575EDE2922812",
			"remark": "BLEACHED",
			"pay_type_sq": 3,
			"extname": "mp3",
			"sqprivilege": 10,
			"topic_url_320": "",
			"has_accompany": 0
		}, {
			"pay_type_320": 3,
			"m4afilesize": 0,
			"price_sq": 200,
			"first": 0,
			"filesize": 3128270,
			"bitrate": 128,
			"price": 200,
			"inlist": 1,
			"old_cpy": 1,
			"pkg_price_sq": 1,
			"pay_type": 3,
			"topic_url": "",
			"rp_type": "audio",
			"pkg_price": 1,
			"feetype": 0,
			"filename": "Yezi - Anck Su Namum",
			"price_320": 200,
			"sqfilesize": 26488381,
			"hash": "ECD6EE3F6464194F1615D6688BFC1C9F",
			"mvhash": "C07BCE156E6ECD521B4B15B47F6CA2BD",
			"privilege": 8,
			"addtime": "2017-05-25 10:01:49",
			"pkg_price_320": 1,
			"fail_process_sq": 4,
			"fail_process_320": 4,
			"audio_id": 26775074,
			"320filesize": 7820280,
			"rp_publish": 1,
			"duration": 195,
			"topic_url_sq": "",
			"album_id": "2661922",
			"isfirst": 0,
			"320privilege": 10,
			"fail_process": 4,
			"320hash": "5D2EB3416C49A63CFBEB20A138D09710",
			"sqhash": "EAD797BE25169EEB3D1D7067ED3A7CB7",
			"remark": "Anck Su Namum",
			"pay_type_sq": 3,
			"extname": "mp3",
			"sqprivilege": 10,
			"topic_url_320": "",
			"has_accompany": 0
		}, {
			"pay_type_320": 3,
			"m4afilesize": 0,
			"price_sq": 200,
			"first": 0,
			"filesize": 4260927,
			"bitrate": 128,
			"price": 200,
			"inlist": 1,
			"old_cpy": 1,
			"pkg_price_sq": 1,
			"pay_type": 3,
			"topic_url": "",
			"rp_type": "audio",
			"pkg_price": 1,
			"feetype": 0,
			"filename": "FTISLAND、金娜英 - 爱之痛",
			"price_320": 200,
			"sqfilesize": 30104157,
			"hash": "4576BA8799EF4785A189549A66922452",
			"mvhash": "3B9058173897887349955775D6ED9A83",
			"privilege": 8,
			"addtime": "2017-05-29 13:23:53",
			"pkg_price_320": 1,
			"fail_process_sq": 4,
			"fail_process_320": 4,
			"audio_id": 26832125,
			"320filesize": 10650793,
			"rp_publish": 1,
			"duration": 266,
			"topic_url_sq": "",
			"album_id": "2693123",
			"isfirst": 0,
			"320privilege": 10,
			"fail_process": 4,
			"320hash": "5F05721D41D219CC13B2A447872ACB09",
			"sqhash": "343EFEFA0EA67E45824D62434F34D89B",
			"remark": "FTISLAND 10th Anniversary Special Digital Single",
			"pay_type_sq": 3,
			"extname": "mp3",
			"sqprivilege": 10,
			"topic_url_320": "",
			"has_accompany": 1
		}, {
			"pay_type_320": 3,
			"m4afilesize": 0,
			"price_sq": 200,
			"first": 1,
			"filesize": 3509647,
			"bitrate": 128,
			"price": 200,
			"inlist": 1,
			"old_cpy": 1,
			"pkg_price_sq": 1,
			"pay_type": 3,
			"topic_url": "",
			"rp_type": "audio",
			"pkg_price": 1,
			"feetype": 0,
			"filename": "iKON - BLING BLING",
			"price_320": 200,
			"sqfilesize": 28174661,
			"hash": "EFCE1075EBA053B362537CF1C94400BC",
			"mvhash": "38FA5E3C424F2DF9BB813787138EB461",
			"privilege": 8,
			"addtime": "2017-05-22 16:55:23",
			"pkg_price_320": 1,
			"fail_process_sq": 4,
			"fail_process_320": 4,
			"audio_id": 26758415,
			"320filesize": 8764380,
			"rp_publish": 1,
			"duration": 219,
			"topic_url_sq": "",
			"album_id": "2657509",
			"isfirst": 0,
			"320privilege": 10,
			"fail_process": 4,
			"320hash": "AE3E0313B3BA4B6B1E67EE6C0452DC8D",
			"sqhash": "5F1A671A658C62CECCA008A942B8E9CA",
			"remark": "NEW KIDS : BEGIN",
			"pay_type_sq": 3,
			"extname": "mp3",
			"sqprivilege": 10,
			"topic_url_320": "",
			"has_accompany": 1
		}, {
			"pay_type_320": 3,
			"m4afilesize": 0,
			"price_sq": 200,
			"first": 0,
			"filesize": 3341793,
			"bitrate": 128,
			"price": 200,
			"inlist": 1,
			"old_cpy": 1,
			"pkg_price_sq": 1,
			"pay_type": 3,
			"topic_url": "",
			"rp_type": "audio",
			"pkg_price": 1,
			"feetype": 0,
			"filename": "KNK - 日,月,星",
			"price_320": 200,
			"sqfilesize": 26752701,
			"hash": "15F2792A63C2C0B5D5137C6D1B5B9851",
			"mvhash": "FFB0B07FC82904841EF3F1FDF77EF1C7",
			"privilege": 8,
			"addtime": "2017-05-26 10:46:06",
			"pkg_price_320": 1,
			"fail_process_sq": 4,
			"fail_process_320": 4,
			"audio_id": 26788946,
			"320filesize": 8354169,
			"rp_publish": 1,
			"duration": 209,
			"topic_url_sq": "",
			"album_id": "2676661",
			"isfirst": 0,
			"320privilege": 10,
			"fail_process": 4,
			"320hash": "A497572BD2608DBE5713946B734C6FA4",
			"sqhash": "866EC0495D93A7609955ABC1CD304A02",
			"remark": "GRAVITY",
			"pay_type_sq": 3,
			"extname": "mp3",
			"sqprivilege": 10,
			"topic_url_320": "",
			"has_accompany": 1
		}, {
			"pay_type_320": 3,
			"m4afilesize": 0,
			"price_sq": 200,
			"first": 0,
			"filesize": 3255946,
			"bitrate": 128,
			"price": 200,
			"inlist": 1,
			"old_cpy": 1,
			"pkg_price_sq": 1,
			"pay_type": 3,
			"topic_url": "",
			"rp_type": "audio",
			"pkg_price": 1,
			"feetype": 0,
			"filename": "Seventeen - Don't Wanna Cry",
			"price_320": 200,
			"sqfilesize": 26601072,
			"hash": "C1A7AB7573AE14C6227D757FDE0B3F25",
			"mvhash": "2BEBD1934D89CDCE782C2A6E6832BB6C",
			"privilege": 8,
			"addtime": "2017-05-22 17:34:00",
			"pkg_price_320": 1,
			"fail_process_sq": 4,
			"fail_process_320": 4,
			"audio_id": 26758988,
			"320filesize": 8138709,
			"rp_publish": 1,
			"duration": 203,
			"topic_url_sq": "",
			"album_id": "2657719",
			"isfirst": 0,
			"320privilege": 10,
			"fail_process": 4,
			"320hash": "490DC09A8F243ACC3DB8406CC06D0DFD",
			"sqhash": "6DD845B60805519EA08C72CA518D1906",
			"remark": "Don't Wanna Cry",
			"pay_type_sq": 3,
			"extname": "mp3",
			"sqprivilege": 10,
			"topic_url_320": "",
			"has_accompany": 1
		}, {
			"pay_type_320": 3,
			"m4afilesize": 0,
			"price_sq": 200,
			"first": 0,
			"filesize": 3260721,
			"bitrate": 128,
			"price": 200,
			"inlist": 1,
			"old_cpy": 1,
			"pkg_price_sq": 1,
			"pay_type": 3,
			"topic_url": "",
			"rp_type": "audio",
			"pkg_price": 1,
			"feetype": 0,
			"filename": "San E、脸红的思春期 - mohae",
			"price_320": 200,
			"sqfilesize": 23975048,
			"hash": "2CB9A788ED0992D11F25D6774F7142CD",
			"mvhash": "",
			"privilege": 8,
			"addtime": "2017-05-25 09:51:42",
			"pkg_price_320": 1,
			"fail_process_sq": 4,
			"fail_process_320": 4,
			"audio_id": 26773123,
			"320filesize": 8151471,
			"rp_publish": 1,
			"duration": 204,
			"topic_url_sq": "",
			"album_id": "2660767",
			"isfirst": 0,
			"320privilege": 10,
			"fail_process": 4,
			"320hash": "265E28C121F5AFB01B84F28C5EAFD473",
			"sqhash": "09071E49E31A8A13DA1E3917A6DB73F9",
			"remark": "在干什么",
			"pay_type_sq": 3,
			"extname": "mp3",
			"sqprivilege": 10,
			"topic_url_320": "",
			"has_accompany": 1
		}, {
			"pay_type_320": 3,
			"m4afilesize": 0,
			"price_sq": 200,
			"first": 0,
			"filesize": 3112251,
			"bitrate": 128,
			"price": 200,
			"inlist": 1,
			"old_cpy": 1,
			"pkg_price_sq": 1,
			"pay_type": 3,
			"topic_url": "",
			"rp_type": "audio",
			"pkg_price": 1,
			"feetype": 0,
			"filename": "PRISTIN - Black Widow (Remix Ver.)",
			"price_320": 200,
			"sqfilesize": 26783076,
			"hash": "331B7845F5C7589A530189DA259FE7B8",
			"mvhash": "",
			"privilege": 8,
			"addtime": "2017-05-24 11:55:20",
			"pkg_price_320": 1,
			"fail_process_sq": 4,
			"fail_process_320": 4,
			"audio_id": 26739107,
			"320filesize": 7780437,
			"rp_publish": 1,
			"duration": 194,
			"topic_url_sq": "",
			"album_id": "2655803",
			"isfirst": 0,
			"320privilege": 10,
			"fail_process": 4,
			"320hash": "AF4946057FCEFCE22D55DE6284A7F391",
			"sqhash": "4715CB6A2B537BAD4A83CB4172BD05F1",
			"remark": "Black Widow (Remix Ver.)",
			"pay_type_sq": 3,
			"extname": "mp3",
			"sqprivilege": 10,
			"topic_url_320": "",
			"has_accompany": 0
		}, {
			"pay_type_320": 3,
			"m4afilesize": 0,
			"price_sq": 0,
			"first": 0,
			"filesize": 3607867,
			"bitrate": 128,
			"price": 200,
			"inlist": 1,
			"old_cpy": 1,
			"pkg_price_sq": 0,
			"pay_type": 3,
			"topic_url": "",
			"rp_type": "audio",
			"pkg_price": 1,
			"feetype": 0,
			"filename": "MAMAMOO - 敞开心扉啊【Man X Man OST】",
			"price_320": 200,
			"sqfilesize": 0,
			"hash": "568C40F06890FFE97DF6ECF31EE8A723",
			"mvhash": "",
			"privilege": 8,
			"addtime": "2017-05-22 11:42:00",
			"pkg_price_320": 1,
			"fail_process_sq": 0,
			"fail_process_320": 4,
			"audio_id": 26734946,
			"320filesize": 9151097,
			"rp_publish": 1,
			"duration": 225,
			"topic_url_sq": "",
			"album_id": "2657077",
			"isfirst": 0,
			"320privilege": 10,
			"fail_process": 4,
			"320hash": "EDB05FFE02A75098DD7A4EBB2D916964",
			"sqhash": "",
			"remark": "《Man X Man》电视剧插曲",
			"pay_type_sq": 0,
			"extname": "mp3",
			"sqprivilege": 0,
			"topic_url_320": "",
			"has_accompany": 1
		}, {
			"pay_type_320": 3,
			"m4afilesize": 0,
			"price_sq": 200,
			"first": 0,
			"filesize": 3570669,
			"bitrate": 128,
			"price": 200,
			"inlist": 1,
			"old_cpy": 1,
			"pkg_price_sq": 1,
			"pay_type": 3,
			"topic_url": "",
			"rp_type": "audio",
			"pkg_price": 1,
			"feetype": 0,
			"filename": "PENTAGON - Beautiful (Prod. by 郑镒勋 Of BTOB)",
			"price_320": 200,
			"sqfilesize": 27500241,
			"hash": "B38E39D17C2A413517EA482F99BD12D0",
			"mvhash": "FBB5AB541416E12D8074297BFB68EAF5",
			"privilege": 8,
			"addtime": "2017-05-19 11:08:12",
			"pkg_price_320": 1,
			"fail_process_sq": 4,
			"fail_process_320": 4,
			"audio_id": 26730105,
			"320filesize": 8926607,
			"rp_publish": 1,
			"duration": 223,
			"topic_url_sq": "",
			"album_id": "2654338",
			"isfirst": 0,
			"320privilege": 10,
			"fail_process": 4,
			"320hash": "9C4CC932F9A6A8FAC2B5E6D6D9027314",
			"sqhash": "2FF3C1382355ED242A1BA25C5BAE573A",
			"remark": "Beautiful (Prod. by 郑镒勋 Of BTOB)",
			"pay_type_sq": 3,
			"extname": "mp3",
			"sqprivilege": 10,
			"topic_url_320": "",
			"has_accompany": 1
		}, {
			"pay_type_320": 3,
			"m4afilesize": 0,
			"price_sq": 200,
			"first": 1,
			"filesize": 3237973,
			"bitrate": 128,
			"price": 200,
			"inlist": 1,
			"old_cpy": 1,
			"pkg_price_sq": 1,
			"pay_type": 3,
			"topic_url": "",
			"rp_type": "audio",
			"pkg_price": 1,
			"feetype": 0,
			"filename": "VIXX - 桃源境",
			"price_320": 200,
			"sqfilesize": 25720223,
			"hash": "BAE83DA0783C4B1A8515A4D00AED0763",
			"mvhash": "7A1BC0EB0D5F316DCC8CA14CDB580232",
			"privilege": 8,
			"addtime": "2017-05-15 17:00:08",
			"pkg_price_320": 1,
			"fail_process_sq": 4,
			"fail_process_320": 4,
			"audio_id": 26697776,
			"320filesize": 8092734,
			"rp_publish": 1,
			"duration": 202,
			"topic_url_sq": "",
			"album_id": "2428523",
			"isfirst": 0,
			"320privilege": 10,
			"fail_process": 4,
			"320hash": "3816645D439378C9BF85D2B3A5159FEB",
			"sqhash": "A8F27C29E25F81C00702AEF2C818B278",
			"remark": "桃源境",
			"pay_type_sq": 3,
			"extname": "mp3",
			"sqprivilege": 10,
			"topic_url_320": "",
			"has_accompany": 1
		}, {
			"pay_type_320": 3,
			"m4afilesize": 0,
			"price_sq": 200,
			"first": 0,
			"filesize": 3148112,
			"bitrate": 128,
			"price": 200,
			"inlist": 1,
			"old_cpy": 1,
			"pkg_price_sq": 1,
			"pay_type": 3,
			"topic_url": "",
			"rp_type": "audio",
			"pkg_price": 1,
			"feetype": 0,
			"filename": "TWICE - SIGNAL",
			"price_320": 200,
			"sqfilesize": 24386185,
			"hash": "43D8A7275ADBBDD0A5D617D8CE2EBD9F",
			"mvhash": "FDA66B070A50C2310A39F90EBC2FF58D",
			"privilege": 8,
			"addtime": "2017-05-15 18:01:17",
			"pkg_price_320": 1,
			"fail_process_sq": 4,
			"fail_process_320": 4,
			"audio_id": 26698400,
			"320filesize": 7869255,
			"rp_publish": 1,
			"duration": 196,
			"topic_url_sq": "",
			"album_id": "2428666",
			"isfirst": 0,
			"320privilege": 10,
			"fail_process": 4,
			"320hash": "87D838A8221FEB2A9EEC6311B2BAD353",
			"sqhash": "6F3E1553E1FB71BC798E64042010683B",
			"remark": "SIGNAL",
			"pay_type_sq": 3,
			"extname": "mp3",
			"sqprivilege": 10,
			"topic_url_320": "",
			"has_accompany": 0
		}, {
			"pay_type_320": 3,
			"m4afilesize": 0,
			"price_sq": 200,
			"first": 1,
			"filesize": 3266985,
			"bitrate": 128,
			"price": 200,
			"inlist": 1,
			"old_cpy": 1,
			"pkg_price_sq": 1,
			"pay_type": 3,
			"topic_url": "",
			"rp_type": "audio",
			"pkg_price": 1,
			"feetype": 0,
			"filename": "Roy Kim - 自私警报",
			"price_320": 200,
			"sqfilesize": 24142326,
			"hash": "EB6E17E2A98900098C87970425ECD36D",
			"mvhash": "380F2059D69513531B2AABFC3BCAFA02",
			"privilege": 8,
			"addtime": "2017-05-16 19:06:29",
			"pkg_price_320": 1,
			"fail_process_sq": 4,
			"fail_process_320": 4,
			"audio_id": 26712240,
			"320filesize": 8167138,
			"rp_publish": 1,
			"duration": 204,
			"topic_url_sq": "",
			"album_id": "2571782",
			"isfirst": 0,
			"320privilege": 10,
			"fail_process": 4,
			"320hash": "9DDE260C53111BF2CC3CD8B2C2EDE01D",
			"sqhash": "103E0F90EEE05D8D9C0B55004BB4F9D5",
			"remark": "开花期 (Blossom)",
			"pay_type_sq": 3,
			"extname": "mp3",
			"sqprivilege": 10,
			"topic_url_320": "",
			"has_accompany": 0
		}, {
			"pay_type_320": 3,
			"m4afilesize": 0,
			"price_sq": 200,
			"first": 1,
			"filesize": 3025650,
			"bitrate": 128,
			"price": 200,
			"inlist": 1,
			"old_cpy": 1,
			"pkg_price_sq": 1,
			"pay_type": 3,
			"topic_url": "",
			"rp_type": "audio",
			"pkg_price": 1,
			"feetype": 0,
			"filename": "PSY - I LUV IT",
			"price_320": 200,
			"sqfilesize": 24534955,
			"hash": "792409E7F65BE4864FC1F2CA591F48ED",
			"mvhash": "452C2AADFEB50252D8C4D5FDAD69F973",
			"privilege": 8,
			"addtime": "2017-05-10 16:55:31",
			"pkg_price_320": 1,
			"fail_process_sq": 4,
			"fail_process_320": 4,
			"audio_id": 26646719,
			"320filesize": 7555428,
			"rp_publish": 1,
			"duration": 189,
			"topic_url_sq": "",
			"album_id": "2232114",
			"isfirst": 0,
			"320privilege": 10,
			"fail_process": 4,
			"320hash": "F0A5D384EE65109023F2DFED3E00E2CC",
			"sqhash": "4827CD15AC6EE36F18776D7C146B390E",
			"remark": "PSY 8th 4X2=8",
			"pay_type_sq": 3,
			"extname": "mp3",
			"sqprivilege": 10,
			"topic_url_320": "",
			"has_accompany": 0
		}, {
			"pay_type_320": 3,
			"m4afilesize": 0,
			"price_sq": 200,
			"first": 1,
			"filesize": 3572759,
			"bitrate": 128,
			"price": 200,
			"inlist": 1,
			"old_cpy": 1,
			"pkg_price_sq": 1,
			"pay_type": 3,
			"topic_url": "",
			"rp_type": "audio",
			"pkg_price": 1,
			"feetype": 0,
			"filename": "DAY6 - DANCE DANCE",
			"price_320": 200,
			"sqfilesize": 30008789,
			"hash": "812B6427A62C089463340F357C8DBCEC",
			"mvhash": "3ED18F9FF82E569C40C629E0E6655BBF",
			"privilege": 8,
			"addtime": "2017-05-08 11:14:56",
			"pkg_price_320": 1,
			"fail_process_sq": 4,
			"fail_process_320": 4,
			"audio_id": 26575147,
			"320filesize": 8930787,
			"rp_publish": 1,
			"duration": 223,
			"topic_url_sq": "",
			"album_id": "2204470",
			"isfirst": 0,
			"320privilege": 10,
			"fail_process": 4,
			"320hash": "DA901F2C8A73E0448FC9B67538718289",
			"sqhash": "C5A94348832CD8B69411D2E255B429B5",
			"remark": "Every DAY6 May",
			"pay_type_sq": 3,
			"extname": "mp3",
			"sqprivilege": 10,
			"topic_url_320": "",
			"has_accompany": 0
		}, {
			"pay_type_320": 3,
			"m4afilesize": 0,
			"price_sq": 200,
			"first": 0,
			"filesize": 3143933,
			"bitrate": 128,
			"price": 200,
			"inlist": 1,
			"old_cpy": 1,
			"pkg_price_sq": 1,
			"pay_type": 3,
			"topic_url": "",
			"rp_type": "audio",
			"pkg_price": 1,
			"feetype": 0,
			"filename": "LOVELYZ - 现在,我们",
			"price_320": 200,
			"sqfilesize": 28705217,
			"hash": "88280950A6A24CEA53E4680F367A607C",
			"mvhash": "6616B4D3DE22CD98E212220676AB3C2F",
			"privilege": 8,
			"addtime": "2017-05-02 18:46:23",
			"pkg_price_320": 1,
			"fail_process_sq": 4,
			"fail_process_320": 4,
			"audio_id": 26532364,
			"320filesize": 7857632,
			"rp_publish": 1,
			"duration": 196,
			"topic_url_sq": "",
			"album_id": "2171992",
			"isfirst": 0,
			"320privilege": 10,
			"fail_process": 4,
			"320hash": "7768329DE328482A70DC3A4EA5BCEC09",
			"sqhash": "21C7D6D1AE4281C45C8EBE9AC03E8E62",
			"remark": "Lovelyz 2nd Album Repackage [지금, 우리]",
			"pay_type_sq": 3,
			"extname": "mp3",
			"sqprivilege": 10,
			"topic_url_320": "",
			"has_accompany": 0
		}, {
			"pay_type_320": 3,
			"m4afilesize": 0,
			"price_sq": 200,
			"first": 0,
			"filesize": 3063850,
			"bitrate": 128,
			"price": 200,
			"inlist": 1,
			"old_cpy": 1,
			"pkg_price_sq": 1,
			"pay_type": 3,
			"topic_url": "",
			"rp_type": "audio",
			"pkg_price": 1,
			"feetype": 0,
			"filename": "龙俊亨、Heize - 会一直在吗",
			"price_320": 200,
			"sqfilesize": 23302160,
			"hash": "78FCC5D56B7B8984585B1615C43A1215",
			"mvhash": "A3B733B184D55199C595728838AA1FC9",
			"privilege": 8,
			"addtime": "2017-05-02 17:51:26",
			"pkg_price_320": 1,
			"fail_process_sq": 4,
			"fail_process_320": 4,
			"audio_id": 26532318,
			"320filesize": 7659312,
			"rp_publish": 1,
			"duration": 191,
			"topic_url_sq": "",
			"album_id": "2171872",
			"isfirst": 0,
			"320privilege": 10,
			"fail_process": 4,
			"320hash": "6A434C532F7933DE75D89CAA82ED8F8F",
			"sqhash": "0B8A09AB6C696AB6A1470998CA92D8DE",
			"remark": "Wonder If",
			"pay_type_sq": 3,
			"extname": "mp3",
			"sqprivilege": 10,
			"topic_url_320": "",
			"has_accompany": 1
		}, {
			"pay_type_320": 3,
			"m4afilesize": 0,
			"price_sq": 0,
			"first": 0,
			"filesize": 3519016,
			"bitrate": 128,
			"price": 200,
			"inlist": 1,
			"old_cpy": 1,
			"pkg_price_sq": 0,
			"pay_type": 3,
			"topic_url": "",
			"rp_type": "audio",
			"pkg_price": 1,
			"feetype": 0,
			"filename": "Triple H - 365 FRESH",
			"price_320": 200,
			"sqfilesize": 0,
			"hash": "2B6C180E24237749BA6337F760623301",
			"mvhash": "851538C3607D11BE0CA4ADAF4F49A4C6",
			"privilege": 8,
			"addtime": "2017-05-01 14:21:44",
			"pkg_price_320": 1,
			"fail_process_sq": 0,
			"fail_process_320": 4,
			"audio_id": 26521462,
			"320filesize": 8797214,
			"rp_publish": 1,
			"duration": 220,
			"topic_url_sq": "",
			"album_id": "2164760",
			"isfirst": 0,
			"320privilege": 10,
			"fail_process": 4,
			"320hash": "B441BC459ACF23FBDAB1E79A9DFA7194",
			"sqhash": "",
			"remark": "199X",
			"pay_type_sq": 0,
			"extname": "mp3",
			"sqprivilege": 0,
			"topic_url_320": "",
			"has_accompany": 1
		}],
		"total": 101
	},
	"errcode": 0
}
