{
	"status": 1,
	"error": "",
	"data": {
		"timestamp": 1497515087,
		"info": [{
			"pay_type_320": 3,
			"m4afilesize": 0,
			"price_sq": 200,
			"filesize": 3876989,
			"bitrate": 127,
			"price": 200,
			"inlist": 1,
			"old_cpy": 1,
			"pkg_price_sq": 1,
			"pay_type": 3,
			"topic_url": "",
			"rp_type": "audio",
			"pkg_price": 1,
			"feetype": 0,
			"filename": "周传雄 - 男人·海洋",
			"price_320": 200,
			"extname": "mp3",
			"hash": "1393378FC975F1F50A77F454FC9A2594",
			"audio_id": 293838,
			"privilege": 8,
			"pkg_price_320": 1,
			"sqfilesize": 24231119,
			"topic_url_320": "",
			"320filesize": 9694758,
			"rp_publish": 1,
			"duration": 242,
			"topic_url_sq": "",
			"album_id": "508753",
			"remark": "男人·海洋",
			"320hash": "B234B527F7C6EEBF0189CBA593788A3C",
			"fail_process": 4,
			"mvhash": "871E773424D68F755FCE9B4E4183744C",
			"has_accompany": 1,
			"fail_process_sq": 4,
			"pay_type_sq": 3,
			"fail_process_320": 4,
			"sqprivilege": 10,
			"320privilege": 10,
			"sqhash": "4D60438D3154E782B021CFAC7CE0D307"
		}, {
			"pay_type_320": 3,
			"m4afilesize": 0,
			"price_sq": 200,
			"filesize": 3681670,
			"bitrate": 128,
			"price": 200,
			"inlist": 1,
			"old_cpy": 1,
			"pkg_price_sq": 1,
			"pay_type": 3,
			"topic_url": "",
			"rp_type": "audio",
			"pkg_price": 1,
			"feetype": 0,
			"filename": "林俊杰 - 学不会",
			"price_320": 200,
			"extname": "mp3",
			"hash": "8B3479BC25CFE817369DEEC1CCD03A7D",
			"audio_id": 856540,
			"privilege": 8,
			"pkg_price_320": 1,
			"sqfilesize": 26508933,
			"topic_url_320": "",
			"320filesize": 9185854,
			"rp_publish": 1,
			"duration": 229,
			"topic_url_sq": "",
			"album_id": "977237",
			"remark": "学不会",
			"320hash": "6F180A2D30F64D2CB26D6824FEE5D0CA",
			"fail_process": 4,
			"mvhash": "26EE10F2E0D99B557F2CC385FFB83362",
			"has_accompany": 1,
			"fail_process_sq": 4,
			"pay_type_sq": 3,
			"fail_process_320": 4,
			"sqprivilege": 10,
			"320privilege": 10,
			"sqhash": "DC39C7D5FDB14D19973C106C93EA3F40"
		}, {
			"pay_type_320": 3,
			"m4afilesize": 0,
			"price_sq": 200,
			"filesize": 3558691,
			"bitrate": 128,
			"price": 200,
			"inlist": 1,
			"old_cpy": 1,
			"pkg_price_sq": 1,
			"pay_type": 3,
			"topic_url": "",
			"rp_type": "audio",
			"pkg_price": 1,
			"feetype": 0,
			"filename": "周杰伦 - 你好吗",
			"price_320": 200,
			"extname": "mp3",
			"hash": "FE3B3E51B33436699CA7651A7E99501F",
			"audio_id": 46604,
			"privilege": 8,
			"pkg_price_320": 1,
			"sqfilesize": 20506557,
			"topic_url_320": "",
			"320filesize": 8977140,
			"rp_publish": 1,
			"duration": 222,
			"topic_url_sq": "",
			"album_id": "982406",
			"remark": "惊叹号",
			"320hash": "E7AF73DB14DCD17D6777D4A9B6F4B32D",
			"fail_process": 4,
			"mvhash": "1EE23109BEFBE6E2655D8C7AFE9D6A16",
			"has_accompany": 1,
			"fail_process_sq": 4,
			"pay_type_sq": 3,
			"fail_process_320": 4,
			"sqprivilege": 10,
			"320privilege": 10,
			"sqhash": "94F14F6E3D447EEED24B0F1D2389BCC7"
		}, {
			"pay_type_320": 3,
			"m4afilesize": 0,
			"price_sq": 200,
			"filesize": 3977298,
			"bitrate": 128,
			"price": 200,
			"inlist": 1,
			"old_cpy": 1,
			"pkg_price_sq": 1,
			"pay_type": 3,
			"topic_url": "",
			"rp_type": "audio",
			"pkg_price": 1,
			"feetype": 0,
			"filename": "关喆 - 欲言又止",
			"price_320": 200,
			"extname": "mp3",
			"hash": "B8CEA2115EC175E8F5DBCA2EAF87FECB",
			"audio_id": 4205430,
			"privilege": 8,
			"pkg_price_320": 1,
			"sqfilesize": 26344496,
			"topic_url_320": "",
			"320filesize": 9942203,
			"rp_publish": 1,
			"duration": 248,
			"topic_url_sq": "",
			"album_id": "960018",
			"remark": "寂寞",
			"320hash": "248FAC558EDE733ADCEF93B51209D93B",
			"fail_process": 4,
			"mvhash": "66B8C4616689E74BA14453E66553CE29",
			"has_accompany": 1,
			"fail_process_sq": 4,
			"pay_type_sq": 3,
			"fail_process_320": 4,
			"sqprivilege": 10,
			"320privilege": 10,
			"sqhash": "7724A332ED12C00E74A2E735E1910B7A"
		}, {
			"pay_type_320": 3,
			"m4afilesize": 0,
			"price_sq": 200,
			"filesize": 3916061,
			"bitrate": 128,
			"price": 200,
			"inlist": 1,
			"old_cpy": 1,
			"pkg_price_sq": 1,
			"pay_type": 3,
			"topic_url": "",
			"rp_type": "audio",
			"pkg_price": 1,
			"feetype": 0,
			"filename": "乔任梁 - 与我无关",
			"price_320": 200,
			"extname": "mp3",
			"hash": "24AE6DE1AE31FD424832A97AEFA446BA",
			"audio_id": 684487,
			"privilege": 8,
			"pkg_price_320": 1,
			"sqfilesize": 25929589,
			"topic_url_320": "",
			"320filesize": 9790846,
			"rp_publish": 1,
			"duration": 244,
			"topic_url_sq": "",
			"album_id": "968809",
			"remark": "《胜女的代价2》电视剧插曲",
			"320hash": "8E9D88972468CCB82BBC27DEDAEEBC2C",
			"fail_process": 4,
			"mvhash": "6209E4E9CE9122BDF3BDD67FD4B96E7C",
			"has_accompany": 1,
			"fail_process_sq": 4,
			"pay_type_sq": 3,
			"fail_process_320": 4,
			"sqprivilege": 10,
			"320privilege": 10,
			"sqhash": "E4DF2BB15317A2AB1D1B1D12F58530FC"
		}, {
			"pay_type_320": 3,
			"m4afilesize": 0,
			"price_sq": 200,
			"filesize": 4115687,
			"bitrate": 128,
			"price": 200,
			"inlist": 1,
			"old_cpy": 1,
			"pkg_price_sq": 1,
			"pay_type": 3,
			"topic_url": "",
			"rp_type": "audio",
			"pkg_price": 1,
			"feetype": 0,
			"filename": "吴克群 - 那些我再也不做的事",
			"price_320": 200,
			"extname": "mp3",
			"hash": "BE91ACE9862632B6A47F42FB693ABA91",
			"audio_id": 12090727,
			"privilege": 8,
			"pkg_price_320": 1,
			"sqfilesize": 30026965,
			"topic_url_320": "",
			"320filesize": 10234914,
			"rp_publish": 1,
			"duration": 255,
			"topic_url_sq": "",
			"album_id": "547388",
			"remark": "《傲慢与偏见》电视剧片尾曲",
			"320hash": "F6BB94ECE646369371180F6F223C0383",
			"fail_process": 4,
			"mvhash": "BB3DBF5C7F01121660CBA1572D5589BE",
			"has_accompany": 1,
			"fail_process_sq": 4,
			"pay_type_sq": 3,
			"fail_process_320": 4,
			"sqprivilege": 10,
			"320privilege": 10,
			"sqhash": "1790E4C0E1891347F3B5948F2237B1D7"
		}, {
			"pay_type_320": 3,
			"m4afilesize": 0,
			"price_sq": 200,
			"filesize": 4567938,
			"bitrate": 129,
			"price": 200,
			"inlist": 1,
			"old_cpy": 1,
			"pkg_price_sq": 1,
			"pay_type": 3,
			"topic_url": "",
			"rp_type": "audio",
			"pkg_price": 1,
			"feetype": 0,
			"filename": "A-Lin - 忘记拥抱",
			"price_320": 200,
			"extname": "mp3",
			"hash": "BAF391A07A7D5E2E310FF8A333D998F9",
			"audio_id": 16809279,
			"privilege": 8,
			"pkg_price_320": 1,
			"sqfilesize": 24200993,
			"topic_url_320": "",
			"320filesize": 11277690,
			"rp_publish": 1,
			"duration": 281,
			"topic_url_sq": "",
			"album_id": "551174",
			"remark": "《234说爱你》电影主题曲",
			"320hash": "9A5761E830584C3EB85D3A438DCEC079",
			"fail_process": 4,
			"mvhash": "16C00B4B0DF92B4232F24A7BCADE5879",
			"has_accompany": 1,
			"fail_process_sq": 4,
			"pay_type_sq": 3,
			"fail_process_320": 4,
			"sqprivilege": 10,
			"320privilege": 10,
			"sqhash": "5D59793AA33CCDEC2AD1B61586C85CC2"
		}, {
			"pay_type_320": 3,
			"m4afilesize": 0,
			"price_sq": 200,
			"filesize": 5024704,
			"bitrate": 128,
			"price": 200,
			"inlist": 1,
			"old_cpy": 1,
			"pkg_price_sq": 1,
			"pay_type": 3,
			"topic_url": "",
			"rp_type": "audio",
			"pkg_price": 1,
			"feetype": 0,
			"filename": "Angelababy - 都要微笑好吗",
			"price_320": 200,
			"extname": "mp3",
			"hash": "592FDD13FC22C7D6CD850E5B88A45172",
			"audio_id": 4375221,
			"privilege": 8,
			"pkg_price_320": 1,
			"sqfilesize": 32752229,
			"topic_url_320": "",
			"320filesize": 12561890,
			"rp_publish": 1,
			"duration": 314,
			"topic_url_sq": "",
			"album_id": "542999",
			"remark": "第一次 电影原声带",
			"320hash": "8BE267A77339879CF57E271C80E5EF0F",
			"fail_process": 4,
			"mvhash": "17E59DE4939571D4A40BC2B09C476C62",
			"has_accompany": 1,
			"fail_process_sq": 4,
			"pay_type_sq": 3,
			"fail_process_320": 4,
			"sqprivilege": 10,
			"320privilege": 10,
			"sqhash": "054AD2337BDD012C3AC6D16FA97CBFD0"
		}, {
			"pay_type_320": 3,
			"m4afilesize": 0,
			"price_sq": 200,
			"filesize": 4907780,
			"bitrate": 128,
			"price": 200,
			"inlist": 1,
			"old_cpy": 1,
			"pkg_price_sq": 1,
			"pay_type": 3,
			"topic_url": "",
			"rp_type": "audio",
			"pkg_price": 1,
			"feetype": 0,
			"filename": "曾沛慈 - 偏爱",
			"price_320": 200,
			"extname": "mp3",
			"hash": "56980DCF5C182B07944ECAB96815EEBA",
			"audio_id": 26847598,
			"privilege": 8,
			"pkg_price_320": 1,
			"sqfilesize": 31736937,
			"topic_url_320": "",
			"320filesize": 12269296,
			"rp_publish": 1,
			"duration": 306,
			"topic_url_sq": "",
			"album_id": "2696020",
			"remark": "我爱你 以上",
			"320hash": "09F35F12A95922C9684801D3B0566AC7",
			"fail_process": 4,
			"mvhash": "4AE3702CC8D5A92BD0C6C86357AE162A",
			"has_accompany": 1,
			"fail_process_sq": 4,
			"pay_type_sq": 3,
			"fail_process_320": 4,
			"sqprivilege": 10,
			"320privilege": 10,
			"sqhash": "F9F1EE759BDC31959D18641E6AFA9153"
		}, {
			"pay_type_320": 3,
			"m4afilesize": 0,
			"price_sq": 200,
			"filesize": 3167114,
			"bitrate": 128,
			"price": 200,
			"inlist": 1,
			"old_cpy": 1,
			"pkg_price_sq": 1,
			"pay_type": 3,
			"topic_url": "",
			"rp_type": "audio",
			"pkg_price": 1,
			"feetype": 0,
			"filename": "潘辰 - 分镜",
			"price_320": 200,
			"extname": "mp3",
			"hash": "88178C0B778F4E9E08D2F1B3E8C40AF7",
			"audio_id": 26895971,
			"privilege": 8,
			"pkg_price_320": 1,
			"sqfilesize": 18260271,
			"topic_url_320": "",
			"320filesize": 7919040,
			"rp_publish": 1,
			"duration": 197,
			"topic_url_sq": "",
			"album_id": "2698118",
			"remark": "分镜",
			"320hash": "4576E44C4647A7A3131572466503D599",
			"fail_process": 4,
			"mvhash": "",
			"has_accompany": 0,
			"fail_process_sq": 4,
			"pay_type_sq": 3,
			"fail_process_320": 4,
			"sqprivilege": 10,
			"320privilege": 10,
			"sqhash": "4EE6DD7A14BF83786E0482D320EBB413"
		}, {
			"pay_type_320": 0,
			"m4afilesize": 0,
			"price_sq": 0,
			"filesize": 3861434,
			"bitrate": 128,
			"price": 0,
			"inlist": 1,
			"old_cpy": 1,
			"pkg_price_sq": 0,
			"pay_type": 0,
			"topic_url": "",
			"rp_type": "audio",
			"pkg_price": 0,
			"feetype": 0,
			"filename": "夏天Alex - 很爱很爱的",
			"price_320": 0,
			"extname": "mp3",
			"hash": "D1D33CFDF2DDAB0C48FBF8BCCBEDC0E9",
			"audio_id": 26728610,
			"privilege": 0,
			"pkg_price_320": 0,
			"sqfilesize": 27787097,
			"topic_url_320": "",
			"320filesize": 9654857,
			"rp_publish": 1,
			"duration": 241,
			"topic_url_sq": "",
			"album_id": "2654015",
			"remark": "很爱很爱的",
			"320hash": "7AF90E9A4BE81F6895DCDBB610A521CA",
			"fail_process": 0,
			"mvhash": "",
			"has_accompany": 0,
			"fail_process_sq": 0,
			"pay_type_sq": 0,
			"fail_process_320": 0,
			"sqprivilege": 0,
			"320privilege": 0,
			"sqhash": "0AD9E5FD536964499301E6735ECB2A54"
		}, {
			"pay_type_320": 0,
			"m4afilesize": 0,
			"price_sq": 0,
			"filesize": 4569335,
			"bitrate": 128,
			"price": 0,
			"inlist": 1,
			"old_cpy": 1,
			"pkg_price_sq": 0,
			"pay_type": 0,
			"topic_url": "",
			"rp_type": "audio",
			"pkg_price": 0,
			"feetype": 0,
			"filename": "崔子格 - 来不及对不起",
			"price_320": 0,
			"extname": "mp3",
			"hash": "B140DD9041E6324124A7FD78AAD88476",
			"audio_id": 26910199,
			"privilege": 0,
			"pkg_price_320": 0,
			"sqfilesize": 31716612,
			"topic_url_320": "",
			"320filesize": 11423030,
			"rp_publish": 1,
			"duration": 286,
			"topic_url_sq": "",
			"album_id": "2699753",
			"remark": "《复合大师》电视剧主题曲",
			"320hash": "CD740A18C569C009C82B17A1E2AFA3A1",
			"fail_process": 0,
			"mvhash": "E0EC5C9FD7184863999C0F1919D11F01",
			"has_accompany": 1,
			"fail_process_sq": 0,
			"pay_type_sq": 0,
			"fail_process_320": 0,
			"sqprivilege": 0,
			"320privilege": 0,
			"sqhash": "22583DF5C0DE635B3077E1018D0792B9"
		}, {
			"pay_type_320": 0,
			"m4afilesize": 0,
			"price_sq": 0,
			"filesize": 3983066,
			"bitrate": 128,
			"price": 0,
			"inlist": 1,
			"old_cpy": 1,
			"pkg_price_sq": 0,
			"pay_type": 0,
			"topic_url": "",
			"rp_type": "audio",
			"pkg_price": 0,
			"feetype": 0,
			"filename": "糖果树 - 最美的遗忘",
			"price_320": 0,
			"extname": "mp3",
			"hash": "48DF569F70C404335DBDC32CEA30DD6F",
			"audio_id": 26798179,
			"privilege": 0,
			"pkg_price_320": 0,
			"sqfilesize": 27253356,
			"topic_url_320": "",
			"320filesize": 9958922,
			"rp_publish": 1,
			"duration": 248,
			"topic_url_sq": "",
			"album_id": "2681583",
			"remark": "最美的遗忘",
			"320hash": "BFEA05F4B9FE72908DD7A7DAF9599CC1",
			"fail_process": 0,
			"mvhash": "",
			"has_accompany": 1,
			"fail_process_sq": 0,
			"pay_type_sq": 0,
			"fail_process_320": 0,
			"sqprivilege": 0,
			"320privilege": 0,
			"sqhash": "51DA9B83304FD13F2E8753B1F768252A"
		}, {
			"pay_type_320": 0,
			"m4afilesize": 0,
			"price_sq": 0,
			"filesize": 3869793,
			"bitrate": 127,
			"price": 0,
			"inlist": 1,
			"old_cpy": 1,
			"pkg_price_sq": 0,
			"pay_type": 0,
			"topic_url": "",
			"rp_type": "audio",
			"pkg_price": 0,
			"feetype": 0,
			"filename": "常艾非 - 不够",
			"price_320": 0,
			"extname": "mp3",
			"hash": "64008AA8C342823BDFBDC427EBCA69F3",
			"audio_id": 26824885,
			"privilege": 0,
			"pkg_price_320": 0,
			"sqfilesize": 25484786,
			"topic_url_320": "",
			"320filesize": 9675755,
			"rp_publish": 1,
			"duration": 242,
			"topic_url_sq": "",
			"album_id": "2692844",
			"remark": "不够",
			"320hash": "13D5986412D005BB86033BDF65813378",
			"fail_process": 0,
			"mvhash": "",
			"has_accompany": 1,
			"fail_process_sq": 0,
			"pay_type_sq": 0,
			"fail_process_320": 0,
			"sqprivilege": 0,
			"320privilege": 0,
			"sqhash": "B1F25E662E6D434044E0827DCEF7C2C9"
		}, {
			"pay_type_320": 0,
			"m4afilesize": 0,
			"price_sq": 0,
			"filesize": 4543323,
			"bitrate": 127,
			"price": 0,
			"inlist": 1,
			"old_cpy": 1,
			"pkg_price_sq": 0,
			"pay_type": 0,
			"topic_url": "",
			"rp_type": "audio",
			"pkg_price": 0,
			"feetype": 0,
			"filename": "胡夏 - 夏至未至",
			"price_320": 0,
			"extname": "mp3",
			"hash": "6680C3E9A999D4496E27E8D88BED0E9B",
			"audio_id": 26917452,
			"privilege": 0,
			"pkg_price_320": 0,
			"sqfilesize": 27755539,
			"topic_url_320": "",
			"320filesize": 11359680,
			"rp_publish": 1,
			"duration": 283,
			"topic_url_sq": "",
			"album_id": "2700410",
			"remark": "《夏至未至》电视剧同名主题曲",
			"320hash": "4882937F4DBF7CF5A2523ADC9C3A0F7A",
			"fail_process": 0,
			"mvhash": "CD53E799D97914C7C923F9B370D412CF",
			"has_accompany": 1,
			"fail_process_sq": 0,
			"pay_type_sq": 0,
			"fail_process_320": 0,
			"sqprivilege": 0,
			"320privilege": 0,
			"sqhash": "BB0922375A5C2C095E2BCCB9F03604BD"
		}, {
			"pay_type_320": 0,
			"m4afilesize": 0,
			"price_sq": 0,
			"filesize": 3627657,
			"bitrate": 127,
			"price": 0,
			"inlist": 1,
			"old_cpy": 1,
			"pkg_price_sq": 0,
			"pay_type": 0,
			"topic_url": "",
			"rp_type": "audio",
			"pkg_price": 0,
			"feetype": 0,
			"filename": "曾咏熙 - 想遇见一个人",
			"price_320": 0,
			"extname": "mp3",
			"hash": "2CEFFE56687FD0F788FD363CAA48BCA3",
			"audio_id": 21634011,
			"privilege": 0,
			"pkg_price_320": 0,
			"sqfilesize": 24100854,
			"topic_url_320": "",
			"320filesize": 9077228,
			"rp_publish": 1,
			"duration": 226,
			"topic_url_sq": "",
			"album_id": "1642681",
			"remark": "《微微一笑很倾城》电视剧插曲",
			"320hash": "9B05110D7BEE4026DB10A0FD0AEEA762",
			"fail_process": 0,
			"mvhash": "FC852A58A50A77596926A8196CE4791C",
			"has_accompany": 1,
			"fail_process_sq": 0,
			"pay_type_sq": 0,
			"fail_process_320": 0,
			"sqprivilege": 0,
			"320privilege": 0,
			"sqhash": "580788477F0878948BC152BF5008F415"
		}, {
			"pay_type_320": 3,
			"m4afilesize": 0,
			"price_sq": 200,
			"filesize": 4111238,
			"bitrate": 128,
			"price": 200,
			"inlist": 1,
			"old_cpy": 1,
			"pkg_price_sq": 1,
			"pay_type": 3,
			"topic_url": "",
			"rp_type": "audio",
			"pkg_price": 1,
			"feetype": 0,
			"filename": "严艺丹 - 人间",
			"price_320": 200,
			"extname": "mp3",
			"hash": "A918C57767FBF6FD3060F4D26629C6F0",
			"audio_id": 19781875,
			"privilege": 8,
			"pkg_price_320": 1,
			"sqfilesize": 26218865,
			"topic_url_320": "",
			"320filesize": 10277808,
			"rp_publish": 1,
			"duration": 257,
			"topic_url_sq": "",
			"album_id": "753369",
			"remark": "插曲",
			"320hash": "B1CF95BAC8DDCC1A645B4947405911C3",
			"fail_process": 4,
			"mvhash": "E824203C515B4441621DC526C1066812",
			"has_accompany": 1,
			"fail_process_sq": 4,
			"pay_type_sq": 3,
			"fail_process_320": 4,
			"sqprivilege": 10,
			"320privilege": 10,
			"sqhash": "BF832F8D0643F0557CDDB85A21C38ABB"
		}, {
			"pay_type_320": 3,
			"m4afilesize": 0,
			"price_sq": 200,
			"filesize": 4261375,
			"bitrate": 128,
			"price": 200,
			"inlist": 1,
			"old_cpy": 1,
			"pkg_price_sq": 1,
			"pay_type": 3,
			"topic_url": "",
			"rp_type": "audio",
			"pkg_price": 1,
			"feetype": 0,
			"filename": "庄心妍 - 还是放不下",
			"price_320": 200,
			"extname": "mp3",
			"hash": "D4BBAC58AB45ABD7AA5ED9DB393F8622",
			"audio_id": 26912300,
			"privilege": 8,
			"pkg_price_320": 1,
			"sqfilesize": 25976739,
			"topic_url_320": "",
			"320filesize": 10652733,
			"rp_publish": 1,
			"duration": 266,
			"topic_url_sq": "",
			"album_id": "1989994",
			"remark": "从心出发",
			"320hash": "25AAAAD84F92BE6F71021D2614CA4F87",
			"fail_process": 4,
			"mvhash": "",
			"has_accompany": 1,
			"fail_process_sq": 4,
			"pay_type_sq": 3,
			"fail_process_320": 4,
			"sqprivilege": 10,
			"320privilege": 10,
			"sqhash": "30A10024A1A24EA5633F8D8612ADBBC7"
		}, {
			"pay_type_320": 0,
			"m4afilesize": 0,
			"price_sq": 0,
			"filesize": 3461870,
			"bitrate": 128,
			"price": 0,
			"inlist": 1,
			"old_cpy": 1,
			"pkg_price_sq": 0,
			"pay_type": 0,
			"topic_url": "",
			"rp_type": "audio",
			"pkg_price": 0,
			"feetype": 0,
			"filename": "汪苏泷 - 那个男孩",
			"price_320": 0,
			"extname": "mp3",
			"hash": "809D2A6F6B15A7506AE579ACE2B64D47",
			"audio_id": 26896424,
			"privilege": 0,
			"pkg_price_320": 0,
			"sqfilesize": 22181206,
			"topic_url_320": "",
			"320filesize": 8655934,
			"rp_publish": 1,
			"duration": 216,
			"topic_url_sq": "",
			"album_id": "2698179",
			"remark": "《夏至未至》电视剧插曲",
			"320hash": "7279B837AD0AB7AB4A3B2A25A77ED8BA",
			"fail_process": 0,
			"mvhash": "D1DADB5FAEF984BC2E749FC7442661E5",
			"has_accompany": 1,
			"fail_process_sq": 0,
			"pay_type_sq": 0,
			"fail_process_320": 0,
			"sqprivilege": 0,
			"320privilege": 0,
			"sqhash": "2D4D90E3F06A50482A37175DD56F812C"
		}, {
			"pay_type_320": 0,
			"m4afilesize": 0,
			"price_sq": 0,
			"filesize": 4182143,
			"bitrate": 128,
			"price": 0,
			"inlist": 1,
			"old_cpy": 1,
			"pkg_price_sq": 0,
			"pay_type": 0,
			"topic_url": "",
			"rp_type": "audio",
			"pkg_price": 0,
			"feetype": 0,
			"filename": "杨菲洋 - 不说",
			"price_320": 0,
			"extname": "mp3",
			"hash": "87E54773611634B7FEB2606B28339581",
			"audio_id": 26912324,
			"privilege": 0,
			"pkg_price_320": 0,
			"sqfilesize": 29277203,
			"topic_url_320": "",
			"320filesize": 10455248,
			"rp_publish": 1,
			"duration": 261,
			"topic_url_sq": "",
			"album_id": "2699852",
			"remark": "不说",
			"320hash": "8DB8F883157D10E371F7F92DFFA49C9B",
			"fail_process": 0,
			"mvhash": "",
			"has_accompany": 1,
			"fail_process_sq": 0,
			"pay_type_sq": 0,
			"fail_process_320": 0,
			"sqprivilege": 0,
			"320privilege": 0,
			"sqhash": "A727306D357231563335ABEF033BF998"
		}, {
			"pay_type_320": 0,
			"m4afilesize": 0,
			"price_sq": 0,
			"filesize": 3189361,
			"bitrate": 127,
			"price": 0,
			"inlist": 1,
			"old_cpy": 1,
			"pkg_price_sq": 0,
			"pay_type": 0,
			"topic_url": "",
			"rp_type": "audio",
			"pkg_price": 0,
			"feetype": 0,
			"filename": "刘增瞳 - 我们的故事",
			"price_320": 0,
			"extname": "mp3",
			"hash": "9FCA459BEED5939DAAE768290A0F85D9",
			"audio_id": 26910073,
			"privilege": 0,
			"pkg_price_320": 0,
			"sqfilesize": 21287405,
			"topic_url_320": "",
			"320filesize": 7974661,
			"rp_publish": 1,
			"duration": 199,
			"topic_url_sq": "",
			"album_id": "2699642",
			"remark": "我们的故事",
			"320hash": "0849A91A5FE6A21987DD7216120B2BC1",
			"fail_process": 0,
			"mvhash": "",
			"has_accompany": 1,
			"fail_process_sq": 0,
			"pay_type_sq": 0,
			"fail_process_320": 0,
			"sqprivilege": 0,
			"320privilege": 0,
			"sqhash": "7A0F2DC1BE6496EC2858ABA745587D13"
		}],
		"total": 21
	},
	"errcode": 0
}
