{
	"status": 1,
	"error": "",
	"data": {
		"timestamp": 1497514175,
		"info": [{
			"pay_type_320": 0,
			"m4afilesize": 0,
			"price_sq": 0,
			"first": 1,
			"filesize": 5147919,
			"bitrate": 127,
			"price": 0,
			"inlist": 1,
			"old_cpy": 1,
			"pkg_price_sq": 0,
			"pay_type": 0,
			"topic_url": "",
			"rp_type": "audio",
			"pkg_price": 0,
			"feetype": 0,
			"filename": "庄心妍、贺敬轩 - 再遇不到你这样的人",
			"price_320": 0,
			"sqfilesize": 35448764,
			"hash": "2CF6A7955F93CE5BF8473D4D1795630D",
			"mvhash": "",
			"privilege": 0,
			"addtime": "2017-06-15 00:27:47",
			"pkg_price_320": 0,
			"fail_process_sq": 0,
			"fail_process_320": 0,
			"audio_id": 26958388,
			"320filesize": 12871053,
			"rp_publish": 1,
			"duration": 322,
			"topic_url_sq": "",
			"album_id": "2705965",
			"isfirst": 0,
			"320privilege": 0,
			"fail_process": 0,
			"320hash": "89B085EE7E024037096E8C9164616FA8",
			"sqhash": "356D48B22DF48695818D2D29A1667BB0",
			"remark": "再遇不到你这样的人",
			"pay_type_sq": 0,
			"extname": "mp3",
			"sqprivilege": 0,
			"topic_url_320": "",
			"has_accompany": 1
		}, {
			"pay_type_320": 0,
			"m4afilesize": 0,
			"price_sq": 0,
			"first": 1,
			"filesize": 3688967,
			"bitrate": 127,
			"price": 0,
			"inlist": 1,
			"old_cpy": 1,
			"pkg_price_sq": 0,
			"pay_type": 0,
			"topic_url": "",
			"rp_type": "audio",
			"pkg_price": 0,
			"feetype": 0,
			"filename": "费玉清 - 回魂【京城81号Ⅱ片尾曲】",
			"price_320": 0,
			"sqfilesize": 22377470,
			"hash": "39C79EF95384217F847F687EDDF8EF1F",
			"mvhash": "",
			"privilege": 0,
			"addtime": "2017-06-15 09:57:23",
			"pkg_price_320": 0,
			"fail_process_sq": 0,
			"fail_process_320": 0,
			"audio_id": 26960777,
			"320filesize": 9223680,
			"rp_publish": 1,
			"duration": 230,
			"topic_url_sq": "",
			"album_id": "2706211",
			"isfirst": 0,
			"320privilege": 0,
			"fail_process": 0,
			"320hash": "42896A6AFF500449D37AA456EF97530E",
			"sqhash": "C5768EB320A74BFEC337F24965AA20F9",
			"remark": "《京城81号Ⅱ》电影片尾曲",
			"pay_type_sq": 0,
			"extname": "mp3",
			"sqprivilege": 0,
			"topic_url_320": "",
			"has_accompany": 0
		}, {
			"pay_type_320": 0,
			"m4afilesize": 0,
			"price_sq": 0,
			"first": 1,
			"filesize": 4124327,
			"bitrate": 127,
			"price": 0,
			"inlist": 1,
			"old_cpy": 1,
			"pkg_price_sq": 0,
			"pay_type": 0,
			"topic_url": "",
			"rp_type": "audio",
			"pkg_price": 0,
			"feetype": 0,
			"filename": "唐古 - 你是我哭着唱的歌",
			"price_320": 0,
			"sqfilesize": 32311777,
			"hash": "9CA14DF1A9D9AC7FC4A76E11939D343A",
			"mvhash": "",
			"privilege": 0,
			"addtime": "2017-06-15 00:24:58",
			"pkg_price_320": 0,
			"fail_process_sq": 0,
			"fail_process_320": 0,
			"audio_id": 26959705,
			"320filesize": 10312098,
			"rp_publish": 1,
			"duration": 257,
			"topic_url_sq": "",
			"album_id": "2706014",
			"isfirst": 0,
			"320privilege": 0,
			"fail_process": 0,
			"320hash": "1B2986D65146331320F32930EE13E017",
			"sqhash": "D1AF226062CE6E5A2133F9307BD54CF1",
			"remark": "你是我哭着唱的歌",
			"pay_type_sq": 0,
			"extname": "mp3",
			"sqprivilege": 0,
			"topic_url_320": "",
			"has_accompany": 1
		}, {
			"pay_type_320": 3,
			"m4afilesize": 0,
			"price_sq": 200,
			"first": 1,
			"filesize": 4281059,
			"bitrate": 127,
			"price": 200,
			"inlist": 1,
			"old_cpy": 1,
			"pkg_price_sq": 1,
			"pay_type": 3,
			"topic_url": "",
			"rp_type": "audio",
			"pkg_price": 1,
			"feetype": 0,
			"filename": "金贵晟 - 背面有你",
			"price_320": 200,
			"sqfilesize": 25482497,
			"hash": "BFF7A907EDF3BC2444EBF2DCCF814235",
			"mvhash": "7C60BBB4C3688FFAE79E903B16FC6447",
			"privilege": 8,
			"addtime": "2017-06-15 00:18:44",
			"pkg_price_320": 1,
			"fail_process_sq": 4,
			"fail_process_320": 4,
			"audio_id": 26959764,
			"320filesize": 10703934,
			"rp_publish": 1,
			"duration": 267,
			"topic_url_sq": "",
			"album_id": "2706047",
			"isfirst": 0,
			"320privilege": 10,
			"fail_process": 4,
			"320hash": "2CC43D7A69F69AE52E247B9A0F4BD6A7",
			"sqhash": "AD481EB893AB37C2010AEADE68CFB1C8",
			"remark": "背面有你",
			"pay_type_sq": 3,
			"extname": "mp3",
			"sqprivilege": 10,
			"topic_url_320": "",
			"has_accompany": 0
		}, {
			"pay_type_320": 0,
			"m4afilesize": 0,
			"price_sq": 0,
			"first": 0,
			"filesize": 3811149,
			"bitrate": 128,
			"price": 0,
			"inlist": 1,
			"old_cpy": 1,
			"pkg_price_sq": 0,
			"pay_type": 0,
			"topic_url": "",
			"rp_type": "audio",
			"pkg_price": 0,
			"feetype": 0,
			"filename": "汪苏泷 - 未来告白【寻人大师主题曲】",
			"price_320": 0,
			"sqfilesize": 23350086,
			"hash": "C42C318DCD24764ACC8580FDE0F312D0",
			"mvhash": "",
			"privilege": 0,
			"addtime": "2017-06-13 14:30:22",
			"pkg_price_320": 0,
			"fail_process_sq": 0,
			"fail_process_320": 0,
			"audio_id": 26950266,
			"320filesize": 9527040,
			"rp_publish": 1,
			"duration": 238,
			"topic_url_sq": "",
			"album_id": "2704612",
			"isfirst": 0,
			"320privilege": 0,
			"fail_process": 0,
			"320hash": "8A26635EA8A76796F0938EBB5D1C293B",
			"sqhash": "D5CAE9964B76B1E9C34B8B8BF39EFAE5",
			"remark": "《寻人大师》电视剧主题曲",
			"pay_type_sq": 0,
			"extname": "mp3",
			"sqprivilege": 0,
			"topic_url_320": "",
			"has_accompany": 0
		}, {
			"pay_type_320": 3,
			"m4afilesize": 0,
			"price_sq": 200,
			"first": 1,
			"filesize": 4405513,
			"bitrate": 127,
			"price": 200,
			"inlist": 1,
			"old_cpy": 1,
			"pkg_price_sq": 1,
			"pay_type": 3,
			"topic_url": "",
			"rp_type": "audio",
			"pkg_price": 1,
			"feetype": 0,
			"filename": "郁可唯、王铮亮 - 星月【楚乔传情感主题曲】",
			"price_320": 200,
			"sqfilesize": 28910003,
			"hash": "45056A1C926AF86D2469DAD508C07EEE",
			"mvhash": "E4CF0FF417AC53A4D65007A92239AE5F",
			"privilege": 8,
			"addtime": "2017-06-13 10:24:36",
			"pkg_price_320": 1,
			"fail_process_sq": 4,
			"fail_process_320": 4,
			"audio_id": 26944420,
			"320filesize": 11015040,
			"rp_publish": 1,
			"duration": 275,
			"topic_url_sq": "",
			"album_id": "2702565",
			"isfirst": 0,
			"320privilege": 10,
			"fail_process": 4,
			"320hash": "977FC3D762C177E32061359D4CE3F974",
			"sqhash": "2612C736195D052477990B3FB16B4807",
			"remark": "《楚乔传》电视剧情感主题曲",
			"pay_type_sq": 3,
			"extname": "mp3",
			"sqprivilege": 10,
			"topic_url_320": "",
			"has_accompany": 0
		}, {
			"pay_type_320": 0,
			"m4afilesize": 0,
			"price_sq": 0,
			"first": 1,
			"filesize": 4140590,
			"bitrate": 128,
			"price": 0,
			"inlist": 1,
			"old_cpy": 1,
			"pkg_price_sq": 0,
			"pay_type": 0,
			"topic_url": "",
			"rp_type": "audio",
			"pkg_price": 0,
			"feetype": 0,
			"filename": "乌兰托娅 - 草原爱情海",
			"price_320": 0,
			"sqfilesize": 29699716,
			"hash": "0D344B09E118384410FBC879656FFE2A",
			"mvhash": "",
			"privilege": 0,
			"addtime": "2017-06-13 00:52:28",
			"pkg_price_320": 0,
			"fail_process_sq": 0,
			"fail_process_320": 0,
			"audio_id": 26946582,
			"320filesize": 10352849,
			"rp_publish": 1,
			"duration": 259,
			"topic_url_sq": "",
			"album_id": "2703016",
			"isfirst": 0,
			"320privilege": 0,
			"fail_process": 0,
			"320hash": "7412FF52BB19E9FBF591208E5EF84DF3",
			"sqhash": "0A05532D2FC5ACD553CEF6FDCD4CC3FC",
			"remark": "草原爱情海",
			"pay_type_sq": 0,
			"extname": "mp3",
			"sqprivilege": 0,
			"topic_url_320": "",
			"has_accompany": 1
		}, {
			"pay_type_320": 3,
			"m4afilesize": 0,
			"price_sq": 200,
			"first": 1,
			"filesize": 4074793,
			"bitrate": 127,
			"price": 200,
			"inlist": 1,
			"old_cpy": 1,
			"pkg_price_sq": 1,
			"pay_type": 3,
			"topic_url": "",
			"rp_type": "audio",
			"pkg_price": 1,
			"feetype": 0,
			"filename": "孙露 - 年华落",
			"price_320": 200,
			"sqfilesize": 20229867,
			"hash": "83DDC2BE0545728E5FAD24815DFB2729",
			"mvhash": "",
			"privilege": 8,
			"addtime": "2017-06-12 09:36:45",
			"pkg_price_320": 1,
			"fail_process_sq": 4,
			"fail_process_320": 4,
			"audio_id": 26923204,
			"320filesize": 10191063,
			"rp_publish": 1,
			"duration": 254,
			"topic_url_sq": "",
			"album_id": "2701053",
			"isfirst": 0,
			"320privilege": 10,
			"fail_process": 4,
			"320hash": "B8959727F93846BA95933589A23BB1B6",
			"sqhash": "ACADE95BA6785746ED15A158D43C60E2",
			"remark": "年华落",
			"pay_type_sq": 3,
			"extname": "mp3",
			"sqprivilege": 10,
			"topic_url_320": "",
			"has_accompany": 1
		}, {
			"pay_type_320": 0,
			"m4afilesize": 0,
			"price_sq": 0,
			"first": 1,
			"filesize": 5465979,
			"bitrate": 127,
			"price": 0,
			"inlist": 1,
			"old_cpy": 1,
			"pkg_price_sq": 0,
			"pay_type": 0,
			"topic_url": "",
			"rp_type": "audio",
			"pkg_price": 0,
			"feetype": 0,
			"filename": "周深 - 浓情淡如你【绣春刀•修罗战场宣传曲】",
			"price_320": 0,
			"sqfilesize": 36020650,
			"hash": "C2A9EB01507B719DA93203B9262321AE",
			"mvhash": "",
			"privilege": 0,
			"addtime": "2017-06-12 09:45:14",
			"pkg_price_320": 0,
			"fail_process_sq": 0,
			"fail_process_320": 0,
			"audio_id": 26941268,
			"320filesize": 13666220,
			"rp_publish": 1,
			"duration": 341,
			"topic_url_sq": "",
			"album_id": "2702280",
			"isfirst": 0,
			"320privilege": 0,
			"fail_process": 0,
			"320hash": "BA4E0DC45EB0A8E9FCB1918B5B589089",
			"sqhash": "E1EB1C90B9FC3D801FA84896ED26669E",
			"remark": "《绣春刀·修罗战场》电影宣传主题曲",
			"pay_type_sq": 0,
			"extname": "mp3",
			"sqprivilege": 0,
			"topic_url_320": "",
			"has_accompany": 1
		}, {
			"pay_type_320": 0,
			"m4afilesize": 0,
			"price_sq": 0,
			"first": 1,
			"filesize": 5921899,
			"bitrate": 128,
			"price": 200,
			"inlist": 1,
			"old_cpy": 1,
			"pkg_price_sq": 0,
			"pay_type": 3,
			"topic_url": "",
			"rp_type": "audio",
			"pkg_price": 1,
			"feetype": 0,
			"filename": "周杰伦 - Now You See Me+告白气球 (Live)",
			"price_320": 0,
			"sqfilesize": 0,
			"hash": "069C438F70348152D24F08F965E27900",
			"mvhash": "27F3F536425B2A74CDBE22AC2B7C5493",
			"privilege": 8,
			"addtime": "2017-06-11 00:39:58",
			"pkg_price_320": 0,
			"fail_process_sq": 0,
			"fail_process_320": 0,
			"audio_id": 26938355,
			"320filesize": 0,
			"rp_publish": 1,
			"duration": 370,
			"topic_url_sq": "",
			"album_id": "2702088",
			"isfirst": 0,
			"320privilege": 0,
			"fail_process": 4,
			"320hash": "",
			"sqhash": "",
			"remark": "“反正都精彩”浙江卫视年中盛典",
			"pay_type_sq": 0,
			"extname": "mp3",
			"sqprivilege": 0,
			"topic_url_320": "",
			"has_accompany": 0
		}, {
			"pay_type_320": 0,
			"m4afilesize": 0,
			"price_sq": 0,
			"first": 1,
			"filesize": 4280606,
			"bitrate": 128,
			"price": 0,
			"inlist": 1,
			"old_cpy": 1,
			"pkg_price_sq": 0,
			"pay_type": 0,
			"topic_url": "",
			"rp_type": "audio",
			"pkg_price": 0,
			"feetype": 0,
			"filename": "张阳阳 - 昨夜以前的星光【夏至未至推广曲】",
			"price_320": 0,
			"sqfilesize": 28581072,
			"hash": "E6A022BBD037234267DE8E13EC8A68C1",
			"mvhash": "",
			"privilege": 0,
			"addtime": "2017-06-15 00:11:17",
			"pkg_price_320": 0,
			"fail_process_sq": 0,
			"fail_process_320": 0,
			"audio_id": 26960920,
			"320filesize": 10702889,
			"rp_publish": 1,
			"duration": 267,
			"topic_url_sq": "",
			"album_id": "2706244",
			"isfirst": 0,
			"320privilege": 0,
			"fail_process": 0,
			"320hash": "E48FCDCF5BF08AB172D4AED2DE49A29C",
			"sqhash": "9E0F178FAEAC44C4DBD782FA1268812E",
			"remark": "《夏至未至》电视剧推广曲",
			"pay_type_sq": 0,
			"extname": "mp3",
			"sqprivilege": 0,
			"topic_url_320": "",
			"has_accompany": 0
		}, {
			"pay_type_320": 0,
			"m4afilesize": 0,
			"price_sq": 0,
			"first": 1,
			"filesize": 4541039,
			"bitrate": 127,
			"price": 0,
			"inlist": 1,
			"old_cpy": 1,
			"pkg_price_sq": 0,
			"pay_type": 0,
			"topic_url": "",
			"rp_type": "audio",
			"pkg_price": 0,
			"feetype": 0,
			"filename": "白举纲 - 走了【缉枪主题曲】",
			"price_320": 0,
			"sqfilesize": 27869125,
			"hash": "9403FC00B809C321E9F0382E5D8E5A8C",
			"mvhash": "7D135F152ED9D88C6C8D0FCE0ED54C30",
			"privilege": 0,
			"addtime": "2017-06-08 23:56:57",
			"pkg_price_320": 0,
			"fail_process_sq": 0,
			"fail_process_320": 0,
			"audio_id": 26917405,
			"320filesize": 11353861,
			"rp_publish": 1,
			"duration": 283,
			"topic_url_sq": "",
			"album_id": "2700386",
			"isfirst": 0,
			"320privilege": 0,
			"fail_process": 0,
			"320hash": "51AE4D970094BCC810EE81C68C05B554",
			"sqhash": "F75ED42C9897C1C483E0D67D246A2535",
			"remark": "《缉枪》电影主题曲",
			"pay_type_sq": 0,
			"extname": "mp3",
			"sqprivilege": 0,
			"topic_url_320": "",
			"has_accompany": 0
		}, {
			"pay_type_320": 3,
			"m4afilesize": 0,
			"price_sq": 200,
			"first": 1,
			"filesize": 4261375,
			"bitrate": 128,
			"price": 200,
			"inlist": 1,
			"old_cpy": 1,
			"pkg_price_sq": 1,
			"pay_type": 3,
			"topic_url": "",
			"rp_type": "audio",
			"pkg_price": 1,
			"feetype": 0,
			"filename": "庄心妍 - 还是放不下",
			"price_320": 200,
			"sqfilesize": 25976739,
			"hash": "D4BBAC58AB45ABD7AA5ED9DB393F8622",
			"mvhash": "",
			"privilege": 8,
			"addtime": "2017-06-09 00:08:37",
			"pkg_price_320": 1,
			"fail_process_sq": 4,
			"fail_process_320": 4,
			"audio_id": 26912300,
			"320filesize": 10652733,
			"rp_publish": 1,
			"duration": 266,
			"topic_url_sq": "",
			"album_id": "1989994",
			"isfirst": 0,
			"320privilege": 10,
			"fail_process": 4,
			"320hash": "25AAAAD84F92BE6F71021D2614CA4F87",
			"sqhash": "30A10024A1A24EA5633F8D8612ADBBC7",
			"remark": "从心出发",
			"pay_type_sq": 3,
			"extname": "mp3",
			"sqprivilege": 10,
			"topic_url_320": "",
			"has_accompany": 1
		}, {
			"pay_type_320": 0,
			"m4afilesize": 0,
			"price_sq": 0,
			"first": 0,
			"filesize": 3317528,
			"bitrate": 128,
			"price": 0,
			"inlist": 1,
			"old_cpy": 1,
			"pkg_price_sq": 0,
			"pay_type": 0,
			"topic_url": "",
			"rp_type": "audio",
			"pkg_price": 0,
			"feetype": 0,
			"filename": "张杰、X Ambassadors - Torches【变形金刚5中国区片尾曲】",
			"price_320": 0,
			"sqfilesize": 25414940,
			"hash": "7C8375B48A623A203EF13F8AB662A954",
			"mvhash": "27DA12904D116D55B4E0A6C763D4A42A",
			"privilege": 0,
			"addtime": "2017-06-09 10:13:09",
			"pkg_price_320": 0,
			"fail_process_sq": 0,
			"fail_process_320": 0,
			"audio_id": 26917603,
			"320filesize": 8293354,
			"rp_publish": 1,
			"duration": 207,
			"topic_url_sq": "",
			"album_id": "2700442",
			"isfirst": 0,
			"320privilege": 0,
			"fail_process": 0,
			"320hash": "C636209F2F03EA6DF6F57AFAB82230FA",
			"sqhash": "B1E4177E7BCC6F24895E8F7BC75AAEC9",
			"remark": "《变形金刚5：最后的骑士》电影中国区片尾曲",
			"pay_type_sq": 0,
			"extname": "mp3",
			"sqprivilege": 0,
			"topic_url_320": "",
			"has_accompany": 1
		}, {
			"pay_type_320": 0,
			"m4afilesize": 0,
			"price_sq": 0,
			"first": 1,
			"filesize": 2363400,
			"bitrate": 128,
			"price": 0,
			"inlist": 1,
			"old_cpy": 1,
			"pkg_price_sq": 0,
			"pay_type": 0,
			"topic_url": "",
			"rp_type": "audio",
			"pkg_price": 0,
			"feetype": 0,
			"filename": "陈冰 - 隐没在戈壁【寻人大师插曲】",
			"price_320": 0,
			"sqfilesize": 15701483,
			"hash": "CE53E19CC68666BE940F0C18B4A9E698",
			"mvhash": "",
			"privilege": 0,
			"addtime": "2017-06-14 00:48:32",
			"pkg_price_320": 0,
			"fail_process_sq": 0,
			"fail_process_320": 0,
			"audio_id": 26952472,
			"320filesize": 5909760,
			"rp_publish": 1,
			"duration": 147,
			"topic_url_sq": "",
			"album_id": "2704718",
			"isfirst": 0,
			"320privilege": 0,
			"fail_process": 0,
			"320hash": "35F1C5DDDEB7484FB8FADA4C305ABDDA",
			"sqhash": "D72FE39161350A19A25D68186674DA0E",
			"remark": "《寻人大师》电视剧插曲",
			"pay_type_sq": 0,
			"extname": "mp3",
			"sqprivilege": 0,
			"topic_url_320": "",
			"has_accompany": 0
		}, {
			"pay_type_320": 0,
			"m4afilesize": 0,
			"price_sq": 0,
			"first": 1,
			"filesize": 3430895,
			"bitrate": 127,
			"price": 0,
			"inlist": 1,
			"old_cpy": 1,
			"pkg_price_sq": 0,
			"pay_type": 0,
			"topic_url": "",
			"rp_type": "audio",
			"pkg_price": 0,
			"feetype": 0,
			"filename": "索朗扎西 - 北京姑娘",
			"price_320": 0,
			"sqfilesize": 27206794,
			"hash": "F640F656EB22A75ECE2B619F15FA2442",
			"mvhash": "",
			"privilege": 0,
			"addtime": "2017-06-14 00:46:05",
			"pkg_price_320": 0,
			"fail_process_sq": 0,
			"fail_process_320": 0,
			"audio_id": 26954436,
			"320filesize": 8578612,
			"rp_publish": 1,
			"duration": 214,
			"topic_url_sq": "",
			"album_id": "2705112",
			"isfirst": 0,
			"320privilege": 0,
			"fail_process": 0,
			"320hash": "6B7D1ED1447010BFFED9B3AC27C4EC58",
			"sqhash": "A643BBBE8036B973561442E7E7B85CFE",
			"remark": "北京姑娘",
			"pay_type_sq": 0,
			"extname": "mp3",
			"sqprivilege": 0,
			"topic_url_320": "",
			"has_accompany": 0
		}, {
			"pay_type_320": 3,
			"m4afilesize": 0,
			"price_sq": 200,
			"first": 1,
			"filesize": 4391034,
			"bitrate": 128,
			"price": 200,
			"inlist": 1,
			"old_cpy": 1,
			"pkg_price_sq": 1,
			"pay_type": 3,
			"topic_url": "",
			"rp_type": "audio",
			"pkg_price": 1,
			"feetype": 0,
			"filename": "印子月 - LUNA",
			"price_320": 200,
			"sqfilesize": 35722872,
			"hash": "7C2FAA4F830E32AE99BA174F58BA653B",
			"mvhash": "",
			"privilege": 8,
			"addtime": "2017-06-14 00:41:42",
			"pkg_price_320": 1,
			"fail_process_sq": 4,
			"fail_process_320": 4,
			"audio_id": 26954351,
			"320filesize": 10977698,
			"rp_publish": 1,
			"duration": 274,
			"topic_url_sq": "",
			"album_id": "2705106",
			"isfirst": 0,
			"320privilege": 10,
			"fail_process": 4,
			"320hash": "BAD2CACB83023628D44BA425D4B28FE8",
			"sqhash": "3B89D3430950F9A593F07F2884442E6A",
			"remark": "LUNA",
			"pay_type_sq": 3,
			"extname": "mp3",
			"sqprivilege": 10,
			"topic_url_320": "",
			"has_accompany": 1
		}, {
			"pay_type_320": 0,
			"m4afilesize": 0,
			"price_sq": 0,
			"first": 1,
			"filesize": 4543323,
			"bitrate": 127,
			"price": 0,
			"inlist": 1,
			"old_cpy": 1,
			"pkg_price_sq": 0,
			"pay_type": 0,
			"topic_url": "",
			"rp_type": "audio",
			"pkg_price": 0,
			"feetype": 0,
			"filename": "胡夏 - 夏至未至【夏至未至主题曲】",
			"price_320": 0,
			"sqfilesize": 27755539,
			"hash": "6680C3E9A999D4496E27E8D88BED0E9B",
			"mvhash": "CD53E799D97914C7C923F9B370D412CF",
			"privilege": 0,
			"addtime": "2017-06-09 10:03:04",
			"pkg_price_320": 0,
			"fail_process_sq": 0,
			"fail_process_320": 0,
			"audio_id": 26917452,
			"320filesize": 11359680,
			"rp_publish": 1,
			"duration": 283,
			"topic_url_sq": "",
			"album_id": "2700410",
			"isfirst": 0,
			"320privilege": 0,
			"fail_process": 0,
			"320hash": "4882937F4DBF7CF5A2523ADC9C3A0F7A",
			"sqhash": "BB0922375A5C2C095E2BCCB9F03604BD",
			"remark": "《夏至未至》电视剧同名主题曲",
			"pay_type_sq": 0,
			"extname": "mp3",
			"sqprivilege": 0,
			"topic_url_320": "",
			"has_accompany": 1
		}, {
			"pay_type_320": 3,
			"m4afilesize": 0,
			"price_sq": 200,
			"first": 0,
			"filesize": 3839158,
			"bitrate": 128,
			"price": 200,
			"inlist": 1,
			"old_cpy": 1,
			"pkg_price_sq": 1,
			"pay_type": 3,
			"topic_url": "",
			"rp_type": "audio",
			"pkg_price": 1,
			"feetype": 0,
			"filename": "庞龙 - 走着唱着",
			"price_320": 200,
			"sqfilesize": 27129169,
			"hash": "BB98D9480BDAC806CD23E9A38DA28CF6",
			"mvhash": "2D4195971676F65161183134F5C7E200",
			"privilege": 8,
			"addtime": "2017-06-09 00:50:29",
			"pkg_price_320": 1,
			"fail_process_sq": 4,
			"fail_process_320": 4,
			"audio_id": 26903994,
			"320filesize": 9597590,
			"rp_publish": 1,
			"duration": 239,
			"topic_url_sq": "",
			"album_id": "2699334",
			"isfirst": 0,
			"320privilege": 10,
			"fail_process": 4,
			"320hash": "ACE575FBC22ABA5B6E09B3BE48ECB16E",
			"sqhash": "3C280B04A46F9BBEF0267AA11288747D",
			"remark": "走着唱着",
			"pay_type_sq": 3,
			"extname": "mp3",
			"sqprivilege": 10,
			"topic_url_320": "",
			"has_accompany": 1
		}, {
			"pay_type_320": 0,
			"m4afilesize": 0,
			"price_sq": 0,
			"first": 1,
			"filesize": 3621105,
			"bitrate": 127,
			"price": 0,
			"inlist": 1,
			"old_cpy": 1,
			"pkg_price_sq": 0,
			"pay_type": 0,
			"topic_url": "",
			"rp_type": "audio",
			"pkg_price": 0,
			"feetype": 0,
			"filename": "杨梓文祺 - 你真是笨死了",
			"price_320": 0,
			"sqfilesize": 0,
			"hash": "EF6A5D569965A9054380B618434FB494",
			"mvhash": "",
			"privilege": 0,
			"addtime": "2017-06-15 00:29:45",
			"pkg_price_320": 0,
			"fail_process_sq": 0,
			"fail_process_320": 0,
			"audio_id": 26960301,
			"320filesize": 9054040,
			"rp_publish": 1,
			"duration": 226,
			"topic_url_sq": "",
			"album_id": "2706138",
			"isfirst": 0,
			"320privilege": 0,
			"fail_process": 0,
			"320hash": "64C5DA106D2C9EB0FAB387ED1330EA0B",
			"sqhash": "",
			"remark": "你真是笨死了",
			"pay_type_sq": 0,
			"extname": "mp3",
			"sqprivilege": 0,
			"topic_url_320": "",
			"has_accompany": 1
		}, {
			"pay_type_320": 3,
			"m4afilesize": 0,
			"price_sq": 200,
			"first": 1,
			"filesize": 4051080,
			"bitrate": 128,
			"price": 200,
			"inlist": 1,
			"old_cpy": 1,
			"pkg_price_sq": 1,
			"pay_type": 3,
			"topic_url": "",
			"rp_type": "audio",
			"pkg_price": 1,
			"feetype": 0,
			"filename": "成毅 - 如果我深爱着你",
			"price_320": 200,
			"sqfilesize": 27558724,
			"hash": "F8B6B49C2DB401FE6093C867DCD7B95F",
			"mvhash": "",
			"privilege": 8,
			"addtime": "2017-06-13 10:43:22",
			"pkg_price_320": 1,
			"fail_process_sq": 4,
			"fail_process_320": 4,
			"audio_id": 26951848,
			"320filesize": 10128960,
			"rp_publish": 1,
			"duration": 253,
			"topic_url_sq": "",
			"album_id": "2703343",
			"isfirst": 0,
			"320privilege": 10,
			"fail_process": 4,
			"320hash": "74C9ED334CCD8594413581716C7E2BD7",
			"sqhash": "C325BC88743849CB7DB8DDF1872A34C1",
			"remark": "如果我深爱着你",
			"pay_type_sq": 3,
			"extname": "mp3",
			"sqprivilege": 10,
			"topic_url_320": "",
			"has_accompany": 0
		}, {
			"pay_type_320": 0,
			"m4afilesize": 0,
			"price_sq": 0,
			"first": 1,
			"filesize": 4392878,
			"bitrate": 128,
			"price": 0,
			"inlist": 1,
			"old_cpy": 1,
			"pkg_price_sq": 0,
			"pay_type": 0,
			"topic_url": "",
			"rp_type": "audio",
			"pkg_price": 0,
			"feetype": 0,
			"filename": "安琥 - 下辈子不见",
			"price_320": 0,
			"sqfilesize": 0,
			"hash": "7EB81926A66ABF318827305E5233F76C",
			"mvhash": "",
			"privilege": 0,
			"addtime": "2017-06-13 10:03:42",
			"pkg_price_320": 0,
			"fail_process_sq": 0,
			"fail_process_320": 0,
			"audio_id": 26765026,
			"320filesize": 10982004,
			"rp_publish": 1,
			"duration": 275,
			"topic_url_sq": "",
			"album_id": "2703041",
			"isfirst": 0,
			"320privilege": 0,
			"fail_process": 0,
			"320hash": "7793EB6749F93FDEE51B16842F328F15",
			"sqhash": "",
			"remark": "下辈子不见",
			"pay_type_sq": 0,
			"extname": "mp3",
			"sqprivilege": 0,
			"topic_url_320": "",
			"has_accompany": 1
		}, {
			"pay_type_320": 0,
			"m4afilesize": 0,
			"price_sq": 0,
			"first": 1,
			"filesize": 3610658,
			"bitrate": 128,
			"price": 0,
			"inlist": 1,
			"old_cpy": 1,
			"pkg_price_sq": 0,
			"pay_type": 0,
			"topic_url": "",
			"rp_type": "audio",
			"pkg_price": 0,
			"feetype": 0,
			"filename": "阿斯根 - 中国风",
			"price_320": 0,
			"sqfilesize": 29498531,
			"hash": "05141B2A15E8B0F4D014626E44ADFCA6",
			"mvhash": "",
			"privilege": 0,
			"addtime": "2017-06-13 00:40:07",
			"pkg_price_320": 0,
			"fail_process_sq": 0,
			"fail_process_320": 0,
			"audio_id": 26946133,
			"320filesize": 9027918,
			"rp_publish": 1,
			"duration": 225,
			"topic_url_sq": "",
			"album_id": "2702821",
			"isfirst": 0,
			"320privilege": 0,
			"fail_process": 0,
			"320hash": "3855604C4E82E4F4282371D8FA868DE4",
			"sqhash": "C04AD619597786D10851AED0DD8D39BE",
			"remark": "中国风",
			"pay_type_sq": 0,
			"extname": "mp3",
			"sqprivilege": 0,
			"topic_url_320": "",
			"has_accompany": 0
		}, {
			"pay_type_320": 0,
			"m4afilesize": 0,
			"price_sq": 0,
			"first": 1,
			"filesize": 4414771,
			"bitrate": 127,
			"price": 0,
			"inlist": 1,
			"old_cpy": 1,
			"pkg_price_sq": 0,
			"pay_type": 0,
			"topic_url": "",
			"rp_type": "audio",
			"pkg_price": 0,
			"feetype": 0,
			"filename": "苏勒亚其其格 - 勒勒车上唱情歌",
			"price_320": 0,
			"sqfilesize": 32678593,
			"hash": "9B307CA0AEB73EF22BF217F8CED922A8",
			"mvhash": "4E553981D89681D7B4DBA4399D2D7706",
			"privilege": 0,
			"addtime": "2017-06-09 00:46:50",
			"pkg_price_320": 0,
			"fail_process_sq": 0,
			"fail_process_320": 0,
			"audio_id": 26917346,
			"320filesize": 11038302,
			"rp_publish": 1,
			"duration": 276,
			"topic_url_sq": "",
			"album_id": "2700375",
			"isfirst": 0,
			"320privilege": 0,
			"fail_process": 0,
			"320hash": "52A78DD9DC5641BA47AEFE07BDB622BE",
			"sqhash": "78F275AEBCF236D4348EA85FC9BA6EDD",
			"remark": "勒勒车上唱情歌",
			"pay_type_sq": 0,
			"extname": "mp3",
			"sqprivilege": 0,
			"topic_url_320": "",
			"has_accompany": 1
		}, {
			"pay_type_320": 0,
			"m4afilesize": 0,
			"price_sq": 0,
			"first": 0,
			"filesize": 2924618,
			"bitrate": 128,
			"price": 0,
			"inlist": 1,
			"old_cpy": 1,
			"pkg_price_sq": 0,
			"pay_type": 0,
			"topic_url": "",
			"rp_type": "audio",
			"pkg_price": 0,
			"feetype": 0,
			"filename": "十二星宿风之少年 - 上海LOCKING",
			"price_320": 0,
			"sqfilesize": 22042781,
			"hash": "D9B73482DFA0ABB433E8AC5BDC06AE21",
			"mvhash": "",
			"privilege": 0,
			"addtime": "2017-06-14 14:26:16",
			"pkg_price_320": 0,
			"fail_process_sq": 0,
			"fail_process_320": 0,
			"audio_id": 26959739,
			"320filesize": 7311150,
			"rp_publish": 1,
			"duration": 182,
			"topic_url_sq": "",
			"album_id": "2706026",
			"isfirst": 0,
			"320privilege": 0,
			"fail_process": 0,
			"320hash": "58D63D55D20413D1B98D02A59B4F01DC",
			"sqhash": "C854238C7504BDF1E3F84B426D7F115C",
			"remark": "上海LOCKING",
			"pay_type_sq": 0,
			"extname": "mp3",
			"sqprivilege": 0,
			"topic_url_320": "",
			"has_accompany": 0
		}, {
			"pay_type_320": 0,
			"m4afilesize": 0,
			"price_sq": 0,
			"first": 1,
			"filesize": 4592823,
			"bitrate": 128,
			"price": 0,
			"inlist": 1,
			"old_cpy": 1,
			"pkg_price_sq": 0,
			"pay_type": 0,
			"topic_url": "",
			"rp_type": "audio",
			"pkg_price": 0,
			"feetype": 0,
			"filename": "华晨宇 - 齐天【悟空传主题曲】",
			"price_320": 0,
			"sqfilesize": 30131112,
			"hash": "DD293CAE96D3BDD07234A0FB273E41AC",
			"mvhash": "026597261F8674CB4DDAFAD35C85C999",
			"privilege": 0,
			"addtime": "2017-06-02 09:58:17",
			"pkg_price_320": 0,
			"fail_process_sq": 0,
			"fail_process_320": 0,
			"audio_id": 26859565,
			"320filesize": 11481783,
			"rp_publish": 1,
			"duration": 287,
			"topic_url_sq": "",
			"album_id": "2695601",
			"isfirst": 0,
			"320privilege": 0,
			"fail_process": 0,
			"320hash": "2C11FFE76ABB4B56732FDC1E8C72B8D8",
			"sqhash": "3A5BFE10F9EB8DED745D917D52924A77",
			"remark": "《悟空传》电影主题曲",
			"pay_type_sq": 0,
			"extname": "mp3",
			"sqprivilege": 0,
			"topic_url_320": "",
			"has_accompany": 0
		}, {
			"pay_type_320": 3,
			"m4afilesize": 0,
			"price_sq": 200,
			"first": 1,
			"filesize": 4216584,
			"bitrate": 128,
			"price": 200,
			"inlist": 1,
			"old_cpy": 1,
			"pkg_price_sq": 1,
			"pay_type": 3,
			"topic_url": "",
			"rp_type": "audio",
			"pkg_price": 1,
			"feetype": 0,
			"filename": "王杰、黄绮珊 - 爱得太多 (Live)",
			"price_320": 200,
			"sqfilesize": 33118430,
			"hash": "6EAA18023A8C3739A9B8FA290711D4DF",
			"mvhash": "02BA151505EB1C828D9C1991768AD5C9",
			"privilege": 8,
			"addtime": "2017-06-10 00:20:14",
			"pkg_price_320": 1,
			"fail_process_sq": 4,
			"fail_process_320": 4,
			"audio_id": 26866263,
			"320filesize": 10542720,
			"rp_publish": 1,
			"duration": 264,
			"topic_url_sq": "",
			"album_id": "2695935",
			"isfirst": 0,
			"320privilege": 10,
			"fail_process": 4,
			"320hash": "FCADE548809512AE1ED0E30FDDDEE9CB",
			"sqhash": "9F7D477A13622CA91EAA7C91E8357E92",
			"remark": "金曲捞 第一季第九期",
			"pay_type_sq": 3,
			"extname": "mp3",
			"sqprivilege": 10,
			"topic_url_320": "",
			"has_accompany": 1
		}, {
			"pay_type_320": 0,
			"m4afilesize": 0,
			"price_sq": 0,
			"first": 1,
			"filesize": 4290931,
			"bitrate": 127,
			"price": 0,
			"inlist": 1,
			"old_cpy": 1,
			"pkg_price_sq": 0,
			"pay_type": 0,
			"topic_url": "",
			"rp_type": "audio",
			"pkg_price": 0,
			"feetype": 0,
			"filename": "董贞 - 怀沙",
			"price_320": 0,
			"sqfilesize": 27448569,
			"hash": "9CC3F7ED8DB44667C4CDEF751DD7ACC1",
			"mvhash": "",
			"privilege": 0,
			"addtime": "2017-06-10 10:45:05",
			"pkg_price_320": 0,
			"fail_process_sq": 0,
			"fail_process_320": 0,
			"audio_id": 26915473,
			"320filesize": 10728216,
			"rp_publish": 1,
			"duration": 268,
			"topic_url_sq": "",
			"album_id": "2700097",
			"isfirst": 0,
			"320privilege": 0,
			"fail_process": 0,
			"320hash": "66F62F50C24B8863A6F4704C12169173",
			"sqhash": "8E23ADE5E5FA5F0E068BC1F1CE66E4F6",
			"remark": "怀沙",
			"pay_type_sq": 0,
			"extname": "mp3",
			"sqprivilege": 0,
			"topic_url_320": "",
			"has_accompany": 1
		}, {
			"pay_type_320": 0,
			"m4afilesize": 0,
			"price_sq": 0,
			"first": 1,
			"filesize": 3281546,
			"bitrate": 128,
			"price": 0,
			"inlist": 1,
			"old_cpy": 1,
			"pkg_price_sq": 0,
			"pay_type": 0,
			"topic_url": "",
			"rp_type": "audio",
			"pkg_price": 0,
			"feetype": 0,
			"filename": "花僮 - 情狐",
			"price_320": 0,
			"sqfilesize": 26629256,
			"hash": "108C99F3909A34CA8B18F177B32C0114",
			"mvhash": "",
			"privilege": 0,
			"addtime": "2017-06-14 00:37:47",
			"pkg_price_320": 0,
			"fail_process_sq": 0,
			"fail_process_320": 0,
			"audio_id": 26953432,
			"320filesize": 8205120,
			"rp_publish": 1,
			"duration": 205,
			"topic_url_sq": "",
			"album_id": "2704829",
			"isfirst": 0,
			"320privilege": 0,
			"fail_process": 0,
			"320hash": "DA5F494337FACA218C27ABB53D5711AE",
			"sqhash": "D612D8FD6A8380D5B7DF67CBE27E5C40",
			"remark": "情狐",
			"pay_type_sq": 0,
			"extname": "mp3",
			"sqprivilege": 0,
			"topic_url_320": "",
			"has_accompany": 1
		}, {
			"pay_type_320": 0,
			"m4afilesize": 0,
			"price_sq": 0,
			"first": 1,
			"filesize": 3391653,
			"bitrate": 127,
			"price": 0,
			"inlist": 1,
			"old_cpy": 1,
			"pkg_price_sq": 0,
			"pay_type": 0,
			"topic_url": "",
			"rp_type": "audio",
			"pkg_price": 0,
			"feetype": 0,
			"filename": "文静 - 要多美有多美",
			"price_320": 0,
			"sqfilesize": 27648090,
			"hash": "79EE167CC0CE9A2304546C59EF631B47",
			"mvhash": "9E22DE8007BE78CB1D859533047D6C3D",
			"privilege": 0,
			"addtime": "2017-06-13 10:50:42",
			"pkg_price_320": 0,
			"fail_process_sq": 0,
			"fail_process_320": 0,
			"audio_id": 26951997,
			"320filesize": 8480391,
			"rp_publish": 1,
			"duration": 212,
			"topic_url_sq": "",
			"album_id": "2704626",
			"isfirst": 0,
			"320privilege": 0,
			"fail_process": 0,
			"320hash": "B203B1F010B4C412EAD7F13EC0DD2A2D",
			"sqhash": "E017A7B4BD0732273C3C54C2CBC1E060",
			"remark": "要多美有多美",
			"pay_type_sq": 0,
			"extname": "mp3",
			"sqprivilege": 0,
			"topic_url_320": "",
			"has_accompany": 1
		}],
		"total": 31
	},
	"errcode": 0
}
