{
	"status": 1,
	"error_code": 0,
	"data": [{
		"collection_list": [{
			"user_name": "浅唱内段情",
			"cover": "http:\/\/imge.kugou.com\/soft\/collection\/150\/20160401\/20160401070127111082.jpg",
			"heat": "64578",
			"cloudlist_id": "19",
			"intro": "我还很认真，分析你的口吻，你字句太准优雅的停顿，当你转过身，又熟悉又陌生，用冰冷的口吻，说不必认真，我和你连分手都好默契，我记录的旋律，是否你藏在和弦里，我只能望着你缓缓离开，而你的脚步没有慢下来，有许多太过牵强的对白，还盘旋在我的脑海，你重复那句不爱的无奈。",
			"sync": "1",
			"is_publish": "1",
			"collection_id": "100956",
			"is_recommend": "0",
			"publish_date": "2015-09-27",
			"user_id": "509005144",
			"flexible_cover": "http:\/\/imge.kugou.com\/soft\/collection\/{size}\/20160401\/20160401070127111082.jpg",
			"user_is_verified": 0,
			"collection_name": "苦笑释怀，你给的伤害"
		}, {
			"user_name": "莫愁",
			"cover": "http:\/\/imge.kugou.com\/soft\/collection\/150\/20161019\/20161019153131801374.jpg",
			"heat": "12277616",
			"cloudlist_id": "29",
			"intro": "我曾无数次幻想与你相遇的画面，然而当繁华落尽，曲终人散，或许多年以后再见到你，我仍有按捺不住的喜悦。",
			"sync": "1",
			"is_publish": "1",
			"collection_id": "119341",
			"is_recommend": "0",
			"publish_date": "2016-10-19",
			"user_id": "509004759",
			"flexible_cover": "http:\/\/imge.kugou.com\/soft\/collection\/{size}\/20161019\/20161019153131801374.jpg",
			"user_is_verified": 0,
			"collection_name": "分手后，这些歌不再敢碰"
		}, {
			"user_name": "智如",
			"cover": "http:\/\/imge.kugou.com\/soft\/collection\/150\/20151021\/20151021185218408743.jpg",
			"heat": "54497",
			"cloudlist_id": "8",
			"intro": "一个人，一本书，一下午微醺的时光。不知道有没有这样一首歌，初一开口就让你沉醉。略带慵懒的声线，语气里浅浅的调皮。像是黄昏前的日光斜斜落下拖了一地的碎影。又或是在夜晚和谁一起看星星看月亮。在听这些歌的时候，你会不会。像我一样窝在沙发里一遍一遍地循环播放。爪子垫在小脑袋下，胡子一抖一抖的。一个人，读一本书，晒着太阳。听着歌，逗着猫。",
			"sync": "1",
			"is_publish": "1",
			"collection_id": "30907",
			"is_recommend": "0",
			"publish_date": "2014-06-08",
			"user_id": "509001188",
			"flexible_cover": "http:\/\/imge.kugou.com\/soft\/collection\/{size}\/20151021\/20151021185218408743.jpg",
			"user_is_verified": 0,
			"collection_name": "不知道有没有这样一首歌"
		}, {
			"user_name": "安静楠",
			"cover": "http:\/\/imge.kugou.com\/soft\/collection\/150\/20160331\/20160331165947906768.jpg",
			"heat": "53428",
			"cloudlist_id": "11",
			"intro": "那天，我也不太记得是凌晨还是黄昏。那次，她哭的那么撕心裂肺。我不记得最后她是怎么离去，只是在她离开的时候，说的那句无所谓了句句刺痛着我。",
			"sync": "1",
			"is_publish": "1",
			"collection_id": "85108",
			"is_recommend": "0",
			"publish_date": "2015-03-06",
			"user_id": "509004992",
			"flexible_cover": "http:\/\/imge.kugou.com\/soft\/collection\/{size}\/20160331\/20160331165947906768.jpg",
			"user_is_verified": 0,
			"collection_name": "那天她曾说她无所谓"
		}, {
			"user_name": "邹伟",
			"cover": "http:\/\/imge.kugou.com\/soft\/collection\/150\/20151027\/20151027132816913439.jpg",
			"heat": "115479",
			"cloudlist_id": "11",
			"intro": "当故事结束，你不要走好吗，你永远也看不见我最爱你的时候，因为我只有在看不见你的时候，才最爱你。同样，你永远也看不见我最寂寞的时候，因为我只有在你看不见我的时候，我才最寂寞",
			"sync": "1",
			"is_publish": "1",
			"collection_id": "32333",
			"is_recommend": "0",
			"publish_date": "2015-03-07",
			"user_id": "509001334",
			"flexible_cover": "http:\/\/imge.kugou.com\/soft\/collection\/{size}\/20151027\/20151027132816913439.jpg",
			"user_is_verified": 0,
			"collection_name": "那么爱你怎可能一滴泪没有"
		}, {
			"user_name": "始终会_iTAiz",
			"cover": "http:\/\/imge.kugou.com\/soft\/collection\/150\/20150922\/20150922162347699435.jpg",
			"heat": "65915",
			"cloudlist_id": "4",
			"intro": "你永远不懂我伤悲，像白天不懂夜的黑。我知道我们不会有结果，可是要忘记你我做不到，也许只有放手才能解脱。明明说好不哭眼泪还是情不自禁落下，他不懂，永远都不懂我心里到底有多痛有多伤，只是留下独自一人舔着还未愈合的伤口。",
			"sync": "1",
			"is_publish": "1",
			"collection_id": "27725",
			"is_recommend": "0",
			"publish_date": "2014-05-09",
			"user_id": "509001206",
			"flexible_cover": "http:\/\/imge.kugou.com\/soft\/collection\/{size}\/20150922\/20150922162347699435.jpg",
			"user_is_verified": 0,
			"collection_name": "你永远不懂得我的伤悲"
		}, {
			"user_name": "美女",
			"cover": "http:\/\/imge.kugou.com\/soft\/collection\/150\/20160331\/20160331225012638136.jpg",
			"heat": "44850",
			"cloudlist_id": "15",
			"intro": "刚出不久的新歌，听起来挺不错",
			"sync": "1",
			"is_publish": "1",
			"collection_id": "92549",
			"is_recommend": "0",
			"publish_date": "2014-09-15",
			"user_id": "509005551",
			"flexible_cover": "http:\/\/imge.kugou.com\/soft\/collection\/{size}\/20160331\/20160331225012638136.jpg",
			"user_is_verified": 0,
			"collection_name": "华语乐坛～新歌推荐"
		}, {
			"user_name": "桃园_y3f73",
			"cover": "http:\/\/imge.kugou.com\/soft\/collection\/150\/20160328\/20160328191424427248.jpg",
			"heat": "166255",
			"cloudlist_id": "44",
			"intro": "一辈子很长，长到可以看到无数次的日出日落，长到可以有时间看你的头发从乌黑变成花白。所以这一辈子太重要了，重要到我会用尽全部的力气去找到那个可以牵着我的手不会放开的人。\n这个对的人很难找。\n但是，我会在绚丽的春天为自己梳妆打扮，在明亮的夏天，进行一场爱的冒险，在金黄的秋天，收获自己爱的果实。\n请你先让自己变成最好的自己，然后去遇到你生命中那个对的人，慢慢来，不着急。",
			"sync": "1",
			"is_publish": "1",
			"collection_id": "62072",
			"is_recommend": "0",
			"publish_date": "2015-08-28",
			"user_id": "509001187",
			"flexible_cover": "http:\/\/imge.kugou.com\/soft\/collection\/{size}\/20160328\/20160328191424427248.jpg",
			"user_is_verified": 0,
			"collection_name": "这辈子遇到一个对的人有多难"
		}, {
			"user_name": "犹大之吻",
			"cover": "http:\/\/imge.kugou.com\/soft\/collection\/150\/20160414\/20160414173458937676.jpg",
			"heat": "2811627",
			"cloudlist_id": "23",
			"intro": "这世上，没有一样感情不是千疮百孔的，你的爱情虽败犹荣，虽死犹存，那些死去活来，有一天都会不见伤痕，爱的遗迹，幻化成你蜕变的足迹，陪你走向下一个爱的契机。用歌词留下，用音乐呼应，你在爱情里各种曾经刻骨铭心的样子。",
			"sync": "1",
			"is_publish": "1",
			"collection_id": "111778",
			"is_recommend": "0",
			"publish_date": "2016-04-13",
			"user_id": "509004322",
			"flexible_cover": "http:\/\/imge.kugou.com\/soft\/collection\/{size}\/20160414\/20160414173458937676.jpg",
			"user_is_verified": 0,
			"collection_name": "疗伤系：原来爱情没什么"
		}, {
			"user_name": "冰雪凌",
			"cover": "http:\/\/imge.kugou.com\/soft\/collection\/150\/20161110\/20161110181233421613.jpg",
			"heat": "194211",
			"cloudlist_id": "26",
			"intro": "曲终人散之后，夜深人静终于和自己面对面，是事过境迁、是冷静，是更清晰赤裸面对感情的失败，直视自己的弱点，细数自己在爱情中慢慢走向失败的过程，与其说是反省，更是一个淡然和抒情的告别，轻轻划下记号，利落填上句号。",
			"sync": "1",
			"is_publish": "1",
			"collection_id": "120202",
			"is_recommend": "0",
			"publish_date": "2016-11-10",
			"user_id": "509005898",
			"flexible_cover": "http:\/\/imge.kugou.com\/soft\/collection\/{size}\/20161110\/20161110181233421613.jpg",
			"user_is_verified": 0,
			"collection_name": "成全了我的天后，成为了你的败将"
		}, {
			"user_name": "熙宝贝",
			"cover": "http:\/\/imge.kugou.com\/soft\/collection\/150\/20160323\/20160323101141294149.jpg",
			"heat": "7764",
			"cloudlist_id": "46",
			"intro": "错过的人 一辈子忘不了也只能记在心里 怀念他 也怀念曾经的自己",
			"sync": "1",
			"is_publish": "1",
			"collection_id": "60564",
			"is_recommend": "0",
			"publish_date": "2014-06-05",
			"user_id": "509001594",
			"flexible_cover": "http:\/\/imge.kugou.com\/soft\/collection\/{size}\/20160323\/20160323101141294149.jpg",
			"user_is_verified": 0,
			"collection_name": "20首至错过的遗憾 埋藏心里的唯一"
		}, {
			"user_name": "透明泡泡",
			"cover": "http:\/\/imge.kugou.com\/soft\/collection\/150\/20160401\/20160401065015689220.jpg",
			"heat": "16724",
			"cloudlist_id": "19",
			"intro": "忘了有多久 再没听到你对我说你 最爱的故事我想了很久 我开始慌了是不是我又 做错了什么你哭着对我说 童话里都是骗人的我不可能是你的王子也许你不会懂 从你说爱我以后我的天空 星星都亮了我愿变成童话里 你爱的那个天使张开双手 变成翅膀守护你你要相信 相信我们会像童话故事里幸福和快乐是结局",
			"sync": "1",
			"is_publish": "1",
			"collection_id": "100794",
			"is_recommend": "0",
			"publish_date": "2015-11-26",
			"user_id": "509005306",
			"flexible_cover": "http:\/\/imge.kugou.com\/soft\/collection\/{size}\/20160401\/20160401065015689220.jpg",
			"user_is_verified": 0,
			"collection_name": "童话里都是骗人的。"
		}, {
			"user_name": "有何不_wLL9w",
			"cover": "http:\/\/imge.kugou.com\/soft\/collection\/150\/20151013\/20151013184844856009.jpg",
			"heat": "24790",
			"cloudlist_id": "6",
			"intro": "未来不迎，过往不恋",
			"sync": "1",
			"is_publish": "1",
			"collection_id": "29540",
			"is_recommend": "0",
			"publish_date": "2015-08-26",
			"user_id": "509001101",
			"flexible_cover": "http:\/\/imge.kugou.com\/soft\/collection\/{size}\/20151013\/20151013184844856009.jpg",
			"user_is_verified": 0,
			"collection_name": "未来不迎，过往不恋"
		}, {
			"user_name": "脱轨单行车",
			"cover": "http:\/\/imge.kugou.com\/soft\/collection\/150\/20151021\/20151021170951994710.jpg",
			"heat": "51795",
			"cloudlist_id": "17",
			"intro": "多想说句好久不见。“夜深人静的时候，写首歌给唱，这样就不会感觉到没有你在我身旁。”&lt;br&gt; “也许思念不过是对昨天的向往，当一个人在远方，它带来更多是希望。”",
			"sync": "1",
			"is_publish": "1",
			"collection_id": "30707",
			"is_recommend": "0",
			"publish_date": "2015-09-21",
			"user_id": "641115006",
			"flexible_cover": "http:\/\/imge.kugou.com\/soft\/collection\/{size}\/20151021\/20151021170951994710.jpg",
			"user_is_verified": 0,
			"collection_name": "依然微笑不曾离开原地"
		}, {
			"user_name": "雪天恋人",
			"cover": "http:\/\/imge.kugou.com\/soft\/collection\/150\/20160331\/20160331224355104380.jpg",
			"heat": "327199",
			"cloudlist_id": "14",
			"intro": "一个人可以很简单，可以随时出发就去旅行，一个人也可以很困难，没有人的陪伴，也许会成为遗憾。有些人走了，就不再回头，有些事过去了，就不能再回首，有些梦散了，就无法再去拼凑......\n\n就让我静静的聆听，一直一直循环......",
			"sync": "1",
			"is_publish": "1",
			"collection_id": "92251",
			"is_recommend": "0",
			"publish_date": "2015-04-23",
			"user_id": "509005849",
			"flexible_cover": "http:\/\/imge.kugou.com\/soft\/collection\/{size}\/20160331\/20160331224355104380.jpg",
			"user_is_verified": 0,
			"collection_name": "谁负了单曲，她一直循环"
		}, {
			"user_name": "夜飞闪",
			"cover": "http:\/\/imge.kugou.com\/soft\/collection\/150\/20160329\/20160329120859279640.jpg",
			"heat": "148043",
			"cloudlist_id": "54",
			"intro": "夜深人静的时候还是会想他。我们没有说再见，只是很默契的不在打扰对方。 看起来我毫不在乎你 其实你不知道我忍住了多少次想要联系你的冲动。你对我的一点点好 都会动摇我的决心。有些情绪 不想让别人知道 却又不愿堆积在心里。我只是发一些自己喜欢的或者说很像我的文字。",
			"sync": "1",
			"is_publish": "1",
			"collection_id": "66394",
			"is_recommend": "0",
			"publish_date": "2014-10-05",
			"user_id": "509001043",
			"flexible_cover": "http:\/\/imge.kugou.com\/soft\/collection\/{size}\/20160329\/20160329120859279640.jpg",
			"user_is_verified": 0,
			"collection_name": "这可能，是最懂你心的枕边歌单"
		}, {
			"user_name": "笑残寒凝",
			"cover": "http:\/\/imge.kugou.com\/soft\/collection\/150\/20170214\/20170214161651470919.jpg",
			"heat": "2858091",
			"cloudlist_id": "29",
			"intro": "如果有那么一天，背对着一遍遍想念，爱很近却又那么远。你在我的心里已住久了，孤单变成了习惯……",
			"sync": "1",
			"is_publish": "1",
			"collection_id": "121203",
			"is_recommend": "0",
			"publish_date": "2017-02-13",
			"user_id": "509004836",
			"flexible_cover": "http:\/\/imge.kugou.com\/soft\/collection\/{size}\/20170214\/20170214161651470919.jpg",
			"user_is_verified": 0,
			"collection_name": "思念是个无底黑洞"
		}, {
			"user_name": "亦非亦雨",
			"cover": "http:\/\/imge.kugou.com\/soft\/collection\/150\/20160331\/20160331190827388388.jpg",
			"heat": "37369",
			"cloudlist_id": "12",
			"intro": "有人说：饮过最烈的酒才会懂得白开水最长情。大概也是年少时我们都或多或少向往的美好。其实青春何尝不是一场泅渡，一路都如履薄冰，我们战战兢兢把持住那些岌岌可危的惶恐与好奇，毅然朝梦里花开与心底盛开的暖季前行。只是但愿以后我受你没受过的伤，去冒你没冒过的险，去你没去到过的地方。或许某一天……倘若有一天我们走到一起，我便可以一路护你周全。",
			"sync": "1",
			"is_publish": "1",
			"collection_id": "87462",
			"is_recommend": "0",
			"publish_date": "2014-05-16",
			"user_id": "509004638",
			"flexible_cover": "http:\/\/imge.kugou.com\/soft\/collection\/{size}\/20160331\/20160331190827388388.jpg",
			"user_is_verified": 0,
			"collection_name": "愿我是你最怀念的那杯白开水"
		}],
		"tag_info": [{
			"tag_id": "684",
			"tag_name": "失恋"
		}, {
			"tag_id": "578",
			"tag_name": "伤感"
		}]
	}]
}
