{
	"status": 1,
	"error": "",
	"data": {
		"timestamp": 1497514322,
		"info": [{
			"filename": "杨宗纬、张碧晨 - 凉凉",
			"rp_type": "audio",
			"sqfilesize": 37169674,
			"m4afilesize": 0,
			"sqhash": "D11347C7A07002112AA353FB75263B16",
			"hash": "9C5F7AFC362E4DBC38F71D50B32892FA",
			"mvhash": "869270221B2FEDCDF5BB75016C692AF3",
			"first": 0,
			"privilege": 8,
			"filesize": 5332102,
			"addtime": "2017-06-15 14:10:20",
			"bitrate": 128,
			"buy_count": 23473,
			"duration": 333,
			"extname": "mp3",
			"pay_type_sq": 3,
			"320filesize": 13331520,
			"album_id": "0",
			"has_accompany": 1,
			"old_cpy": 1,
			"fail_process_sq": 4,
			"remark": "《三生三世十里桃花》电视剧片尾曲",
			"pay_type": 3,
			"fail_process": 4,
			"inlist": 1,
			"320hash": "0318FB29F1E09A83519A76087F65583F",
			"320privilege": 10,
			"fail_process_320": 4,
			"isfirst": 0,
			"sqprivilege": 10,
			"pay_type_320": 3,
			"feetype": 1
		}, {
			"filename": "赵雷 - 成都",
			"rp_type": "audio",
			"sqfilesize": 32113184,
			"m4afilesize": 0,
			"sqhash": "D0C7FF61EA4398C557906CA0B6659420",
			"hash": "CBF8FA6C9A4BC799D2A55C64F419D86C",
			"mvhash": "5B6CF28A06B8FFDB188933494F496508",
			"first": 0,
			"privilege": 8,
			"filesize": 5249733,
			"addtime": "2017-06-15 14:10:20",
			"bitrate": 128,
			"buy_count": 16495,
			"duration": 328,
			"extname": "mp3",
			"pay_type_sq": 0,
			"320filesize": 13123917,
			"album_id": "0",
			"has_accompany": 1,
			"old_cpy": 1,
			"fail_process_sq": 0,
			"remark": "成都",
			"pay_type": 0,
			"fail_process": 0,
			"inlist": 1,
			"320hash": "1C2A837E55C007221B2E1025082AF979",
			"320privilege": 10,
			"fail_process_320": 0,
			"isfirst": 0,
			"sqprivilege": 10,
			"pay_type_320": 0,
			"feetype": 1
		}, {
			"filename": "郁可唯、王铮亮 - 星月",
			"rp_type": "audio",
			"sqfilesize": 28910003,
			"m4afilesize": 0,
			"sqhash": "2612C736195D052477990B3FB16B4807",
			"hash": "45056A1C926AF86D2469DAD508C07EEE",
			"mvhash": "AD9E6526A0DB851BE21F7B2F659941FE",
			"first": 1,
			"privilege": 8,
			"filesize": 4405513,
			"addtime": "2017-06-15 14:10:20",
			"bitrate": 127,
			"buy_count": 16237,
			"duration": 275,
			"extname": "mp3",
			"pay_type_sq": 3,
			"320filesize": 11015040,
			"album_id": "0",
			"has_accompany": 0,
			"old_cpy": 1,
			"fail_process_sq": 4,
			"remark": "《楚乔传》电视剧情感主题曲",
			"pay_type": 3,
			"fail_process": 4,
			"inlist": 1,
			"320hash": "977FC3D762C177E32061359D4CE3F974",
			"320privilege": 10,
			"fail_process_320": 4,
			"isfirst": 1,
			"sqprivilege": 10,
			"pay_type_320": 3,
			"feetype": 1
		}, {
			"filename": "庄心妍 - 走着走着就散了",
			"rp_type": "audio",
			"sqfilesize": 29298205,
			"m4afilesize": 0,
			"sqhash": "15F93D407261E1CDD7B5354ABA95401A",
			"hash": "EA3C81D87E3690BA5F5291F163A92F52",
			"mvhash": "0272E09511AEAC127C5A96FDEA21C222",
			"first": 1,
			"privilege": 8,
			"filesize": 4295073,
			"addtime": "2017-06-15 14:10:20",
			"bitrate": 128,
			"buy_count": 15294,
			"duration": 268,
			"extname": "mp3",
			"pay_type_sq": 3,
			"320filesize": 10727104,
			"album_id": "0",
			"has_accompany": 1,
			"old_cpy": 1,
			"fail_process_sq": 4,
			"remark": "走着走着就散了",
			"pay_type": 3,
			"fail_process": 4,
			"inlist": 1,
			"320hash": "DB6A83920E360EE7D6A40C9ED234784C",
			"320privilege": 10,
			"fail_process_320": 4,
			"isfirst": 1,
			"sqprivilege": 10,
			"pay_type_320": 3,
			"feetype": 1
		}, {
			"filename": "周杰伦 - 告白气球",
			"rp_type": "audio",
			"sqfilesize": 25058814,
			"m4afilesize": 0,
			"sqhash": "B2C0A23919EEE8B47831FFAA2604107F",
			"hash": "3C3D93A5615FB42486CAB22024945264",
			"mvhash": "1B43BAAF79C20489C85DEF55E2BA7AF0",
			"first": 0,
			"privilege": 8,
			"filesize": 3449934,
			"addtime": "2017-06-15 14:10:20",
			"bitrate": 128,
			"buy_count": 14413,
			"duration": 216,
			"extname": "mp3",
			"pay_type_sq": 3,
			"320filesize": 8624568,
			"album_id": "0",
			"has_accompany": 1,
			"old_cpy": 1,
			"fail_process_sq": 4,
			"remark": "周杰伦的床边故事",
			"pay_type": 3,
			"fail_process": 4,
			"inlist": 1,
			"320hash": "4C285C68EBEFAD7D8602D2D14D48F725",
			"320privilege": 10,
			"fail_process_320": 4,
			"isfirst": 0,
			"sqprivilege": 10,
			"pay_type_320": 3,
			"feetype": 1
		}, {
			"filename": "陈雅森 - 温柔乡",
			"rp_type": "audio",
			"sqfilesize": 31146500,
			"m4afilesize": 0,
			"sqhash": "9E76233C8BD385520F868368B7797EF6",
			"hash": "445E9FF0AC484F7749CABBDF9BB9D814",
			"mvhash": "F48F4EF4B2AD2646DBAE2502A960B122",
			"first": 1,
			"privilege": 8,
			"filesize": 4058090,
			"addtime": "2017-06-15 14:10:20",
			"bitrate": 128,
			"buy_count": 13128,
			"duration": 253,
			"extname": "mp3",
			"pay_type_sq": 3,
			"320filesize": 10145959,
			"album_id": "0",
			"has_accompany": 1,
			"old_cpy": 1,
			"fail_process_sq": 4,
			"remark": "温柔乡",
			"pay_type": 3,
			"fail_process": 4,
			"inlist": 1,
			"320hash": "232C22C190D2FC2EE8F80D993CC2369A",
			"320privilege": 10,
			"fail_process_320": 4,
			"isfirst": 1,
			"sqprivilege": 10,
			"pay_type_320": 3,
			"feetype": 1
		}, {
			"filename": "Alan Walker - Faded",
			"rp_type": "audio",
			"sqfilesize": 28394043,
			"m4afilesize": 0,
			"sqhash": "EEFB08ABCDD8B2C77176C63ECBBF6108",
			"hash": "5DD8F4B0FB68415472136D961232421B",
			"mvhash": "E4F166FA494988DC779ED8837E7AA26F",
			"first": 0,
			"privilege": 8,
			"filesize": 3404321,
			"addtime": "2017-06-15 14:10:20",
			"bitrate": 128,
			"buy_count": 12157,
			"duration": 213,
			"extname": "mp3",
			"pay_type_sq": 0,
			"320filesize": 8509692,
			"album_id": "0",
			"has_accompany": 1,
			"old_cpy": 1,
			"fail_process_sq": 0,
			"remark": "KISS Kesähitti",
			"pay_type": 0,
			"fail_process": 0,
			"inlist": 1,
			"320hash": "D034F007A8BE8B3C7B5749BB588D2517",
			"320privilege": 10,
			"fail_process_320": 0,
			"isfirst": 0,
			"sqprivilege": 10,
			"pay_type_320": 0,
			"feetype": 1
		}, {
			"filename": "Beyond - 海阔天空",
			"rp_type": "audio",
			"sqfilesize": 34614772,
			"m4afilesize": 0,
			"sqhash": "541890D8953AE4A3E75A2202CA10C93A",
			"hash": "498FFD010763B5B7F6B5DC637FD760E8",
			"mvhash": "4135FC477494AA522A85B515410C101A",
			"first": 0,
			"privilege": 8,
			"filesize": 5148882,
			"addtime": "2017-06-15 14:10:20",
			"bitrate": 127,
			"buy_count": 11045,
			"duration": 322,
			"extname": "mp3",
			"pay_type_sq": 3,
			"320filesize": 12996568,
			"album_id": "0",
			"has_accompany": 1,
			"old_cpy": 1,
			"fail_process_sq": 4,
			"remark": "《九五2班》网络电影插曲",
			"pay_type": 3,
			"fail_process": 4,
			"inlist": 1,
			"320hash": "0278B3FCC9BDEAE87298FD7E6EAE8715",
			"320privilege": 10,
			"fail_process_320": 4,
			"isfirst": 0,
			"sqprivilege": 10,
			"pay_type_320": 3,
			"feetype": 1
		}, {
			"filename": "张杰 - 三生三世",
			"rp_type": "audio",
			"sqfilesize": 30902125,
			"m4afilesize": 0,
			"sqhash": "8CE2889FC0553EB83B48AEE60AD50E8A",
			"hash": "AE98B84033A1F02F36AA2387DBA26F3E",
			"mvhash": "4FC8D3E40BD5F2F57510EE90ECDD3351",
			"first": 0,
			"privilege": 8,
			"filesize": 4120959,
			"addtime": "2017-06-15 14:10:20",
			"bitrate": 127,
			"buy_count": 11037,
			"duration": 257,
			"extname": "mp3",
			"pay_type_sq": 3,
			"320filesize": 10303680,
			"album_id": "0",
			"has_accompany": 1,
			"old_cpy": 1,
			"fail_process_sq": 4,
			"remark": "《三生三世十里桃花》电视剧主题曲",
			"pay_type": 3,
			"fail_process": 4,
			"inlist": 1,
			"320hash": "3B311E5F714B145A694AA8CEF9ED7F43",
			"320privilege": 10,
			"fail_process_320": 4,
			"isfirst": 0,
			"sqprivilege": 10,
			"pay_type_320": 3,
			"feetype": 1
		}, {
			"filename": "许巍 - 曾经的你",
			"rp_type": "audio",
			"sqfilesize": 30249718,
			"m4afilesize": 0,
			"sqhash": "7CAD8D26FEFE7A8C85EC8C130E0B62C4",
			"hash": "1C6F8526237EF807D31E1344FD296E45",
			"mvhash": "547F38BA749B786E1D0200DC18E39C33",
			"first": 0,
			"privilege": 8,
			"filesize": 4223216,
			"addtime": "2017-06-15 14:10:20",
			"bitrate": 128,
			"buy_count": 10389,
			"duration": 263.288,
			"extname": "mp3",
			"pay_type_sq": 3,
			"320filesize": 10379046,
			"album_id": "0",
			"has_accompany": 1,
			"old_cpy": 1,
			"fail_process_sq": 4,
			"remark": "《夏洛特烦恼》电影配乐",
			"pay_type": 3,
			"fail_process": 4,
			"inlist": 1,
			"320hash": "CA855486681F69859825A12CDF24956D",
			"320privilege": 10,
			"fail_process_320": 4,
			"isfirst": 0,
			"sqprivilege": 10,
			"pay_type_320": 3,
			"feetype": 1
		}, {
			"filename": "庄心妍 - 再见只是陌生人",
			"rp_type": "audio",
			"sqfilesize": 28652263,
			"m4afilesize": 0,
			"sqhash": "0DEDFE346C5A7E3ED1A21C837CC0D49A",
			"hash": "B507808B800A5413C0E8C165AC52DE68",
			"mvhash": "71180AAEFA25F6D1547AD94E09816ABE",
			"first": 1,
			"privilege": 8,
			"filesize": 4029424,
			"addtime": "2017-06-15 14:10:20",
			"bitrate": 128,
			"buy_count": 10163,
			"duration": 252,
			"extname": "mp3",
			"pay_type_sq": 3,
			"320filesize": 10066547,
			"album_id": "0",
			"has_accompany": 1,
			"old_cpy": 1,
			"fail_process_sq": 4,
			"remark": "再见只是陌生人",
			"pay_type": 3,
			"fail_process": 4,
			"inlist": 1,
			"320hash": "1866EF1D7EB643A2ED789A2B68ED9AD2",
			"320privilege": 10,
			"fail_process_320": 4,
			"isfirst": 1,
			"sqprivilege": 10,
			"pay_type_320": 3,
			"feetype": 1
		}, {
			"filename": "齐晨 - 咱们结婚吧",
			"rp_type": "audio",
			"sqfilesize": 25972169,
			"m4afilesize": 0,
			"sqhash": "19467C8A3C87DA2ECEA89D10C865AD97",
			"hash": "A146C9368D819BF4C71C27D92E9EC458",
			"mvhash": "24562EF1C9335B1BAF84DD4DA7109BC0",
			"first": 0,
			"privilege": 8,
			"filesize": 3648782,
			"addtime": "2017-06-15 14:10:20",
			"bitrate": 128,
			"buy_count": 9506,
			"duration": 228,
			"extname": "mp3",
			"pay_type_sq": 3,
			"320filesize": 9119869,
			"album_id": "0",
			"has_accompany": 1,
			"old_cpy": 1,
			"fail_process_sq": 4,
			"remark": "",
			"pay_type": 3,
			"fail_process": 4,
			"inlist": 1,
			"320hash": "C14C8D161B5C2F016FEE6AB0BE155574",
			"320privilege": 10,
			"fail_process_320": 4,
			"isfirst": 0,
			"sqprivilege": 10,
			"pay_type_320": 3,
			"feetype": 1
		}, {
			"filename": "JC - 说散就散",
			"rp_type": "audio",
			"sqfilesize": 0,
			"m4afilesize": 0,
			"sqhash": "",
			"hash": "F09D43EB7279305126508BEDAFB88550",
			"mvhash": "763406BA3D477171FB9AA98916298ECB",
			"first": 0,
			"privilege": 8,
			"filesize": 3691553,
			"addtime": "2017-06-15 14:10:20",
			"bitrate": 128,
			"buy_count": 9487,
			"duration": 231,
			"extname": "mp3",
			"pay_type_sq": 0,
			"320filesize": 9227806,
			"album_id": "0",
			"has_accompany": 1,
			"old_cpy": 1,
			"fail_process_sq": 0,
			"remark": "说散就散",
			"pay_type": 3,
			"fail_process": 4,
			"inlist": 1,
			"320hash": "522C10BDF7C81ADB98E3631F7BFD2E0F",
			"320privilege": 10,
			"fail_process_320": 4,
			"isfirst": 0,
			"sqprivilege": 0,
			"pay_type_320": 3,
			"feetype": 1
		}, {
			"filename": "陈奕迅 - 十年",
			"rp_type": "audio",
			"sqfilesize": 21780284,
			"m4afilesize": 0,
			"sqhash": "6E17757FE2E8A55B7780FA6C2D5D57F2",
			"hash": "936051EA140E3CFACB629D2BFAF430D7",
			"mvhash": "B05B63F2C93B40162E3B18FBCE108E13",
			"first": 0,
			"privilege": 8,
			"filesize": 3242822,
			"addtime": "2017-06-15 14:10:20",
			"bitrate": 128,
			"buy_count": 9483,
			"duration": 202.658,
			"extname": "mp3",
			"pay_type_sq": 3,
			"320filesize": 8186938,
			"album_id": "0",
			"has_accompany": 1,
			"old_cpy": 1,
			"fail_process_sq": 4,
			"remark": "《隐婚男女》电影插曲",
			"pay_type": 3,
			"fail_process": 4,
			"inlist": 1,
			"320hash": "9B506C50329B5E54A4469662D0191AB9",
			"320privilege": 10,
			"fail_process_320": 4,
			"isfirst": 0,
			"sqprivilege": 10,
			"pay_type_320": 3,
			"feetype": 1
		}, {
			"filename": "赵雷 - 成都 - 歌手2017第一季第三期现场",
			"rp_type": "audio",
			"sqfilesize": 36349341,
			"m4afilesize": 0,
			"sqhash": "A2DA416AE66FA2F1345716873749B546",
			"hash": "32EF5D79A20F366EC9E55A9200050D8A",
			"mvhash": "",
			"first": 1,
			"privilege": 8,
			"filesize": 5265959,
			"addtime": "2017-06-15 14:10:20",
			"bitrate": 128,
			"buy_count": 9403,
			"duration": 329,
			"extname": "mp3",
			"pay_type_sq": 3,
			"320filesize": 13164480,
			"album_id": "0",
			"has_accompany": 1,
			"old_cpy": 1,
			"fail_process_sq": 4,
			"remark": "歌手2017 第三期",
			"pay_type": 3,
			"fail_process": 4,
			"inlist": 1,
			"320hash": "28A2E8804D45E57B796A07408604D390",
			"320privilege": 10,
			"fail_process_320": 4,
			"isfirst": 1,
			"sqprivilege": 10,
			"pay_type_320": 3,
			"feetype": 1
		}, {
			"filename": "李荣浩 - 李白",
			"rp_type": "audio",
			"sqfilesize": 30812787,
			"m4afilesize": 0,
			"sqhash": "0E6082304E7C7D9C8C2B1F59D3C08AE6",
			"hash": "4AD039C240CB1C9B9A922FB886A37188",
			"mvhash": "CDAFCF775CF4452F264131EA645DF52C",
			"first": 0,
			"privilege": 8,
			"filesize": 4376867,
			"addtime": "2017-06-15 14:10:20",
			"bitrate": 128,
			"buy_count": 9173,
			"duration": 273,
			"extname": "mp3",
			"pay_type_sq": 3,
			"320filesize": 10939136,
			"album_id": "0",
			"has_accompany": 1,
			"old_cpy": 1,
			"fail_process_sq": 4,
			"remark": "模特",
			"pay_type": 3,
			"fail_process": 4,
			"inlist": 1,
			"320hash": "010A716DCA38149A898C19F3B4DE073B",
			"320privilege": 10,
			"fail_process_320": 4,
			"isfirst": 0,
			"sqprivilege": 10,
			"pay_type_320": 3,
			"feetype": 1
		}, {
			"filename": "王杰 - 不浪漫罪名",
			"rp_type": "audio",
			"sqfilesize": 33091121,
			"m4afilesize": 0,
			"sqhash": "E275DAFC154EA603EE8C71E367415552",
			"hash": "3FE15606C809AD13E86AB65558926DF9",
			"mvhash": "DD228ECCD4B45FEFC10589FA17D93137",
			"first": 0,
			"privilege": 8,
			"filesize": 4603171,
			"addtime": "2017-06-15 14:10:20",
			"bitrate": 128,
			"buy_count": 8945,
			"duration": 287,
			"extname": "mp3",
			"pay_type_sq": 0,
			"320filesize": 11419839,
			"album_id": "0",
			"has_accompany": 1,
			"old_cpy": 1,
			"fail_process_sq": 0,
			"remark": "英皇七十周年音乐强阵专辑",
			"pay_type": 0,
			"fail_process": 0,
			"inlist": 1,
			"320hash": "9828C54157442E4B7A1ECBF9AFE75690",
			"320privilege": 10,
			"fail_process_320": 0,
			"isfirst": 0,
			"sqprivilege": 10,
			"pay_type_320": 0,
			"feetype": 1
		}, {
			"filename": "庄心妍 - 两个人的回忆一个人过",
			"rp_type": "audio",
			"sqfilesize": 29403773,
			"m4afilesize": 0,
			"sqhash": "A39FE0D851D7E6D151AA333395E1BF92",
			"hash": "431E108C1B01B5807E0F975D3995C48C",
			"mvhash": "6E37FBD7C11A045C67E63D088E42695D",
			"first": 1,
			"privilege": 8,
			"filesize": 4273440,
			"addtime": "2017-06-15 14:10:20",
			"bitrate": 128,
			"buy_count": 8765,
			"duration": 267,
			"extname": "mp3",
			"pay_type_sq": 3,
			"320filesize": 10691533,
			"album_id": "0",
			"has_accompany": 1,
			"old_cpy": 1,
			"fail_process_sq": 4,
			"remark": "",
			"pay_type": 3,
			"fail_process": 4,
			"inlist": 1,
			"320hash": "6AC51663D02DEE7A0744635F0E324C2C",
			"320privilege": 10,
			"fail_process_320": 4,
			"isfirst": 1,
			"sqprivilege": 10,
			"pay_type_320": 3,
			"feetype": 1
		}, {
			"filename": "许巍 - 蓝莲花",
			"rp_type": "audio",
			"sqfilesize": 32664193,
			"m4afilesize": 0,
			"sqhash": "1AE548F863F0DDECA693CFE256BCA391",
			"hash": "BA6DAE9F86F952A87AF38A5045CC3693",
			"mvhash": "7C3BF359E91426609F786366B777E805",
			"first": 0,
			"privilege": 8,
			"filesize": 4331397,
			"addtime": "2017-06-15 14:10:20",
			"bitrate": 128,
			"buy_count": 8756,
			"duration": 270.577,
			"extname": "mp3",
			"pay_type_sq": 3,
			"320filesize": 10849529,
			"album_id": "0",
			"has_accompany": 1,
			"old_cpy": 1,
			"fail_process_sq": 4,
			"remark": "2017《跨界歌王》原曲",
			"pay_type": 3,
			"fail_process": 4,
			"inlist": 1,
			"320hash": "B7F51DFD1D835DCDCC2411FE58D8DC74",
			"320privilege": 10,
			"fail_process_320": 4,
			"isfirst": 0,
			"sqprivilege": 10,
			"pay_type_320": 3,
			"feetype": 1
		}, {
			"filename": "鹿晗 - 致爱 Your Song",
			"rp_type": "audio",
			"sqfilesize": 21084210,
			"m4afilesize": 0,
			"sqhash": "E0E3948A84702073F1DAE743D1FD5F71",
			"hash": "19C9B7F153E342DC50DB16AE1766C99A",
			"mvhash": "FCEB94F85593D808A1DD8766A699D5D4",
			"first": 0,
			"privilege": 8,
			"filesize": 3063639,
			"addtime": "2017-06-15 14:10:20",
			"bitrate": 128,
			"buy_count": 8504,
			"duration": 191,
			"extname": "mp3",
			"pay_type_sq": 3,
			"320filesize": 7658184,
			"album_id": "0",
			"has_accompany": 1,
			"old_cpy": 1,
			"fail_process_sq": 4,
			"remark": "致爱 Your Song",
			"pay_type": 3,
			"fail_process": 4,
			"inlist": 1,
			"320hash": "09052B4B85A03594A64911398785C103",
			"320privilege": 10,
			"fail_process_320": 4,
			"isfirst": 0,
			"sqprivilege": 10,
			"pay_type_320": 3,
			"feetype": 1
		}],
		"total": 100
	},
	"errcode": 0
}
