{
	"status": 1,
	"error": "",
	"data": {
		"timestamp": 1497513508,
		"info": [{
			"heatoffset": 0,
			"sortoffset": 1,
			"singername": "汪苏泷",
			"intro": "",
			"songcount": 0,
			"imgurl": "http:\/\/singerimg.kugou.com\/uploadpic\/pass\/softhead\/{size}\/20170412\/20170412162146478.jpg",
			"albumcount": 0,
			"mvcount": 0,
			"singerid": 1485,
			"heat": 5526629,
			"fanscount": 1046447,
			"is_settled": 1
		}, {
			"heatoffset": 1,
			"sortoffset": -1,
			"singername": "G.E.M.邓紫棋",
			"intro": "",
			"songcount": 0,
			"imgurl": "http:\/\/singerimg.kugou.com\/uploadpic\/pass\/softhead\/{size}\/20161206\/20161206150644553.jpg",
			"albumcount": 0,
			"mvcount": 0,
			"singerid": 4490,
			"heat": 5886682,
			"fanscount": 1716000,
			"is_settled": 1
		}, {
			"heatoffset": 1,
			"sortoffset": 1,
			"singername": "陈一发儿",
			"intro": "",
			"songcount": 0,
			"imgurl": "http:\/\/singerimg.kugou.com\/uploadpic\/pass\/softhead\/{size}\/20161222\/20161222154900283.jpg",
			"albumcount": 0,
			"mvcount": 0,
			"singerid": 544892,
			"heat": 1561399,
			"fanscount": 87593,
			"is_settled": 0
		}, {
			"heatoffset": 1,
			"sortoffset": 2,
			"singername": "韩磊",
			"intro": "",
			"songcount": 0,
			"imgurl": "http:\/\/singerimg.kugou.com\/uploadpic\/pass\/softhead\/{size}\/20160429\/20160429120156630.jpg",
			"albumcount": 0,
			"mvcount": 0,
			"singerid": 1127,
			"heat": 592787,
			"fanscount": 66983,
			"is_settled": 0
		}, {
			"heatoffset": 0,
			"sortoffset": -2,
			"singername": "金南玲",
			"intro": "",
			"songcount": 0,
			"imgurl": "http:\/\/singerimg.kugou.com\/uploadpic\/pass\/softhead\/{size}\/20161125\/20161125213630101.jpg",
			"albumcount": 0,
			"mvcount": 0,
			"singerid": 84329,
			"heat": 3320569,
			"fanscount": 196713,
			"is_settled": 1
		}, {
			"heatoffset": -6,
			"sortoffset": 1,
			"singername": "山野(李昊瀚)",
			"intro": "",
			"songcount": 0,
			"imgurl": "http:\/\/singerimg.kugou.com\/uploadpic\/pass\/softhead\/{size}\/20170605\/20170605184819279.jpg",
			"albumcount": 0,
			"mvcount": 0,
			"singerid": 2455,
			"heat": 366592,
			"fanscount": 30126,
			"is_settled": 1
		}, {
			"heatoffset": 3,
			"sortoffset": 5,
			"singername": "郁可唯",
			"intro": "",
			"songcount": 0,
			"imgurl": "http:\/\/singerimg.kugou.com\/uploadpic\/pass\/softhead\/{size}\/20170105\/20170105123749140115.jpg",
			"albumcount": 0,
			"mvcount": 0,
			"singerid": 6539,
			"heat": 2503396,
			"fanscount": 264896,
			"is_settled": 0
		}, {
			"heatoffset": -1,
			"sortoffset": 2,
			"singername": "乌兰图雅",
			"intro": "",
			"songcount": 0,
			"imgurl": "http:\/\/singerimg.kugou.com\/uploadpic\/pass\/softhead\/{size}\/20150127\/20150127160115173326.jpg",
			"albumcount": 0,
			"mvcount": 0,
			"singerid": 86163,
			"heat": 2590767,
			"fanscount": 488131,
			"is_settled": 1
		}, {
			"heatoffset": 0,
			"sortoffset": 0,
			"singername": "夏婉安",
			"intro": "",
			"songcount": 0,
			"imgurl": "http:\/\/singerimg.kugou.com\/uploadpic\/pass\/softhead\/{size}\/20140504\/20140504151144621725.jpg",
			"albumcount": 0,
			"mvcount": 0,
			"singerid": 93385,
			"heat": 2261222,
			"fanscount": 284438,
			"is_settled": 1
		}, {
			"heatoffset": -11,
			"sortoffset": 1,
			"singername": "毛泽少",
			"intro": "",
			"songcount": 0,
			"imgurl": "http:\/\/singerimg.kugou.com\/uploadpic\/pass\/softhead\/{size}\/20170501\/20170501164314959.jpg",
			"albumcount": 0,
			"mvcount": 0,
			"singerid": 169489,
			"heat": 297667,
			"fanscount": 30735,
			"is_settled": 1
		}, {
			"heatoffset": -4,
			"sortoffset": 2,
			"singername": "简弘亦",
			"intro": "",
			"songcount": 0,
			"imgurl": "http:\/\/singerimg.kugou.com\/uploadpic\/pass\/softhead\/{size}\/20170612\/20170612155832446.jpg",
			"albumcount": 0,
			"mvcount": 0,
			"singerid": 84536,
			"heat": 857103,
			"fanscount": 62867,
			"is_settled": 1
		}, {
			"heatoffset": 2,
			"sortoffset": 10,
			"singername": "张杰",
			"intro": "",
			"songcount": 0,
			"imgurl": "http:\/\/singerimg.kugou.com\/uploadpic\/pass\/softhead\/{size}\/20170111\/20170111104600449.jpg",
			"albumcount": 0,
			"mvcount": 0,
			"singerid": 3539,
			"heat": 7273929,
			"fanscount": 3368315,
			"is_settled": 0
		}, {
			"heatoffset": -1,
			"sortoffset": 8,
			"singername": "邱永传",
			"intro": "",
			"songcount": 0,
			"imgurl": "http:\/\/singerimg.kugou.com\/uploadpic\/pass\/softhead\/{size}\/20150206\/20150206170902691293.jpg",
			"albumcount": 0,
			"mvcount": 0,
			"singerid": 2392,
			"heat": 1211892,
			"fanscount": 44391,
			"is_settled": 1
		}, {
			"heatoffset": -4,
			"sortoffset": 1,
			"singername": "陈雪凝",
			"intro": "",
			"songcount": 0,
			"imgurl": "http:\/\/singerimg.kugou.com\/uploadpic\/pass\/softhead\/{size}\/20170509\/20170509110407955.jpg",
			"albumcount": 0,
			"mvcount": 0,
			"singerid": 582744,
			"heat": 170178,
			"fanscount": 13595,
			"is_settled": 0
		}, {
			"heatoffset": 0,
			"sortoffset": -11,
			"singername": "双笙",
			"intro": "",
			"songcount": 0,
			"imgurl": "http:\/\/singerimg.kugou.com\/uploadpic\/pass\/softhead\/{size}\/20170303\/20170303174311376.jpg",
			"albumcount": 0,
			"mvcount": 0,
			"singerid": 195541,
			"heat": 881160,
			"fanscount": 202787,
			"is_settled": 1
		}, {
			"heatoffset": -2,
			"sortoffset": 1,
			"singername": "小来哥",
			"intro": "",
			"songcount": 0,
			"imgurl": "http:\/\/singerimg.kugou.com\/uploadpic\/pass\/softhead\/{size}\/20170607\/20170607112648798.jpg",
			"albumcount": 0,
			"mvcount": 0,
			"singerid": 545709,
			"heat": 109479,
			"fanscount": 9247,
			"is_settled": 0
		}, {
			"heatoffset": 0,
			"sortoffset": -11,
			"singername": "陈雅森",
			"intro": "",
			"songcount": 0,
			"imgurl": "http:\/\/singerimg.kugou.com\/uploadpic\/pass\/softhead\/{size}\/20170609\/20170609173634311.jpg",
			"albumcount": 0,
			"mvcount": 0,
			"singerid": 541,
			"heat": 2765847,
			"fanscount": 219732,
			"is_settled": 1
		}, {
			"heatoffset": 6,
			"sortoffset": 5,
			"singername": "胡夏",
			"intro": "",
			"songcount": 0,
			"imgurl": "http:\/\/singerimg.kugou.com\/uploadpic\/pass\/softhead\/{size}\/20170106\/20170106141901277.jpg",
			"albumcount": 0,
			"mvcount": 0,
			"singerid": 1328,
			"heat": 1366074,
			"fanscount": 166489,
			"is_settled": 1
		}, {
			"heatoffset": -1,
			"sortoffset": 7,
			"singername": "马旭东",
			"intro": "",
			"songcount": 0,
			"imgurl": "http:\/\/singerimg.kugou.com\/uploadpic\/pass\/softhead\/{size}\/20170111\/20170111153829952.jpg",
			"albumcount": 0,
			"mvcount": 0,
			"singerid": 84762,
			"heat": 924902,
			"fanscount": 153969,
			"is_settled": 0
		}, {
			"heatoffset": -10,
			"sortoffset": 7,
			"singername": "白举纲",
			"intro": "",
			"songcount": 0,
			"imgurl": "http:\/\/singerimg.kugou.com\/uploadpic\/pass\/softhead\/{size}\/20161009\/20161009170702697.jpg",
			"albumcount": 0,
			"mvcount": 0,
			"singerid": 91067,
			"heat": 421449,
			"fanscount": 37785,
			"is_settled": 1
		}, {
			"heatoffset": -7,
			"sortoffset": -9,
			"singername": "星月组合",
			"intro": "",
			"songcount": 0,
			"imgurl": "http:\/\/singerimg.kugou.com\/uploadpic\/pass\/softhead\/{size}\/20160114\/20160114101916154892.jpg",
			"albumcount": 0,
			"mvcount": 0,
			"singerid": 282439,
			"heat": 417431,
			"fanscount": 27002,
			"is_settled": 0
		}, {
			"heatoffset": 186,
			"sortoffset": 7,
			"singername": "X Ambassadors",
			"intro": "",
			"songcount": 0,
			"imgurl": "http:\/\/singerimg.kugou.com\/uploadpic\/pass\/softhead\/{size}\/20150430\/20150430112243660105.jpg",
			"albumcount": 0,
			"mvcount": 0,
			"singerid": 149016,
			"heat": 226990,
			"fanscount": 1737,
			"is_settled": 0
		}, {
			"heatoffset": -2,
			"sortoffset": -9,
			"singername": "彭清",
			"intro": "",
			"songcount": 0,
			"imgurl": "http:\/\/singerimg.kugou.com\/uploadpic\/pass\/softhead\/{size}\/20150227\/20150227181454301296.jpg",
			"albumcount": 0,
			"mvcount": 0,
			"singerid": 5704,
			"heat": 410491,
			"fanscount": 16231,
			"is_settled": 0
		}, {
			"heatoffset": 1,
			"sortoffset": -7,
			"singername": "许佳慧",
			"intro": "",
			"songcount": 0,
			"imgurl": "http:\/\/singerimg.kugou.com\/uploadpic\/pass\/softhead\/{size}\/20170602\/20170602184400518.jpg",
			"albumcount": 0,
			"mvcount": 0,
			"singerid": 86848,
			"heat": 962515,
			"fanscount": 133126,
			"is_settled": 1
		}, {
			"heatoffset": 1,
			"sortoffset": 7,
			"singername": "杨小曼",
			"intro": "",
			"songcount": 0,
			"imgurl": "http:\/\/singerimg.kugou.com\/uploadpic\/pass\/softhead\/{size}\/20170609\/20170609114554432.jpg",
			"albumcount": 0,
			"mvcount": 0,
			"singerid": 86234,
			"heat": 1721736,
			"fanscount": 24087,
			"is_settled": 1
		}, {
			"heatoffset": -13,
			"sortoffset": 4,
			"singername": "宇宙少女",
			"intro": "",
			"songcount": 0,
			"imgurl": "http:\/\/singerimg.kugou.com\/uploadpic\/pass\/softhead\/{size}\/20160817\/20160817113634481.jpg",
			"albumcount": 0,
			"mvcount": 0,
			"singerid": 285367,
			"heat": 51826,
			"fanscount": 17602,
			"is_settled": 0
		}, {
			"heatoffset": -6,
			"sortoffset": 7,
			"singername": "任然",
			"intro": "",
			"songcount": 0,
			"imgurl": "http:\/\/singerimg.kugou.com\/uploadpic\/pass\/softhead\/{size}\/20160302\/20160302103813287654.jpg",
			"albumcount": 0,
			"mvcount": 0,
			"singerid": 5817,
			"heat": 488289,
			"fanscount": 35534,
			"is_settled": 0
		}, {
			"heatoffset": -2,
			"sortoffset": -8,
			"singername": "华晨宇",
			"intro": "",
			"songcount": 0,
			"imgurl": "http:\/\/singerimg.kugou.com\/uploadpic\/pass\/softhead\/{size}\/20161107\/20161107114457862.jpg",
			"albumcount": 0,
			"mvcount": 0,
			"singerid": 90875,
			"heat": 1454982,
			"fanscount": 514195,
			"is_settled": 0
		}, {
			"heatoffset": 0,
			"sortoffset": -8,
			"singername": "张信哲",
			"intro": "",
			"songcount": 0,
			"imgurl": "http:\/\/singerimg.kugou.com\/uploadpic\/pass\/softhead\/{size}\/20160627\/20160627151133261295.jpg",
			"albumcount": 0,
			"mvcount": 0,
			"singerid": 3525,
			"heat": 3297693,
			"fanscount": 494689,
			"is_settled": 0
		}, {
			"heatoffset": -1,
			"sortoffset": -7,
			"singername": "六哲",
			"intro": "",
			"songcount": 0,
			"imgurl": "http:\/\/singerimg.kugou.com\/uploadpic\/pass\/softhead\/{size}\/20170401\/20170401203841754.jpg",
			"albumcount": 0,
			"mvcount": 0,
			"singerid": 1960,
			"heat": 3697177,
			"fanscount": 360024,
			"is_settled": 1
		}, {
			"heatoffset": -3,
			"sortoffset": -7,
			"singername": "霍尊",
			"intro": "",
			"songcount": 0,
			"imgurl": "http:\/\/singerimg.kugou.com\/uploadpic\/pass\/softhead\/{size}\/20160520\/20160520175156835021.jpg",
			"albumcount": 0,
			"mvcount": 0,
			"singerid": 85482,
			"heat": 728581,
			"fanscount": 140527,
			"is_settled": 1
		}, {
			"heatoffset": -2,
			"sortoffset": -6,
			"singername": "谭嘉仪",
			"intro": "",
			"songcount": 0,
			"imgurl": "http:\/\/singerimg.kugou.com\/uploadpic\/pass\/softhead\/{size}\/20160720\/20160720114924338095.jpg",
			"albumcount": 0,
			"mvcount": 0,
			"singerid": 154294,
			"heat": 337919,
			"fanscount": 15786,
			"is_settled": 0
		}, {
			"heatoffset": -17,
			"sortoffset": 6,
			"singername": "Sam Tsui",
			"intro": "",
			"songcount": 0,
			"imgurl": "http:\/\/singerimg.kugou.com\/uploadpic\/pass\/softhead\/{size}\/20170228\/20170228135656159.jpg",
			"albumcount": 0,
			"mvcount": 0,
			"singerid": 87368,
			"heat": 69342,
			"fanscount": 7916,
			"is_settled": 0
		}, {
			"heatoffset": 0,
			"sortoffset": -6,
			"singername": "庄心妍",
			"intro": "",
			"songcount": 0,
			"imgurl": "http:\/\/singerimg.kugou.com\/uploadpic\/pass\/softhead\/{size}\/20161012\/20161012161017418.jpg",
			"albumcount": 0,
			"mvcount": 0,
			"singerid": 86281,
			"heat": 13911765,
			"fanscount": 2303112,
			"is_settled": 1
		}, {
			"heatoffset": -9,
			"sortoffset": 5,
			"singername": "Kurt Schneider",
			"intro": "",
			"songcount": 0,
			"imgurl": "http:\/\/singerimg.kugou.com\/uploadpic\/pass\/softhead\/{size}\/20160114\/20160114161257554.jpg",
			"albumcount": 0,
			"mvcount": 0,
			"singerid": 156576,
			"heat": 54356,
			"fanscount": 1502,
			"is_settled": 0
		}, {
			"heatoffset": -33,
			"sortoffset": -5,
			"singername": "王浩信",
			"intro": "",
			"songcount": 0,
			"imgurl": "http:\/\/singerimg.kugou.com\/uploadpic\/pass\/softhead\/{size}\/20130507\/20130507182526161763.jpg",
			"albumcount": 0,
			"mvcount": 0,
			"singerid": 2791,
			"heat": 47167,
			"fanscount": 3791,
			"is_settled": 0
		}, {
			"heatoffset": -304,
			"sortoffset": 27,
			"singername": "王呈章",
			"intro": "",
			"songcount": 0,
			"imgurl": "http:\/\/singerimg.kugou.com\/uploadpic\/pass\/softhead\/{size}\/20170606\/20170606173410545018.jpg",
			"albumcount": 0,
			"mvcount": 0,
			"singerid": 189106,
			"heat": 39452,
			"fanscount": 366,
			"is_settled": 0
		}, {
			"heatoffset": -117,
			"sortoffset": 34,
			"singername": "邓川",
			"intro": "",
			"songcount": 0,
			"imgurl": "http:\/\/singerimg.kugou.com\/uploadpic\/pass\/softhead\/{size}\/20140504\/20140504101340836244.jpg",
			"albumcount": 0,
			"mvcount": 0,
			"singerid": 85080,
			"heat": 39770,
			"fanscount": 473,
			"is_settled": 0
		}, {
			"heatoffset": 48,
			"sortoffset": 35,
			"singername": "澤野弘之",
			"intro": "",
			"songcount": 0,
			"imgurl": "http:\/\/singerimg.kugou.com\/uploadpic\/pass\/softhead\/{size}\/20140909\/20140909153052351970.jpg",
			"albumcount": 0,
			"mvcount": 0,
			"singerid": 88618,
			"heat": 74938,
			"fanscount": 26353,
			"is_settled": 0
		}, {
			"heatoffset": 48,
			"sortoffset": 39,
			"singername": "Gemie",
			"intro": "",
			"songcount": 0,
			"imgurl": "http:\/\/singerimg.kugou.com\/uploadpic\/pass\/softhead\/{size}\/20170208\/20170208112443198642.jpg",
			"albumcount": 0,
			"mvcount": 0,
			"singerid": 186976,
			"heat": 42822,
			"fanscount": 1367,
			"is_settled": 0
		}, {
			"heatoffset": -1,
			"sortoffset": -7,
			"singername": "Carly Rae Jepsen",
			"intro": "",
			"songcount": 0,
			"imgurl": "http:\/\/singerimg.kugou.com\/uploadpic\/pass\/softhead\/{size}\/20160429\/20160429120523986.jpg",
			"albumcount": 0,
			"mvcount": 0,
			"singerid": 84672,
			"heat": 926319,
			"fanscount": 186106,
			"is_settled": 0
		}, {
			"heatoffset": 0,
			"sortoffset": -7,
			"singername": "金志文",
			"intro": "",
			"songcount": 0,
			"imgurl": "http:\/\/singerimg.kugou.com\/uploadpic\/pass\/softhead\/{size}\/20170314\/20170314110703108.jpg",
			"albumcount": 0,
			"mvcount": 0,
			"singerid": 3067,
			"heat": 2311401,
			"fanscount": 372817,
			"is_settled": 1
		}, {
			"heatoffset": -2,
			"sortoffset": -3,
			"singername": "张靓颖",
			"intro": "",
			"songcount": 0,
			"imgurl": "http:\/\/singerimg.kugou.com\/uploadpic\/pass\/softhead\/{size}\/20161009\/20161009162710164341.jpg",
			"albumcount": 0,
			"mvcount": 0,
			"singerid": 6808,
			"heat": 3420222,
			"fanscount": 771532,
			"is_settled": 0
		}, {
			"heatoffset": -6,
			"sortoffset": -5,
			"singername": "河图",
			"intro": "",
			"songcount": 0,
			"imgurl": "http:\/\/singerimg.kugou.com\/uploadpic\/pass\/softhead\/{size}\/20151214\/20151214120402408673.jpg",
			"albumcount": 0,
			"mvcount": 0,
			"singerid": 1299,
			"heat": 427182,
			"fanscount": 133103,
			"is_settled": 0
		}, {
			"heatoffset": 0,
			"sortoffset": 90,
			"singername": "龙奔",
			"intro": "",
			"songcount": 0,
			"imgurl": "http:\/\/singerimg.kugou.com\/uploadpic\/pass\/softhead\/{size}\/20160826\/20160826102511634.jpg",
			"albumcount": 0,
			"mvcount": 0,
			"singerid": 86879,
			"heat": 852266,
			"fanscount": 19890,
			"is_settled": 1
		}, {
			"heatoffset": -10,
			"sortoffset": -6,
			"singername": "曾沛慈",
			"intro": "",
			"songcount": 0,
			"imgurl": "http:\/\/singerimg.kugou.com\/uploadpic\/pass\/softhead\/{size}\/20170607\/20170607165021639.jpg",
			"albumcount": 0,
			"mvcount": 0,
			"singerid": 7016,
			"heat": 322731,
			"fanscount": 67662,
			"is_settled": 1
		}, {
			"heatoffset": -1,
			"sortoffset": -6,
			"singername": "阿悄",
			"intro": "",
			"songcount": 0,
			"imgurl": "http:\/\/singerimg.kugou.com\/uploadpic\/pass\/softhead\/{size}\/20161021\/20161021175000101.jpg",
			"albumcount": 0,
			"mvcount": 0,
			"singerid": 4005,
			"heat": 1502958,
			"fanscount": 328702,
			"is_settled": 1
		}, {
			"heatoffset": 3,
			"sortoffset": -6,
			"singername": "A-Lin",
			"intro": "",
			"songcount": 0,
			"imgurl": "http:\/\/singerimg.kugou.com\/uploadpic\/pass\/softhead\/{size}\/20160914\/20160914154505224.jpg",
			"albumcount": 0,
			"mvcount": 0,
			"singerid": 3956,
			"heat": 1530592,
			"fanscount": 321853,
			"is_settled": 0
		}, {
			"heatoffset": -9,
			"sortoffset": -6,
			"singername": "谭维维",
			"intro": "",
			"songcount": 0,
			"imgurl": "http:\/\/singerimg.kugou.com\/uploadpic\/pass\/softhead\/{size}\/20170411\/20170411170415267.jpg",
			"albumcount": 0,
			"mvcount": 0,
			"singerid": 5994,
			"heat": 1044350,
			"fanscount": 169289,
			"is_settled": 1
		}, {
			"heatoffset": 17,
			"sortoffset": 326,
			"singername": "周深",
			"intro": "",
			"songcount": 0,
			"imgurl": "http:\/\/singerimg.kugou.com\/uploadpic\/pass\/softhead\/{size}\/20170609\/20170609190514172.jpg",
			"albumcount": 0,
			"mvcount": 0,
			"singerid": 169967,
			"heat": 567973,
			"fanscount": 53991,
			"is_settled": 1
		}, {
			"heatoffset": 0,
			"sortoffset": 387,
			"singername": "黄勇",
			"intro": "",
			"songcount": 0,
			"imgurl": "http:\/\/singerimg.kugou.com\/uploadpic\/pass\/softhead\/{size}\/20140801\/20140801162255308855.jpg",
			"albumcount": 0,
			"mvcount": 0,
			"singerid": 85082,
			"heat": 781285,
			"fanscount": 14142,
			"is_settled": 0
		}, {
			"heatoffset": -6,
			"sortoffset": -8,
			"singername": "童可可",
			"intro": "",
			"songcount": 0,
			"imgurl": "http:\/\/singerimg.kugou.com\/uploadpic\/pass\/softhead\/{size}\/20160511\/20160511175000437650.jpg",
			"albumcount": 0,
			"mvcount": 0,
			"singerid": 89958,
			"heat": 923816,
			"fanscount": 324115,
			"is_settled": 1
		}, {
			"heatoffset": 4,
			"sortoffset": 441,
			"singername": "李琦",
			"intro": "",
			"songcount": 0,
			"imgurl": "http:\/\/singerimg.kugou.com\/uploadpic\/pass\/softhead\/{size}\/20160429\/20160429120613840.jpg",
			"albumcount": 0,
			"mvcount": 0,
			"singerid": 91478,
			"heat": 462506,
			"fanscount": 48076,
			"is_settled": 1
		}, {
			"heatoffset": -1,
			"sortoffset": -8,
			"singername": "陈瑞",
			"intro": "",
			"songcount": 0,
			"imgurl": "http:\/\/singerimg.kugou.com\/uploadpic\/pass\/softhead\/{size}\/20170104\/20170104155928606.jpg",
			"albumcount": 0,
			"mvcount": 0,
			"singerid": 4260,
			"heat": 4464291,
			"fanscount": 562513,
			"is_settled": 1
		}, {
			"heatoffset": -8,
			"sortoffset": -10,
			"singername": "何洁",
			"intro": "",
			"songcount": 0,
			"imgurl": "http:\/\/singerimg.kugou.com\/uploadpic\/pass\/softhead\/{size}\/20161123\/20161123142835194.jpg",
			"albumcount": 0,
			"mvcount": 0,
			"singerid": 4781,
			"heat": 1317598,
			"fanscount": 105662,
			"is_settled": 1
		}, {
			"heatoffset": 0,
			"sortoffset": -9,
			"singername": "带泪的鱼",
			"intro": "",
			"songcount": 0,
			"imgurl": "http:\/\/singerimg.kugou.com\/uploadpic\/pass\/softhead\/{size}\/20160406\/20160406180730533761.jpg",
			"albumcount": 0,
			"mvcount": 0,
			"singerid": 86936,
			"heat": 607893,
			"fanscount": 169480,
			"is_settled": 0
		}, {
			"heatoffset": -3,
			"sortoffset": -8,
			"singername": "陶喆",
			"intro": "",
			"songcount": 0,
			"imgurl": "http:\/\/singerimg.kugou.com\/uploadpic\/pass\/softhead\/{size}\/20160525\/20160525144329941018.jpg",
			"albumcount": 0,
			"mvcount": 0,
			"singerid": 2626,
			"heat": 802131,
			"fanscount": 49175,
			"is_settled": 0
		}, {
			"heatoffset": 2,
			"sortoffset": -8,
			"singername": "冯提莫",
			"intro": "",
			"songcount": 0,
			"imgurl": "http:\/\/singerimg.kugou.com\/uploadpic\/pass\/softhead\/{size}\/20161219\/20161219234828438181.jpg",
			"albumcount": 0,
			"mvcount": 0,
			"singerid": 552330,
			"heat": 1372074,
			"fanscount": 82641,
			"is_settled": 0
		}, {
			"heatoffset": 5,
			"sortoffset": -11,
			"singername": "黄绮珊",
			"intro": "",
			"songcount": 0,
			"imgurl": "http:\/\/singerimg.kugou.com\/uploadpic\/pass\/softhead\/{size}\/20160905\/20160905105510312.jpg",
			"albumcount": 0,
			"mvcount": 0,
			"singerid": 4818,
			"heat": 592717,
			"fanscount": 49398,
			"is_settled": 0
		}, {
			"heatoffset": -14,
			"sortoffset": 997,
			"singername": "包师语",
			"intro": "",
			"songcount": 0,
			"imgurl": "http:\/\/singerimg.kugou.com\/uploadpic\/pass\/softhead\/{size}\/20160826\/20160826220720129.jpg",
			"albumcount": 0,
			"mvcount": 0,
			"singerid": 556699,
			"heat": 264679,
			"fanscount": 13477,
			"is_settled": 0
		}, {
			"heatoffset": -1,
			"sortoffset": -10,
			"singername": "SISTAR",
			"intro": "",
			"songcount": 0,
			"imgurl": "http:\/\/singerimg.kugou.com\/uploadpic\/pass\/softhead\/{size}\/20170531\/20170531175403816.jpg",
			"albumcount": 0,
			"mvcount": 0,
			"singerid": 19445,
			"heat": 194804,
			"fanscount": 76603,
			"is_settled": 0
		}, {
			"heatoffset": 0,
			"sortoffset": -8,
			"singername": "李克勤",
			"intro": "",
			"songcount": 0,
			"imgurl": "http:\/\/singerimg.kugou.com\/uploadpic\/pass\/softhead\/{size}\/20160831\/20160831101415351421.jpg",
			"albumcount": 0,
			"mvcount": 0,
			"singerid": 1588,
			"heat": 2679954,
			"fanscount": 230014,
			"is_settled": 0
		}, {
			"heatoffset": -4,
			"sortoffset": -11,
			"singername": "戴佩妮",
			"intro": "",
			"songcount": 0,
			"imgurl": "http:\/\/singerimg.kugou.com\/uploadpic\/pass\/softhead\/{size}\/20160830\/20160830172353700.jpg",
			"albumcount": 0,
			"mvcount": 0,
			"singerid": 4483,
			"heat": 421444,
			"fanscount": 28749,
			"is_settled": 0
		}, {
			"heatoffset": -2,
			"sortoffset": -8,
			"singername": "张碧晨",
			"intro": "",
			"songcount": 0,
			"imgurl": "http:\/\/singerimg.kugou.com\/uploadpic\/pass\/softhead\/{size}\/20170106\/20170106171217388.jpg",
			"albumcount": 0,
			"mvcount": 0,
			"singerid": 169966,
			"heat": 7169508,
			"fanscount": 1029483,
			"is_settled": 0
		}, {
			"heatoffset": -4,
			"sortoffset": -10,
			"singername": "草蜢",
			"intro": "",
			"songcount": 0,
			"imgurl": "http:\/\/singerimg.kugou.com\/uploadpic\/pass\/softhead\/{size}\/20140227\/20140227142444706181.jpg",
			"albumcount": 0,
			"mvcount": 0,
			"singerid": 7360,
			"heat": 664260,
			"fanscount": 23403,
			"is_settled": 0
		}, {
			"heatoffset": 0,
			"sortoffset": -9,
			"singername": "崔子格",
			"intro": "",
			"songcount": 0,
			"imgurl": "http:\/\/singerimg.kugou.com\/uploadpic\/pass\/softhead\/{size}\/20160525\/20160525165853292078.jpg",
			"albumcount": 0,
			"mvcount": 0,
			"singerid": 84944,
			"heat": 1835164,
			"fanscount": 267338,
			"is_settled": 0
		}, {
			"heatoffset": -1,
			"sortoffset": -13,
			"singername": "萧忆情Alex",
			"intro": "",
			"songcount": 0,
			"imgurl": "http:\/\/singerimg.kugou.com\/uploadpic\/pass\/softhead\/{size}\/20170327\/20170327151146421184.jpg",
			"albumcount": 0,
			"mvcount": 0,
			"singerid": 96065,
			"heat": 431606,
			"fanscount": 139065,
			"is_settled": 0
		}, {
			"heatoffset": 0,
			"sortoffset": -9,
			"singername": "叶倩文",
			"intro": "",
			"songcount": 0,
			"imgurl": "http:\/\/singerimg.kugou.com\/uploadpic\/pass\/softhead\/{size}\/20150117\/20150117160812886413.jpg",
			"albumcount": 0,
			"mvcount": 0,
			"singerid": 6541,
			"heat": 1262406,
			"fanscount": 61767,
			"is_settled": 0
		}, {
			"heatoffset": 15,
			"sortoffset": -5,
			"singername": "王铮亮",
			"intro": "",
			"songcount": 0,
			"imgurl": "http:\/\/singerimg.kugou.com\/uploadpic\/pass\/softhead\/{size}\/20160426\/20160426113232556.jpg",
			"albumcount": 0,
			"mvcount": 0,
			"singerid": 2894,
			"heat": 1220702,
			"fanscount": 47510,
			"is_settled": 1
		}, {
			"heatoffset": -5,
			"sortoffset": -6,
			"singername": "薛凯琪",
			"intro": "",
			"songcount": 0,
			"imgurl": "http:\/\/singerimg.kugou.com\/uploadpic\/pass\/softhead\/{size}\/20150205\/20150205181556419619.jpg",
			"albumcount": 0,
			"mvcount": 0,
			"singerid": 6337,
			"heat": 281152,
			"fanscount": 21333,
			"is_settled": 0
		}, {
			"heatoffset": 0,
			"sortoffset": -5,
			"singername": "赵鑫",
			"intro": "",
			"songcount": 0,
			"imgurl": "http:\/\/singerimg.kugou.com\/uploadpic\/pass\/softhead\/{size}\/20140521\/20140521153122375638.jpg",
			"albumcount": 0,
			"mvcount": 0,
			"singerid": 86269,
			"heat": 1142839,
			"fanscount": 19970,
			"is_settled": 0
		}, {
			"heatoffset": 4,
			"sortoffset": -10,
			"singername": "张云龙",
			"intro": "",
			"songcount": 0,
			"imgurl": "http:\/\/singerimg.kugou.com\/uploadpic\/pass\/softhead\/{size}\/20170523\/20170523153803537.jpg",
			"albumcount": 0,
			"mvcount": 0,
			"singerid": 170393,
			"heat": 158122,
			"fanscount": 62139,
			"is_settled": 0
		}, {
			"heatoffset": 415,
			"sortoffset": 10753,
			"singername": "刘欢",
			"intro": "",
			"songcount": 0,
			"imgurl": "http:\/\/singerimg.kugou.com\/uploadpic\/pass\/softhead\/{size}\/20170613\/20170613142623452.jpg",
			"albumcount": 0,
			"mvcount": 0,
			"singerid": 722355,
			"heat": 23519,
			"fanscount": 113,
			"is_settled": 0
		}, {
			"heatoffset": -2,
			"sortoffset": -14,
			"singername": "西瓜JUN",
			"intro": "",
			"songcount": 0,
			"imgurl": "http:\/\/singerimg.kugou.com\/uploadpic\/pass\/softhead\/{size}\/20170103\/20170103155333982.jpg",
			"albumcount": 0,
			"mvcount": 0,
			"singerid": 181228,
			"heat": 492875,
			"fanscount": 103117,
			"is_settled": 0
		}, {
			"heatoffset": 0,
			"sortoffset": -5,
			"singername": "鹿晗",
			"intro": "",
			"songcount": 0,
			"imgurl": "http:\/\/singerimg.kugou.com\/uploadpic\/pass\/softhead\/{size}\/20170421\/20170421154124891.jpg",
			"albumcount": 0,
			"mvcount": 0,
			"singerid": 173452,
			"heat": 5457349,
			"fanscount": 2463999,
			"is_settled": 0
		}, {
			"heatoffset": 1,
			"sortoffset": -19,
			"singername": "J.Fla",
			"intro": "",
			"songcount": 0,
			"imgurl": "http:\/\/singerimg.kugou.com\/uploadpic\/pass\/softhead\/{size}\/20170314\/20170314164240234.jpg",
			"albumcount": 0,
			"mvcount": 0,
			"singerid": 179257,
			"heat": 360486,
			"fanscount": 65308,
			"is_settled": 0
		}, {
			"heatoffset": -3,
			"sortoffset": -6,
			"singername": "宋孟君",
			"intro": "",
			"songcount": 0,
			"imgurl": "http:\/\/singerimg.kugou.com\/uploadpic\/pass\/softhead\/{size}\/20170524\/20170524192520108.jpg",
			"albumcount": 0,
			"mvcount": 0,
			"singerid": 84975,
			"heat": 804843,
			"fanscount": 136577,
			"is_settled": 0
		}, {
			"heatoffset": 1,
			"sortoffset": -6,
			"singername": "沙宝亮",
			"intro": "",
			"songcount": 0,
			"imgurl": "http:\/\/singerimg.kugou.com\/uploadpic\/pass\/softhead\/{size}\/20161231\/20161231133120821.jpg",
			"albumcount": 0,
			"mvcount": 0,
			"singerid": 2450,
			"heat": 613630,
			"fanscount": 68974,
			"is_settled": 0
		}, {
			"heatoffset": 0,
			"sortoffset": -4,
			"singername": "赵丽颖",
			"intro": "",
			"songcount": 0,
			"imgurl": "http:\/\/singerimg.kugou.com\/uploadpic\/pass\/softhead\/{size}\/20170526\/20170526173305206.jpg",
			"albumcount": 0,
			"mvcount": 0,
			"singerid": 89683,
			"heat": 1122356,
			"fanscount": 495139,
			"is_settled": 0
		}, {
			"heatoffset": 0,
			"sortoffset": -7,
			"singername": "杨子姗",
			"intro": "",
			"songcount": 0,
			"imgurl": "http:\/\/singerimg.kugou.com\/uploadpic\/pass\/softhead\/{size}\/20160429\/20160429120444690.jpg",
			"albumcount": 0,
			"mvcount": 0,
			"singerid": 6632,
			"heat": 123093,
			"fanscount": 16090,
			"is_settled": 0
		}, {
			"heatoffset": -13,
			"sortoffset": -5,
			"singername": "黄雅莉",
			"intro": "",
			"songcount": 0,
			"imgurl": "http:\/\/singerimg.kugou.com\/uploadpic\/pass\/softhead\/{size}\/20170215\/20170215094411363.jpg",
			"albumcount": 0,
			"mvcount": 0,
			"singerid": 4776,
			"heat": 138338,
			"fanscount": 21937,
			"is_settled": 0
		}, {
			"heatoffset": 1,
			"sortoffset": -4,
			"singername": "徐佳莹",
			"intro": "",
			"songcount": 0,
			"imgurl": "http:\/\/singerimg.kugou.com\/uploadpic\/pass\/softhead\/{size}\/20161114\/20161114144519467.jpg",
			"albumcount": 0,
			"mvcount": 0,
			"singerid": 6335,
			"heat": 2259295,
			"fanscount": 285527,
			"is_settled": 1
		}, {
			"heatoffset": -6,
			"sortoffset": -6,
			"singername": "黄子韬",
			"intro": "",
			"songcount": 0,
			"imgurl": "http:\/\/singerimg.kugou.com\/uploadpic\/pass\/softhead\/{size}\/20170510\/20170510110228157.jpg",
			"albumcount": 0,
			"mvcount": 0,
			"singerid": 175554,
			"heat": 525698,
			"fanscount": 429277,
			"is_settled": 0
		}, {
			"heatoffset": 0,
			"sortoffset": -3,
			"singername": "冷漠",
			"intro": "",
			"songcount": 0,
			"imgurl": "http:\/\/singerimg.kugou.com\/uploadpic\/pass\/softhead\/{size}\/20160422\/20160422165257968614.jpg",
			"albumcount": 0,
			"mvcount": 0,
			"singerid": 1900,
			"heat": 10341277,
			"fanscount": 935288,
			"is_settled": 1
		}, {
			"heatoffset": -7,
			"sortoffset": -18,
			"singername": "Madilyn Bailey",
			"intro": "",
			"songcount": 0,
			"imgurl": "http:\/\/singerimg.kugou.com\/uploadpic\/pass\/softhead\/{size}\/20160911\/20160911143601507.jpg",
			"albumcount": 0,
			"mvcount": 0,
			"singerid": 93303,
			"heat": 108968,
			"fanscount": 28951,
			"is_settled": 0
		}, {
			"heatoffset": 4,
			"sortoffset": -7,
			"singername": "叶洛洛",
			"intro": "",
			"songcount": 0,
			"imgurl": "http:\/\/singerimg.kugou.com\/uploadpic\/pass\/softhead\/{size}\/20151028\/20151028152742253104.jpg",
			"albumcount": 0,
			"mvcount": 0,
			"singerid": 90029,
			"heat": 329952,
			"fanscount": 37405,
			"is_settled": 1
		}, {
			"heatoffset": 4,
			"sortoffset": -7,
			"singername": "Martin Garrix",
			"intro": "",
			"songcount": 0,
			"imgurl": "http:\/\/singerimg.kugou.com\/uploadpic\/pass\/softhead\/{size}\/20170412\/20170412150901398.jpg",
			"albumcount": 0,
			"mvcount": 0,
			"singerid": 97720,
			"heat": 231208,
			"fanscount": 30026,
			"is_settled": 0
		}, {
			"heatoffset": 0,
			"sortoffset": -5,
			"singername": "李荣浩",
			"intro": "",
			"songcount": 0,
			"imgurl": "http:\/\/singerimg.kugou.com\/uploadpic\/pass\/softhead\/{size}\/20170524\/20170524192830978.jpg",
			"albumcount": 0,
			"mvcount": 0,
			"singerid": 93475,
			"heat": 3076148,
			"fanscount": 774824,
			"is_settled": 0
		}, {
			"heatoffset": -4,
			"sortoffset": -7,
			"singername": "Troye Sivan",
			"intro": "",
			"songcount": 0,
			"imgurl": "http:\/\/singerimg.kugou.com\/uploadpic\/pass\/softhead\/{size}\/20161011\/20161011162159744.jpg",
			"albumcount": 0,
			"mvcount": 0,
			"singerid": 170921,
			"heat": 194174,
			"fanscount": 73501,
			"is_settled": 0
		}, {
			"heatoffset": -13,
			"sortoffset": -20,
			"singername": "Alex Goot",
			"intro": "",
			"songcount": 0,
			"imgurl": "http:\/\/singerimg.kugou.com\/uploadpic\/pass\/softhead\/{size}\/20140528\/20140528181221910796.jpg",
			"albumcount": 0,
			"mvcount": 0,
			"singerid": 84795,
			"heat": 45842,
			"fanscount": 7653,
			"is_settled": 0
		}, {
			"heatoffset": -2,
			"sortoffset": -5,
			"singername": "杨千嬅",
			"intro": "",
			"songcount": 0,
			"imgurl": "http:\/\/singerimg.kugou.com\/uploadpic\/pass\/softhead\/{size}\/20140327\/20140327143841225521.jpg",
			"albumcount": 0,
			"mvcount": 0,
			"singerid": 6535,
			"heat": 1309888,
			"fanscount": 63476,
			"is_settled": 0
		}, {
			"heatoffset": 0,
			"sortoffset": -3,
			"singername": "周传雄",
			"intro": "",
			"songcount": 0,
			"imgurl": "http:\/\/singerimg.kugou.com\/uploadpic\/pass\/softhead\/{size}\/20170614\/20170614182725796.jpg",
			"albumcount": 0,
			"mvcount": 0,
			"singerid": 3534,
			"heat": 3073444,
			"fanscount": 152324,
			"is_settled": 1
		}, {
			"heatoffset": -5,
			"sortoffset": -6,
			"singername": "金泽",
			"intro": "",
			"songcount": 0,
			"imgurl": "http:\/\/singerimg.kugou.com\/uploadpic\/pass\/softhead\/{size}\/20140604\/20140604172309700796.jpg",
			"albumcount": 0,
			"mvcount": 0,
			"singerid": 1513,
			"heat": 304803,
			"fanscount": 9650,
			"is_settled": 0
		}, {
			"heatoffset": -19,
			"sortoffset": -10,
			"singername": "陈意涵",
			"intro": "",
			"songcount": 0,
			"imgurl": "http:\/\/singerimg.kugou.com\/uploadpic\/pass\/softhead\/{size}\/20140403\/20140403104410636459.jpg",
			"albumcount": 0,
			"mvcount": 0,
			"singerid": 91419,
			"heat": 72532,
			"fanscount": 15246,
			"is_settled": 0
		}, {
			"heatoffset": 0,
			"sortoffset": -10,
			"singername": "陈梓童",
			"intro": "",
			"songcount": 0,
			"imgurl": "http:\/\/singerimg.kugou.com\/uploadpic\/pass\/softhead\/{size}\/20170324\/20170324093748362.jpg",
			"albumcount": 0,
			"mvcount": 0,
			"singerid": 167736,
			"heat": 61340,
			"fanscount": 22383,
			"is_settled": 0
		}, {
			"heatoffset": -1,
			"sortoffset": -8,
			"singername": "董贞",
			"intro": "",
			"songcount": 0,
			"imgurl": "http:\/\/singerimg.kugou.com\/uploadpic\/pass\/softhead\/{size}\/20170331\/20170331225556708.jpg",
			"albumcount": 0,
			"mvcount": 0,
			"singerid": 4493,
			"heat": 1226517,
			"fanscount": 123066,
			"is_settled": 0
		}, {
			"heatoffset": 0,
			"sortoffset": -6,
			"singername": "唐古",
			"intro": "",
			"songcount": 0,
			"imgurl": "http:\/\/singerimg.kugou.com\/uploadpic\/pass\/softhead\/{size}\/20161008\/20161008114017219.jpg",
			"albumcount": 0,
			"mvcount": 0,
			"singerid": 88881,
			"heat": 5061917,
			"fanscount": 497365,
			"is_settled": 1
		}, {
			"heatoffset": 1,
			"sortoffset": -5,
			"singername": "孙子涵",
			"intro": "",
			"songcount": 0,
			"imgurl": "http:\/\/singerimg.kugou.com\/uploadpic\/pass\/softhead\/{size}\/20161013\/20161013202232574118.jpg",
			"albumcount": 0,
			"mvcount": 0,
			"singerid": 2598,
			"heat": 2593017,
			"fanscount": 366418,
			"is_settled": 0
		}, {
			"heatoffset": 0,
			"sortoffset": -1,
			"singername": "薛之谦",
			"intro": "",
			"songcount": 0,
			"imgurl": "http:\/\/singerimg.kugou.com\/uploadpic\/pass\/softhead\/{size}\/20170515\/20170515114300444.jpg",
			"albumcount": 0,
			"mvcount": 0,
			"singerid": 3060,
			"heat": 20292417,
			"fanscount": 4874515,
			"is_settled": 0
		}, {
			"heatoffset": -4,
			"sortoffset": -8,
			"singername": "巫启贤",
			"intro": "",
			"songcount": 0,
			"imgurl": "http:\/\/singerimg.kugou.com\/uploadpic\/pass\/softhead\/{size}\/20140627\/20140627210421725836.jpg",
			"albumcount": 0,
			"mvcount": 0,
			"singerid": 2737,
			"heat": 378674,
			"fanscount": 21307,
			"is_settled": 0
		}],
		"total": 139100
	},
	"errcode": 0
}
