{
	"status": 1,
	"error": "",
	"data": {
		"timestamp": 1497514825,
		"info": [{
			"recommendfirst": 1,
			"specialname": "爱情是一场修炼，不小心我就走火入了魔",
			"publishtime": "2017-06-12 00:00:00",
			"singername": "",
			"intro": "你一定不知道我还偷偷关注着你的微博。我看到了你跟她的婚纱照了。\n她很漂亮，你要好好爱她。\n祝福你。\n————————————\n我的爱是折下自己的翅膀，送给你飞翔。",
			"verified": 0,
			"imgurl": "http:\/\/imge.kugou.com\/soft\/collection\/{size}\/20170612\/20170612163640852890.jpg",
			"playcount": 1141615,
			"collectcount": 81,
			"specialid": 125866,
			"username": "玩爽喽",
			"suid": 509004171,
			"slid": 30
		}, {
			"recommendfirst": 1,
			"specialname": "【粤情】我以身试爱，你无心恋唱",
			"publishtime": "2017-06-13 00:00:00",
			"singername": "",
			"intro": "我够好吗\n没震音喜欢吗\n高八度能令你走近吧\n未够好吗\n喉咙疲倦不理它\n只怕这首歌再好听也未及那个她\n不怕 没结果都不怕",
			"verified": 0,
			"imgurl": "http:\/\/imge.kugou.com\/soft\/collection\/{size}\/20170613\/20170613171635814631.jpg",
			"playcount": 404844,
			"collectcount": 0,
			"specialid": 125918,
			"username": "龙族花香",
			"suid": 509004119,
			"slid": 30
		}, {
			"recommendfirst": 0,
			"specialname": "红遍大街小巷的网络热歌",
			"publishtime": "2017-05-16 00:00:00",
			"singername": "",
			"intro": "红遍大街小巷的网络热歌",
			"verified": 0,
			"imgurl": "http:\/\/imge.kugou.com\/soft\/collection\/{size}\/20170516\/20170516165058713475.jpg",
			"playcount": 18425473,
			"collectcount": 19870,
			"specialid": 124261,
			"username": "黯然殇情",
			"suid": 509005777,
			"slid": 28
		}, {
			"recommendfirst": 0,
			"specialname": "桃花潭水深千尺，不如此曲送清凉",
			"publishtime": "2017-06-07 00:00:00",
			"singername": "",
			"intro": "一个超耐听的私藏歌单！",
			"verified": 0,
			"imgurl": "http:\/\/imge.kugou.com\/soft\/collection\/{size}\/20170607\/20170607144951568650.jpg",
			"playcount": 848763,
			"collectcount": 239,
			"specialid": 125601,
			"username": "皇城№粉小菟",
			"suid": 509004436,
			"slid": 29
		}, {
			"recommendfirst": 0,
			"specialname": "好听到爆的网络流行歌曲",
			"publishtime": "2016-04-21 00:00:00",
			"singername": "",
			"intro": "精选网络流行歌曲，90后们最爱的旋律。",
			"verified": 0,
			"imgurl": "http:\/\/imge.kugou.com\/soft\/collection\/{size}\/20160421\/20160421114808244617.jpg",
			"playcount": 145039704,
			"collectcount": 99869,
			"specialid": 112307,
			"username": "愛妃",
			"suid": 509005793,
			"slid": 24
		}, {
			"recommendfirst": 0,
			"specialname": "那些年听哭过的网络情歌",
			"publishtime": "2016-08-23 00:00:00",
			"singername": "",
			"intro": "那一年我听着那些歌，感受爱情的美好，憧憬着爱情。",
			"verified": 0,
			"imgurl": "http:\/\/imge.kugou.com\/soft\/collection\/{size}\/20161024\/20161024164346240074.jpg",
			"playcount": 73493268,
			"collectcount": 55536,
			"specialid": 117915,
			"username": "天逸",
			"suid": 509004185,
			"slid": 27
		}, {
			"recommendfirst": 0,
			"specialname": "粤语男声 唱尽心事给你听",
			"publishtime": "2017-06-09 00:00:00",
			"singername": "",
			"intro": "什么时候开始听粤语歌？记不清了\n\n这个歌单里的粤语男声\n或慵懒\n或深情\n或温暖\n或欢快\n或悲伤\n独特的嗓音\n动听的旋律\n一个个故事娓娓道来\n一桩桩心事细细声诉\n\n有它们的陪伴\n夜晚不再孤单",
			"verified": 0,
			"imgurl": "http:\/\/imge.kugou.com\/soft\/collection\/{size}\/20170609\/20170609182236337646.jpg",
			"playcount": 2584246,
			"collectcount": 254,
			"specialid": 125700,
			"username": "梦轩",
			"suid": 509004337,
			"slid": 29
		}, {
			"recommendfirst": 0,
			"specialname": "90后的伤感情歌，会否有一首唱出你的心",
			"publishtime": "2017-06-01 00:00:00",
			"singername": "",
			"intro": "90后伤感情歌精选，用同龄人的角度，唱出同龄人的故事。\n也许有人很看不起我，我喜欢许嵩、徐良，也喜欢本兮、阿悄……那时候初初接触这些网络歌手，我们并不懂什么叫好的音乐，我们只是知道这首歌是否合我的耳朵。\n那时候每周跟着他偷偷跑到学校周边的网吧，陪他打游戏。不是没有想过加入游戏去更了解他，但一直被他跟他的兄弟嫌弃太菜，只好乖乖坐在一边带着耳机听歌看小说。\n一直到毕业，我们俩都没有说破，他没有问我一个“好学生”为什么周末不读书要跑去跟他泡网吧，我也没有问他为什么每周末都特意在网吧楼下等到我再一起去开机。\n有人觉得可笑吧，我说这些人的歌好听的时候，他们总说这些歌这里不好，哪里不好，但我知道，这是我曾经爱过的故事，这是我喜欢的。\n与它或他，好不好，你喜欢不喜欢，无关。",
			"verified": 0,
			"imgurl": "http:\/\/imge.kugou.com\/soft\/collection\/{size}\/20170601\/20170601141036829486.jpg",
			"playcount": 11615313,
			"collectcount": 14101,
			"specialid": 125305,
			"username": "将臣",
			"suid": 509004732,
			"slid": 30
		}, {
			"recommendfirst": 0,
			"specialname": "冰冷的琴键，轻弹回忆里的黯殇",
			"publishtime": "2016-02-22 00:00:00",
			"singername": "",
			"intro": "生命就像一架钢琴，白键代表幸福，黑键代表悲伤。但是当你走过生命的旅程，别忘了黑键同样奏响了你生命的乐章。",
			"verified": 0,
			"imgurl": "http:\/\/imge.kugou.com\/soft\/collection\/{size}\/20160222\/20160222150950340009.jpg",
			"playcount": 19163,
			"collectcount": 151,
			"specialid": 58321,
			"username": "小千哥",
			"suid": 509001264,
			"slid": 43
		}, {
			"recommendfirst": 0,
			"specialname": "抖脚韩曲全收录",
			"publishtime": "2017-06-15 00:00:00",
			"singername": "",
			"intro": "来音响调大，抖脚抖臀high起来。韩式舞曲的怀抱为你打开。",
			"verified": 0,
			"imgurl": "http:\/\/imge.kugou.com\/soft\/collection\/{size}\/20170607\/20170607163413745527.jpg",
			"playcount": 7189,
			"collectcount": 0,
			"specialid": 125611,
			"username": "倚天无忌",
			"suid": 509004426,
			"slid": 29
		}, {
			"recommendfirst": 0,
			"specialname": "毕业了，让我们在旅行的末尾说再见",
			"publishtime": "2017-06-15 00:00:00",
			"singername": "",
			"intro": "又到一年毕业季，相信有很多人都在计划着来一趟快乐的毕业旅行，以此来为这一段校园生活划上一个完美的句号。\n带上这些歌，一起出发吧。\n让我们在旅行的末尾说再见。",
			"verified": 0,
			"imgurl": "http:\/\/imge.kugou.com\/soft\/collection\/{size}\/20170615\/20170615115728171356.jpg",
			"playcount": 1994,
			"collectcount": 0,
			"specialid": 126059,
			"username": "弹琴不谈情",
			"suid": 509005978,
			"slid": 29
		}, {
			"recommendfirst": 0,
			"specialname": "那些一听旋律就爱上的韩曲",
			"publishtime": "2017-06-15 00:00:00",
			"singername": "",
			"intro": "旋律真是一种很美妙的东西，它能够在瞬间打动人，牵动人。所以，请好好珍惜这张歌单。",
			"verified": 0,
			"imgurl": "http:\/\/imge.kugou.com\/soft\/collection\/{size}\/20170608\/20170608131132953321.jpg",
			"playcount": 8123,
			"collectcount": 0,
			"specialid": 125642,
			"username": "南天",
			"suid": 509004395,
			"slid": 29
		}],
		"total": 14503
	},
	"errcode": 0
}
