{
	"status": 1,
	"error": "",
	"data": {
		"timestamp": 1497514405,
		"info": [{
			"pay_type_320": 3,
			"m4afilesize": 0,
			"price_sq": 200,
			"first": 0,
			"filesize": 5332102,
			"bitrate": 128,
			"price": 200,
			"inlist": 1,
			"old_cpy": 1,
			"pkg_price_sq": 1,
			"pay_type": 3,
			"topic_url": "",
			"rp_type": "audio",
			"pkg_price": 1,
			"feetype": 0,
			"filename": "杨宗纬、张碧晨 - 凉凉",
			"price_320": 200,
			"sqfilesize": 37169674,
			"hash": "9C5F7AFC362E4DBC38F71D50B32892FA",
			"mvhash": "72ED2F259529416E6F0EBC3E63DF15EE",
			"privilege": 8,
			"addtime": "2017-06-15 09:00:10",
			"pkg_price_320": 1,
			"fail_process_sq": 4,
			"fail_process_320": 4,
			"audio_id": 24751105,
			"320filesize": 13331520,
			"rp_publish": 1,
			"duration": 333,
			"topic_url_sq": "",
			"album_id": "1969016",
			"isfirst": 0,
			"320privilege": 10,
			"fail_process": 4,
			"320hash": "0318FB29F1E09A83519A76087F65583F",
			"sqhash": "D11347C7A07002112AA353FB75263B16",
			"remark": "《三生三世十里桃花》电视剧片尾曲",
			"pay_type_sq": 3,
			"extname": "mp3",
			"sqprivilege": 10,
			"topic_url_320": "",
			"has_accompany": 1
		}, {
			"pay_type_320": 3,
			"m4afilesize": 0,
			"price_sq": 200,
			"first": 0,
			"filesize": 5249733,
			"bitrate": 128,
			"price": 200,
			"inlist": 1,
			"old_cpy": 1,
			"pkg_price_sq": 1,
			"pay_type": 3,
			"topic_url": "",
			"rp_type": "audio",
			"pkg_price": 1,
			"feetype": 0,
			"filename": "赵雷 - 成都",
			"price_320": 200,
			"sqfilesize": 32113184,
			"hash": "CBF8FA6C9A4BC799D2A55C64F419D86C",
			"mvhash": "58B32002CB5D56579AAC8999F9C2179A",
			"privilege": 8,
			"addtime": "2017-06-15 09:00:16",
			"pkg_price_320": 1,
			"fail_process_sq": 4,
			"fail_process_320": 4,
			"audio_id": 19863164,
			"320filesize": 13123917,
			"rp_publish": 1,
			"duration": 328,
			"topic_url_sq": "",
			"album_id": "1946722",
			"isfirst": 0,
			"320privilege": 10,
			"fail_process": 4,
			"320hash": "1C2A837E55C007221B2E1025082AF979",
			"sqhash": "D0C7FF61EA4398C557906CA0B6659420",
			"remark": "无法长大",
			"pay_type_sq": 3,
			"extname": "mp3",
			"sqprivilege": 10,
			"topic_url_320": "",
			"has_accompany": 1
		}, {
			"pay_type_320": 0,
			"m4afilesize": 0,
			"price_sq": 0,
			"first": 0,
			"filesize": 3198974,
			"bitrate": 128,
			"price": 0,
			"inlist": 1,
			"old_cpy": 1,
			"pkg_price_sq": 0,
			"pay_type": 0,
			"topic_url": "",
			"rp_type": "audio",
			"pkg_price": 0,
			"feetype": 0,
			"filename": "李玉刚 - 刚好遇见你",
			"price_320": 0,
			"sqfilesize": 23222557,
			"hash": "CB7EE97F4CC11C4EA7A1FA4B516A5D97",
			"mvhash": "AF635168AF7E87517B991B670F33D712",
			"privilege": 0,
			"addtime": "2017-06-15 09:00:29",
			"pkg_price_320": 0,
			"fail_process_sq": 0,
			"fail_process_320": 0,
			"audio_id": 23609415,
			"320filesize": 7998693,
			"rp_publish": 1,
			"duration": 199,
			"topic_url_sq": "",
			"album_id": "1820033",
			"isfirst": 0,
			"320privilege": 0,
			"fail_process": 0,
			"320hash": "47F63F15A7C048829FA796BC7F74E62B",
			"sqhash": "CAC59E48D58853BF40BB6158F2F5B0C5",
			"remark": "刚好遇见你 (单曲)",
			"pay_type_sq": 0,
			"extname": "mp3",
			"sqprivilege": 0,
			"topic_url_320": "",
			"has_accompany": 1
		}, {
			"pay_type_320": 0,
			"m4afilesize": 0,
			"price_sq": 0,
			"first": 0,
			"filesize": 4179360,
			"bitrate": 128,
			"price": 0,
			"inlist": 1,
			"old_cpy": 1,
			"pkg_price_sq": 0,
			"pay_type": 0,
			"topic_url": "",
			"rp_type": "audio",
			"pkg_price": 0,
			"feetype": 0,
			"filename": "薛之谦 - 演员",
			"price_320": 0,
			"sqfilesize": 25495240,
			"hash": "57B83EAF673D77EE21009CBD8FD05BD6",
			"mvhash": "4F5DAE4814BFAF9C556ABCD91EBF7FC5",
			"privilege": 0,
			"addtime": "2017-06-15 09:00:34",
			"pkg_price_320": 0,
			"fail_process_sq": 0,
			"fail_process_320": 0,
			"audio_id": 15327235,
			"320filesize": 10448979,
			"rp_publish": 1,
			"duration": 261,
			"topic_url_sq": "",
			"album_id": "1747549",
			"isfirst": 0,
			"320privilege": 0,
			"fail_process": 0,
			"320hash": "C94B2DCB83CECE392DBD0F5366E8EC9C",
			"sqhash": "403048691D6A5BBDD5D1D056C5BA5C8F",
			"remark": "2017《跨界歌王》原曲",
			"pay_type_sq": 0,
			"extname": "mp3",
			"sqprivilege": 0,
			"topic_url_320": "",
			"has_accompany": 1
		}, {
			"pay_type_320": 3,
			"m4afilesize": 0,
			"price_sq": 200,
			"first": 0,
			"filesize": 3404321,
			"bitrate": 128,
			"price": 200,
			"inlist": 1,
			"old_cpy": 1,
			"pkg_price_sq": 1,
			"pay_type": 3,
			"topic_url": "",
			"rp_type": "audio",
			"pkg_price": 1,
			"feetype": 0,
			"filename": "Alan Walker - Faded",
			"price_320": 200,
			"sqfilesize": 28394043,
			"hash": "5DD8F4B0FB68415472136D961232421B",
			"mvhash": "2D7826C09F407CB03E14D165DEDAF099",
			"privilege": 8,
			"addtime": "2017-06-15 09:00:40",
			"pkg_price_320": 1,
			"fail_process_sq": 4,
			"fail_process_320": 4,
			"audio_id": 19737044,
			"320filesize": 8509692,
			"rp_publish": 1,
			"duration": 213,
			"topic_url_sq": "",
			"album_id": "2295953",
			"isfirst": 0,
			"320privilege": 10,
			"fail_process": 4,
			"320hash": "D034F007A8BE8B3C7B5749BB588D2517",
			"sqhash": "EEFB08ABCDD8B2C77176C63ECBBF6108",
			"remark": "Sunday Morning Songs, Vol. 2",
			"pay_type_sq": 3,
			"extname": "mp3",
			"sqprivilege": 10,
			"topic_url_320": "",
			"has_accompany": 1
		}, {
			"pay_type_320": 3,
			"m4afilesize": 0,
			"price_sq": 200,
			"first": 0,
			"filesize": 4058090,
			"bitrate": 128,
			"price": 200,
			"inlist": 1,
			"old_cpy": 1,
			"pkg_price_sq": 1,
			"pay_type": 3,
			"topic_url": "",
			"rp_type": "audio",
			"pkg_price": 1,
			"feetype": 0,
			"filename": "陈雅森 - 温柔乡",
			"price_320": 200,
			"sqfilesize": 31146500,
			"hash": "445E9FF0AC484F7749CABBDF9BB9D814",
			"mvhash": "9E08B558FDB72916A4031145E89166F1",
			"privilege": 8,
			"addtime": "2017-06-15 09:00:45",
			"pkg_price_320": 1,
			"fail_process_sq": 4,
			"fail_process_320": 4,
			"audio_id": 16347965,
			"320filesize": 10145959,
			"rp_publish": 1,
			"duration": 253,
			"topic_url_sq": "",
			"album_id": "1010869",
			"isfirst": 0,
			"320privilege": 10,
			"fail_process": 4,
			"320hash": "232C22C190D2FC2EE8F80D993CC2369A",
			"sqhash": "9E76233C8BD385520F868368B7797EF6",
			"remark": "温柔乡",
			"pay_type_sq": 3,
			"extname": "mp3",
			"sqprivilege": 10,
			"topic_url_320": "",
			"has_accompany": 1
		}, {
			"pay_type_320": 0,
			"m4afilesize": 0,
			"price_sq": 0,
			"first": 0,
			"filesize": 4994481,
			"bitrate": 127,
			"price": 0,
			"inlist": 1,
			"old_cpy": 1,
			"pkg_price_sq": 0,
			"pay_type": 0,
			"topic_url": "",
			"rp_type": "audio",
			"pkg_price": 0,
			"feetype": 0,
			"filename": "薛之谦 - 暧昧",
			"price_320": 0,
			"sqfilesize": 30902095,
			"hash": "EA95EDE4480F3CBC27BA549DF1443395",
			"mvhash": "2E4C1157ECA9D9B71322388BAE41DF97",
			"privilege": 0,
			"addtime": "2017-06-15 09:00:51",
			"pkg_price_320": 0,
			"fail_process_sq": 0,
			"fail_process_320": 0,
			"audio_id": 26226651,
			"320filesize": 12487575,
			"rp_publish": 1,
			"duration": 312,
			"topic_url_sq": "",
			"album_id": "1991961",
			"isfirst": 0,
			"320privilege": 0,
			"fail_process": 0,
			"320hash": "AC6C43309DACD1A6758ED89CB7FC962D",
			"sqhash": "F6D1090F7E8E0391BAB23813FB4CD53F",
			"remark": "暧昧",
			"pay_type_sq": 0,
			"extname": "mp3",
			"sqprivilege": 0,
			"topic_url_320": "",
			"has_accompany": 1
		}, {
			"pay_type_320": 3,
			"m4afilesize": 0,
			"price_sq": 200,
			"first": 0,
			"filesize": 3449934,
			"bitrate": 128,
			"price": 200,
			"inlist": 1,
			"old_cpy": 1,
			"pkg_price_sq": 1,
			"pay_type": 3,
			"topic_url": "",
			"rp_type": "audio",
			"pkg_price": 1,
			"feetype": 0,
			"filename": "周杰伦 - 告白气球",
			"price_320": 200,
			"sqfilesize": 25058814,
			"hash": "3C3D93A5615FB42486CAB22024945264",
			"mvhash": "AFF3B6219C15D030F957B82FF50AA91E",
			"privilege": 8,
			"addtime": "2017-06-15 09:00:59",
			"pkg_price_320": 1,
			"fail_process_sq": 4,
			"fail_process_320": 4,
			"audio_id": 22084042,
			"320filesize": 8624568,
			"rp_publish": 1,
			"duration": 216,
			"topic_url_sq": "",
			"album_id": "1645030",
			"isfirst": 0,
			"320privilege": 10,
			"fail_process": 4,
			"320hash": "4C285C68EBEFAD7D8602D2D14D48F725",
			"sqhash": "B2C0A23919EEE8B47831FFAA2604107F",
			"remark": "周杰伦的床边故事",
			"pay_type_sq": 3,
			"extname": "mp3",
			"sqprivilege": 10,
			"topic_url_320": "",
			"has_accompany": 1
		}, {
			"pay_type_320": 0,
			"m4afilesize": 0,
			"price_sq": 0,
			"first": 0,
			"filesize": 3990861,
			"bitrate": 128,
			"price": 0,
			"inlist": 1,
			"old_cpy": 1,
			"pkg_price_sq": 0,
			"pay_type": 0,
			"topic_url": "",
			"rp_type": "audio",
			"pkg_price": 0,
			"feetype": 0,
			"filename": "萧全 - 社会摇",
			"price_320": 0,
			"sqfilesize": 31826191,
			"hash": "BFEFFD51AB2E2F1B9C9F657279D7F240",
			"mvhash": "23E7AD2C054D21D78A1B3F96A6076550",
			"privilege": 0,
			"addtime": "2017-06-15 09:01:06",
			"pkg_price_320": 0,
			"fail_process_sq": 0,
			"fail_process_320": 0,
			"audio_id": 10585869,
			"320filesize": 10043415,
			"rp_publish": 1,
			"duration": 249,
			"topic_url_sq": "",
			"album_id": "979199",
			"isfirst": 0,
			"320privilege": 0,
			"fail_process": 0,
			"320hash": "2451FCFE1E6F0E069B14ADF63905BA0A",
			"sqhash": "3E9807B1BF257242E8F0A04B51C2A85C",
			"remark": "社会摇",
			"pay_type_sq": 0,
			"extname": "mp3",
			"sqprivilege": 0,
			"topic_url_320": "",
			"has_accompany": 1
		}, {
			"pay_type_320": 0,
			"m4afilesize": 0,
			"price_sq": 0,
			"first": 0,
			"filesize": 5008091,
			"bitrate": 128,
			"price": 0,
			"inlist": 1,
			"old_cpy": 1,
			"pkg_price_sq": 0,
			"pay_type": 0,
			"topic_url": "",
			"rp_type": "audio",
			"pkg_price": 0,
			"feetype": 0,
			"filename": "神马乐团 - 爱河",
			"price_320": 0,
			"sqfilesize": 36583062,
			"hash": "34D1305F65AAF68981E14D3EE0001DC4",
			"mvhash": "C421AB118BA518F9A5D8944B58302A65",
			"privilege": 0,
			"addtime": "2017-06-15 09:01:18",
			"pkg_price_320": 0,
			"fail_process_sq": 0,
			"fail_process_320": 0,
			"audio_id": 3899666,
			"320filesize": 12519998,
			"rp_publish": 1,
			"duration": 312,
			"topic_url_sq": "",
			"album_id": "2627540",
			"isfirst": 0,
			"320privilege": 0,
			"fail_process": 0,
			"320hash": "662CAE36A1B4954FF83E0061589756AC",
			"sqhash": "D8EE84EF9E295D6186FEBA32A3901C1D",
			"remark": "爱河",
			"pay_type_sq": 0,
			"extname": "mp3",
			"sqprivilege": 0,
			"topic_url_320": "",
			"has_accompany": 1
		}, {
			"pay_type_320": 0,
			"m4afilesize": 0,
			"price_sq": 0,
			"first": 0,
			"filesize": 2004113,
			"bitrate": 128,
			"price": 0,
			"inlist": 1,
			"old_cpy": 1,
			"pkg_price_sq": 0,
			"pay_type": 0,
			"topic_url": "",
			"rp_type": "audio",
			"pkg_price": 0,
			"feetype": 0,
			"filename": "金南玲 - 逆流成河",
			"price_320": 0,
			"sqfilesize": 11934905,
			"hash": "3C8D3AD5B55D7F9E6CF410E618AAE11D",
			"mvhash": "6C1B3F33C11E3EE07F628714A1229600",
			"privilege": 0,
			"addtime": "2017-06-15 09:01:24",
			"pkg_price_320": 0,
			"fail_process_sq": 0,
			"fail_process_320": 0,
			"audio_id": 2486088,
			"320filesize": 5055827,
			"rp_publish": 1,
			"duration": 125,
			"topic_url_sq": "",
			"album_id": "1590298",
			"isfirst": 0,
			"320privilege": 0,
			"fail_process": 0,
			"320hash": "50CB9E7B2C6E35B3D8253541B9E9D1D9",
			"sqhash": "75D8819CB839CB0478EFE88743172113",
			"remark": "《我在锡林郭勒等你》电视剧插曲",
			"pay_type_sq": 0,
			"extname": "mp3",
			"sqprivilege": 0,
			"topic_url_320": "",
			"has_accompany": 1
		}, {
			"pay_type_320": 0,
			"m4afilesize": 0,
			"price_sq": 0,
			"first": 0,
			"filesize": 4965504,
			"bitrate": 128,
			"price": 0,
			"inlist": 1,
			"old_cpy": 1,
			"pkg_price_sq": 0,
			"pay_type": 0,
			"topic_url": "",
			"rp_type": "audio",
			"pkg_price": 0,
			"feetype": 0,
			"filename": "薛之谦 - 你还要我怎样",
			"price_320": 0,
			"sqfilesize": 32024807,
			"hash": "0CEDF221CA6AD22E7A18F5043423F967",
			"mvhash": "FCC114727D06D43BA7BA6CFC2472BE81",
			"privilege": 0,
			"addtime": "2017-06-15 09:01:29",
			"pkg_price_320": 0,
			"fail_process_sq": 0,
			"fail_process_320": 0,
			"audio_id": 977116,
			"320filesize": 12440745,
			"rp_publish": 1,
			"duration": 310,
			"topic_url_sq": "",
			"album_id": "960327",
			"isfirst": 0,
			"320privilege": 0,
			"fail_process": 0,
			"320hash": "618CAD05F97FFEE5CE5F7A883595003B",
			"sqhash": "CC315E7C42D6E318F467B35A0E9438D5",
			"remark": "《如果我爱你》电视剧插曲",
			"pay_type_sq": 0,
			"extname": "mp3",
			"sqprivilege": 0,
			"topic_url_320": "",
			"has_accompany": 1
		}, {
			"pay_type_320": 0,
			"m4afilesize": 0,
			"price_sq": 0,
			"first": 0,
			"filesize": 4128292,
			"bitrate": 128,
			"price": 0,
			"inlist": 1,
			"old_cpy": 1,
			"pkg_price_sq": 0,
			"pay_type": 0,
			"topic_url": "",
			"rp_type": "audio",
			"pkg_price": 0,
			"feetype": 0,
			"filename": "陈一发儿 - 童话镇",
			"price_320": 0,
			"sqfilesize": 27948216,
			"hash": "ED35367BD830D24073CCE802C075C6AD",
			"mvhash": "19081CFE9BD82EED1EFA57215279C5ED",
			"privilege": 0,
			"addtime": "2017-06-15 09:01:38",
			"pkg_price_320": 0,
			"fail_process_sq": 0,
			"fail_process_320": 0,
			"audio_id": 23216520,
			"320filesize": 10485560,
			"rp_publish": 1,
			"duration": 257,
			"topic_url_sq": "",
			"album_id": "1918064",
			"isfirst": 0,
			"320privilege": 0,
			"fail_process": 0,
			"320hash": "F59E3587418C889D49A799164E8D87AE",
			"sqhash": "1246CA3CE991E85FAE20BD7A35EAF336",
			"remark": "童话镇",
			"pay_type_sq": 0,
			"extname": "mp3",
			"sqprivilege": 0,
			"topic_url_320": "",
			"has_accompany": 1
		}, {
			"pay_type_320": 0,
			"m4afilesize": 0,
			"price_sq": 0,
			"first": 0,
			"filesize": 3422896,
			"bitrate": 128,
			"price": 0,
			"inlist": 1,
			"old_cpy": 1,
			"pkg_price_sq": 0,
			"pay_type": 0,
			"topic_url": "",
			"rp_type": "audio",
			"pkg_price": 0,
			"feetype": 0,
			"filename": "鹿晗 - 勋章",
			"price_320": 0,
			"sqfilesize": 24841871,
			"hash": "D622720703240F65F452B14028D6292D",
			"mvhash": "C2E2D140BD7E04E165CA0A89181FC545",
			"privilege": 0,
			"addtime": "2017-06-15 09:01:44",
			"pkg_price_320": 0,
			"fail_process_sq": 0,
			"fail_process_320": 0,
			"audio_id": 18758291,
			"320filesize": 8556776,
			"rp_publish": 1,
			"duration": 213,
			"topic_url_sq": "",
			"album_id": "554693",
			"isfirst": 0,
			"320privilege": 0,
			"fail_process": 0,
			"320hash": "6D5C60D38911C42E8CB23D92B1542C49",
			"sqhash": "F1C42A047123EF03ED2BA788BFE2122F",
			"remark": "《我是证人》电影主题曲",
			"pay_type_sq": 0,
			"extname": "mp3",
			"sqprivilege": 0,
			"topic_url_320": "",
			"has_accompany": 1
		}, {
			"pay_type_320": 3,
			"m4afilesize": 0,
			"price_sq": 0,
			"first": 0,
			"filesize": 3691553,
			"bitrate": 128,
			"price": 200,
			"inlist": 1,
			"old_cpy": 1,
			"pkg_price_sq": 0,
			"pay_type": 3,
			"topic_url": "",
			"rp_type": "audio",
			"pkg_price": 1,
			"feetype": 0,
			"filename": "JC - 说散就散",
			"price_320": 200,
			"sqfilesize": 0,
			"hash": "F09D43EB7279305126508BEDAFB88550",
			"mvhash": "763406BA3D477171FB9AA98916298ECB",
			"privilege": 8,
			"addtime": "2017-06-15 09:01:49",
			"pkg_price_320": 1,
			"fail_process_sq": 0,
			"fail_process_320": 4,
			"audio_id": 22079273,
			"320filesize": 9227806,
			"rp_publish": 1,
			"duration": 231,
			"topic_url_sq": "",
			"album_id": "1738812",
			"isfirst": 0,
			"320privilege": 10,
			"fail_process": 4,
			"320hash": "522C10BDF7C81ADB98E3631F7BFD2E0F",
			"sqhash": "",
			"remark": "说散就散",
			"pay_type_sq": 0,
			"extname": "mp3",
			"sqprivilege": 0,
			"topic_url_320": "",
			"has_accompany": 1
		}, {
			"pay_type_320": 0,
			"m4afilesize": 0,
			"price_sq": 0,
			"first": 0,
			"filesize": 4256404,
			"bitrate": 128,
			"price": 0,
			"inlist": 1,
			"old_cpy": 1,
			"pkg_price_sq": 0,
			"pay_type": 0,
			"topic_url": "",
			"rp_type": "audio",
			"pkg_price": 0,
			"feetype": 0,
			"filename": "李晓杰 - 把酒倒满",
			"price_320": 0,
			"sqfilesize": 31430517,
			"hash": "F8D99128F932C91F01BB8089976DAD52",
			"mvhash": "8E990CEAF078FA35C13FEE5CCB3E1496",
			"privilege": 0,
			"addtime": "2017-06-15 09:01:57",
			"pkg_price_320": 0,
			"fail_process_sq": 0,
			"fail_process_320": 0,
			"audio_id": 18582002,
			"320filesize": 10642285,
			"rp_publish": 1,
			"duration": 266,
			"topic_url_sq": "",
			"album_id": "2542811",
			"isfirst": 0,
			"320privilege": 0,
			"fail_process": 0,
			"320hash": "CE8902D502A27CC63EE3C0835FFC1933",
			"sqhash": "B99FDA6512E065F004A1AFF0978530E0",
			"remark": "把酒倒满",
			"pay_type_sq": 0,
			"extname": "mp3",
			"sqprivilege": 0,
			"topic_url_320": "",
			"has_accompany": 1
		}, {
			"pay_type_320": 0,
			"m4afilesize": 0,
			"price_sq": 0,
			"first": 0,
			"filesize": 4539662,
			"bitrate": 128,
			"price": 0,
			"inlist": 1,
			"old_cpy": 1,
			"pkg_price_sq": 0,
			"pay_type": 0,
			"topic_url": "",
			"rp_type": "audio",
			"pkg_price": 0,
			"feetype": 0,
			"filename": "梦然 - 没有你陪伴真的好孤单",
			"price_320": 0,
			"sqfilesize": 34886710,
			"hash": "413371D139EE58E1ABAFBA01DE17F1E1",
			"mvhash": "A384CB797FFFA5A0C297DA7A38875F1C",
			"privilege": 0,
			"addtime": "2017-06-15 09:02:03",
			"pkg_price_320": 0,
			"fail_process_sq": 0,
			"fail_process_320": 0,
			"audio_id": 984134,
			"320filesize": 11396166,
			"rp_publish": 1,
			"duration": 284,
			"topic_url_sq": "",
			"album_id": "628719",
			"isfirst": 0,
			"320privilege": 0,
			"fail_process": 0,
			"320hash": "089372AD07BE1260BB47ECFD2B80D2A0",
			"sqhash": "AA57439ECCD5C892240805390619B65D",
			"remark": "没有你陪伴真的好孤单",
			"pay_type_sq": 0,
			"extname": "mp3",
			"sqprivilege": 0,
			"topic_url_320": "",
			"has_accompany": 1
		}, {
			"pay_type_320": 0,
			"m4afilesize": 0,
			"price_sq": 0,
			"first": 0,
			"filesize": 3985239,
			"bitrate": 128,
			"price": 0,
			"inlist": 1,
			"old_cpy": 1,
			"pkg_price_sq": 0,
			"pay_type": 0,
			"topic_url": "",
			"rp_type": "audio",
			"pkg_price": 0,
			"feetype": 0,
			"filename": "王冕 - 勉为其难",
			"price_320": 0,
			"sqfilesize": 28231439,
			"hash": "75C565689FFAD1914FB52BD9E93E8BA7",
			"mvhash": "29474F508F9D2E100D8FF213CFFA36DB",
			"privilege": 0,
			"addtime": "2017-06-15 09:02:09",
			"pkg_price_320": 0,
			"fail_process_sq": 0,
			"fail_process_320": 0,
			"audio_id": 23487407,
			"320filesize": 9986089,
			"rp_publish": 1,
			"duration": 249,
			"topic_url_sq": "",
			"album_id": "1942036",
			"isfirst": 0,
			"320privilege": 0,
			"fail_process": 0,
			"320hash": "900E8787C1A14C2FC505E6430F43F80B",
			"sqhash": "8728A003163FC0007227D8D81D0E0F40",
			"remark": "勉为其难",
			"pay_type_sq": 0,
			"extname": "mp3",
			"sqprivilege": 0,
			"topic_url_320": "",
			"has_accompany": 1
		}, {
			"pay_type_320": 3,
			"m4afilesize": 0,
			"price_sq": 200,
			"first": 0,
			"filesize": 4120959,
			"bitrate": 127,
			"price": 200,
			"inlist": 1,
			"old_cpy": 1,
			"pkg_price_sq": 1,
			"pay_type": 3,
			"topic_url": "",
			"rp_type": "audio",
			"pkg_price": 1,
			"feetype": 0,
			"filename": "张杰 - 三生三世",
			"price_320": 200,
			"sqfilesize": 30902125,
			"hash": "AE98B84033A1F02F36AA2387DBA26F3E",
			"mvhash": "8EE5A8704493BDEC578C09D922FD470A",
			"privilege": 8,
			"addtime": "2017-06-15 09:02:17",
			"pkg_price_320": 1,
			"fail_process_sq": 4,
			"fail_process_320": 4,
			"audio_id": 24794172,
			"320filesize": 10303680,
			"rp_publish": 1,
			"duration": 257,
			"topic_url_sq": "",
			"album_id": "1969016",
			"isfirst": 0,
			"320privilege": 10,
			"fail_process": 4,
			"320hash": "3B311E5F714B145A694AA8CEF9ED7F43",
			"sqhash": "8CE2889FC0553EB83B48AEE60AD50E8A",
			"remark": "《三生三世十里桃花》电视剧主题曲",
			"pay_type_sq": 3,
			"extname": "mp3",
			"sqprivilege": 10,
			"topic_url_320": "",
			"has_accompany": 1
		}, {
			"pay_type_320": 0,
			"m4afilesize": 0,
			"price_sq": 0,
			"first": 0,
			"filesize": 3494735,
			"bitrate": 128,
			"price": 0,
			"inlist": 1,
			"old_cpy": 1,
			"pkg_price_sq": 0,
			"pay_type": 0,
			"topic_url": "",
			"rp_type": "audio",
			"pkg_price": 0,
			"feetype": 0,
			"filename": "蒋雪儿 - 爱河",
			"price_320": 0,
			"sqfilesize": 25229441,
			"hash": "5FA36C9083969BE29FAB0FD013FE2900",
			"mvhash": "",
			"privilege": 0,
			"addtime": "2017-06-15 09:02:23",
			"pkg_price_320": 0,
			"fail_process_sq": 0,
			"fail_process_320": 0,
			"audio_id": 26574857,
			"320filesize": 8736391,
			"rp_publish": 1,
			"duration": 218,
			"topic_url_sq": "",
			"album_id": "2204376",
			"isfirst": 0,
			"320privilege": 0,
			"fail_process": 0,
			"320hash": "643D3574FD82417959A06722D3899308",
			"sqhash": "B684C4F4DED3E366B386B9081C51280C",
			"remark": "爱河",
			"pay_type_sq": 0,
			"extname": "mp3",
			"sqprivilege": 0,
			"topic_url_320": "",
			"has_accompany": 1
		}, {
			"pay_type_320": 3,
			"m4afilesize": 0,
			"price_sq": 200,
			"first": 0,
			"filesize": 3063639,
			"bitrate": 128,
			"price": 200,
			"inlist": 1,
			"old_cpy": 1,
			"pkg_price_sq": 1,
			"pay_type": 3,
			"topic_url": "",
			"rp_type": "audio",
			"pkg_price": 1,
			"feetype": 0,
			"filename": "鹿晗 - 致爱 Your Song",
			"price_320": 200,
			"sqfilesize": 21084210,
			"hash": "19C9B7F153E342DC50DB16AE1766C99A",
			"mvhash": "44E6213019FE8FB8DC81E141EE2DA736",
			"privilege": 8,
			"addtime": "2017-06-15 09:02:30",
			"pkg_price_320": 1,
			"fail_process_sq": 4,
			"fail_process_320": 4,
			"audio_id": 18112940,
			"320filesize": 7658184,
			"rp_publish": 1,
			"duration": 191,
			"topic_url_sq": "",
			"album_id": "553850",
			"isfirst": 0,
			"320privilege": 10,
			"fail_process": 4,
			"320hash": "09052B4B85A03594A64911398785C103",
			"sqhash": "E0E3948A84702073F1DAE743D1FD5F71",
			"remark": "致爱 Your Song",
			"pay_type_sq": 3,
			"extname": "mp3",
			"sqprivilege": 10,
			"topic_url_320": "",
			"has_accompany": 1
		}, {
			"pay_type_320": 0,
			"m4afilesize": 0,
			"price_sq": 0,
			"first": 0,
			"filesize": 4008840,
			"bitrate": 128,
			"price": 0,
			"inlist": 1,
			"old_cpy": 1,
			"pkg_price_sq": 0,
			"pay_type": 0,
			"topic_url": "",
			"rp_type": "audio",
			"pkg_price": 0,
			"feetype": 0,
			"filename": "薛之谦 - 刚刚好",
			"price_320": 0,
			"sqfilesize": 24278173,
			"hash": "DE241892B9C235A195C145EA1FCAE46E",
			"mvhash": "BFCEE0069396C8DAE58AD3F965B1B18B",
			"privilege": 0,
			"addtime": "2017-06-15 09:02:37",
			"pkg_price_320": 0,
			"fail_process_sq": 0,
			"fail_process_320": 0,
			"audio_id": 21964491,
			"320filesize": 10021810,
			"rp_publish": 1,
			"duration": 251,
			"topic_url_sq": "",
			"album_id": "1645117",
			"isfirst": 0,
			"320privilege": 0,
			"fail_process": 0,
			"320hash": "B98342A490F2AA4E6F554D77D57F2536",
			"sqhash": "2A928C210DBEBBE9381254034D752101",
			"remark": "《我与你的光年距离》网络剧主题曲",
			"pay_type_sq": 0,
			"extname": "mp3",
			"sqprivilege": 0,
			"topic_url_320": "",
			"has_accompany": 1
		}, {
			"pay_type_320": 3,
			"m4afilesize": 0,
			"price_sq": 200,
			"first": 0,
			"filesize": 3382542,
			"bitrate": 128,
			"price": 200,
			"inlist": 1,
			"old_cpy": 1,
			"pkg_price_sq": 1,
			"pay_type": 3,
			"topic_url": "",
			"rp_type": "audio",
			"pkg_price": 1,
			"feetype": 0,
			"filename": "筷子兄弟 - 小苹果",
			"price_320": 200,
			"sqfilesize": 27823143,
			"hash": "FCD49446E26461D95433E9EEA5C7A790",
			"mvhash": "3682BDF6FCE14E971DA2F4B6C7F57591",
			"privilege": 8,
			"addtime": "2017-06-15 09:02:42",
			"pkg_price_320": 1,
			"fail_process_sq": 4,
			"fail_process_320": 4,
			"audio_id": 2681335,
			"320filesize": 8456358,
			"rp_publish": 1,
			"duration": 211,
			"topic_url_sq": "",
			"album_id": "888786",
			"isfirst": 0,
			"320privilege": 10,
			"fail_process": 4,
			"320hash": "A3B5A3F323928A568F113096909A7D4A",
			"sqhash": "90ED34F62293AA8F9A56748F8FFF38A1",
			"remark": "《老男孩之猛龙过江》电影宣传曲",
			"pay_type_sq": 3,
			"extname": "mp3",
			"sqprivilege": 10,
			"topic_url_320": "",
			"has_accompany": 1
		}, {
			"pay_type_320": 0,
			"m4afilesize": 0,
			"price_sq": 0,
			"first": 0,
			"filesize": 3710003,
			"bitrate": 128,
			"price": 0,
			"inlist": 1,
			"old_cpy": 1,
			"pkg_price_sq": 0,
			"pay_type": 0,
			"topic_url": "",
			"rp_type": "audio",
			"pkg_price": 0,
			"feetype": 0,
			"filename": "葛林 - 林中鸟",
			"price_320": 0,
			"sqfilesize": 28277446,
			"hash": "47D0A723E415123CFE7E9EF2DC25B817",
			"mvhash": "724C6ACA58BC92BF60E29AACC4863D1C",
			"privilege": 0,
			"addtime": "2017-06-15 09:02:50",
			"pkg_price_320": 0,
			"fail_process_sq": 0,
			"fail_process_320": 0,
			"audio_id": 20744054,
			"320filesize": 9274641,
			"rp_publish": 1,
			"duration": 232,
			"topic_url_sq": "",
			"album_id": "1642823",
			"isfirst": 0,
			"320privilege": 0,
			"fail_process": 0,
			"320hash": "9D9C831A00B885A97FA62C4C22E05A77",
			"sqhash": "AF45DD1DC04F16F87FF3DF95B7D62485",
			"remark": "林中鸟",
			"pay_type_sq": 0,
			"extname": "mp3",
			"sqprivilege": 0,
			"topic_url_320": "",
			"has_accompany": 1
		}, {
			"pay_type_320": 0,
			"m4afilesize": 0,
			"price_sq": 0,
			"first": 0,
			"filesize": 3569788,
			"bitrate": 129,
			"price": 0,
			"inlist": 1,
			"old_cpy": 1,
			"pkg_price_sq": 0,
			"pay_type": 0,
			"topic_url": "",
			"rp_type": "audio",
			"pkg_price": 0,
			"feetype": 0,
			"filename": "正云 - 下定决心忘记你",
			"price_320": 0,
			"sqfilesize": 0,
			"hash": "0AD87A29B1039508D328C4042DE02C52",
			"mvhash": "DBC95AF8FB56DABE22B13DA12EB4D379",
			"privilege": 0,
			"addtime": "2017-06-15 09:02:56",
			"pkg_price_320": 0,
			"fail_process_sq": 0,
			"fail_process_320": 0,
			"audio_id": 718871,
			"320filesize": 8967853,
			"rp_publish": 1,
			"duration": 223,
			"topic_url_sq": "",
			"album_id": "0",
			"isfirst": 0,
			"320privilege": 0,
			"fail_process": 0,
			"320hash": "1997EE219CBE247FB4D7B6FBD65B503F",
			"sqhash": "",
			"remark": "",
			"pay_type_sq": 0,
			"extname": "mp3",
			"sqprivilege": 0,
			"topic_url_320": "",
			"has_accompany": 1
		}, {
			"pay_type_320": 0,
			"m4afilesize": 0,
			"price_sq": 0,
			"first": 0,
			"filesize": 4657153,
			"bitrate": 128,
			"price": 0,
			"inlist": 1,
			"old_cpy": 1,
			"pkg_price_sq": 0,
			"pay_type": 0,
			"topic_url": "",
			"rp_type": "audio",
			"pkg_price": 0,
			"feetype": 0,
			"filename": "薛之谦 - 绅士",
			"price_320": 0,
			"sqfilesize": 31815508,
			"hash": "5F4D1E64E3BF890658A60CA8DC34096B",
			"mvhash": "5BE4A35B0F75E3DEB280B30E6E7510D1",
			"privilege": 0,
			"addtime": "2017-06-15 09:03:01",
			"pkg_price_320": 0,
			"fail_process_sq": 0,
			"fail_process_320": 0,
			"audio_id": 14238284,
			"320filesize": 11638073,
			"rp_publish": 1,
			"duration": 291,
			"topic_url_sq": "",
			"album_id": "548822",
			"isfirst": 0,
			"320privilege": 0,
			"fail_process": 0,
			"320hash": "E2D75AA1712BF4170716D0413AB9CA1B",
			"sqhash": "A8AC77F45B05ECC860E524B8118296E1",
			"remark": "《是！尚先生》电视剧插曲",
			"pay_type_sq": 0,
			"extname": "mp3",
			"sqprivilege": 0,
			"topic_url_320": "",
			"has_accompany": 1
		}, {
			"pay_type_320": 3,
			"m4afilesize": 0,
			"price_sq": 200,
			"first": 0,
			"filesize": 5148882,
			"bitrate": 127,
			"price": 200,
			"inlist": 1,
			"old_cpy": 1,
			"pkg_price_sq": 1,
			"pay_type": 3,
			"topic_url": "",
			"rp_type": "audio",
			"pkg_price": 1,
			"feetype": 0,
			"filename": "Beyond - 海阔天空",
			"price_320": 200,
			"sqfilesize": 34614772,
			"hash": "498FFD010763B5B7F6B5DC637FD760E8",
			"mvhash": "3E33CA79E6966281C5B893C25064D94D",
			"privilege": 8,
			"addtime": "2017-06-15 09:03:08",
			"pkg_price_320": 1,
			"fail_process_sq": 4,
			"fail_process_320": 4,
			"audio_id": 3261014,
			"320filesize": 12996568,
			"rp_publish": 1,
			"duration": 322,
			"topic_url_sq": "",
			"album_id": "510223",
			"isfirst": 0,
			"320privilege": 10,
			"fail_process": 4,
			"320hash": "0278B3FCC9BDEAE87298FD7E6EAE8715",
			"sqhash": "541890D8953AE4A3E75A2202CA10C93A",
			"remark": "《九五2班》网络电影插曲",
			"pay_type_sq": 3,
			"extname": "mp3",
			"sqprivilege": 10,
			"topic_url_320": "",
			"has_accompany": 1
		}, {
			"pay_type_320": 3,
			"m4afilesize": 0,
			"price_sq": 200,
			"first": 0,
			"filesize": 4095241,
			"bitrate": 127,
			"price": 200,
			"inlist": 1,
			"old_cpy": 1,
			"pkg_price_sq": 1,
			"pay_type": 3,
			"topic_url": "",
			"rp_type": "audio",
			"pkg_price": 1,
			"feetype": 0,
			"filename": "张碧晨、赵丽颖 - 望",
			"price_320": 200,
			"sqfilesize": 30463264,
			"hash": "BDDA1E233158855FE20E88121E8C8F23",
			"mvhash": "538C2BCB8D9726726F1EAE88ADA58B11",
			"privilege": 8,
			"addtime": "2017-06-15 09:03:15",
			"pkg_price_320": 1,
			"fail_process_sq": 4,
			"fail_process_320": 4,
			"audio_id": 26787052,
			"320filesize": 10239360,
			"rp_publish": 1,
			"duration": 255,
			"topic_url_sq": "",
			"album_id": "2675569",
			"isfirst": 0,
			"320privilege": 10,
			"fail_process": 4,
			"320hash": "60346F1A5375FC2F293322935E5286E5",
			"sqhash": "E2BE34C9953F7C973CB6EC4BCC470C26",
			"remark": "《楚乔传》电视剧片头曲",
			"pay_type_sq": 3,
			"extname": "mp3",
			"sqprivilege": 10,
			"topic_url_320": "",
			"has_accompany": 1
		}, {
			"pay_type_320": 0,
			"m4afilesize": 0,
			"price_sq": 0,
			"first": 0,
			"filesize": 3740484,
			"bitrate": 128,
			"price": 0,
			"inlist": 1,
			"old_cpy": 1,
			"pkg_price_sq": 0,
			"pay_type": 0,
			"topic_url": "",
			"rp_type": "audio",
			"pkg_price": 0,
			"feetype": 0,
			"filename": "苏勒亚其其格 - 歌在飞",
			"price_320": 0,
			"sqfilesize": 0,
			"hash": "147323237684DD2930096F43DC1D69D5",
			"mvhash": "3711CBE33D9A522ED3F74C9A93FD49C8",
			"privilege": 0,
			"addtime": "2017-06-15 09:03:20",
			"pkg_price_320": 0,
			"fail_process_sq": 0,
			"fail_process_320": 0,
			"audio_id": 3028859,
			"320filesize": 9351147,
			"rp_publish": 1,
			"duration": 234,
			"topic_url_sq": "",
			"album_id": "0",
			"isfirst": 0,
			"320privilege": 0,
			"fail_process": 0,
			"320hash": "F41B9499E99F489B50F5201BE1DE6802",
			"sqhash": "",
			"remark": "",
			"pay_type_sq": 0,
			"extname": "mp3",
			"sqprivilege": 0,
			"topic_url_320": "",
			"has_accompany": 1
		}, {
			"pay_type_320": 3,
			"m4afilesize": 0,
			"price_sq": 200,
			"first": 0,
			"filesize": 4260362,
			"bitrate": 128,
			"price": 200,
			"inlist": 1,
			"old_cpy": 1,
			"pkg_price_sq": 1,
			"pay_type": 3,
			"topic_url": "",
			"rp_type": "audio",
			"pkg_price": 1,
			"feetype": 0,
			"filename": "易烊千玺 - 离骚",
			"price_320": 200,
			"sqfilesize": 30850703,
			"hash": "0C4B1B09DB4C987E819A1C310B07C898",
			"mvhash": "80AC64C380E07D98F5E2E0877183A0F9",
			"privilege": 8,
			"addtime": "2017-06-15 09:03:28",
			"pkg_price_320": 1,
			"fail_process_sq": 4,
			"fail_process_320": 4,
			"audio_id": 26322775,
			"320filesize": 10650749,
			"rp_publish": 1,
			"duration": 266,
			"topic_url_sq": "",
			"album_id": "2026935",
			"isfirst": 0,
			"320privilege": 10,
			"fail_process": 4,
			"320hash": "DFA7CE71339BBEBE3B1BFE4C7A707861",
			"sqhash": "FA32C0F990B248C9837B0582589D4B55",
			"remark": "《思美人》电视剧片尾曲",
			"pay_type_sq": 3,
			"extname": "mp3",
			"sqprivilege": 10,
			"topic_url_320": "",
			"has_accompany": 1
		}],
		"total": 499
	},
	"errcode": 0
}
