{
	"status": 1,
	"error": "",
	"data": {
		"timestamp": 1497514810,
		"info": [{
			"pay_type_320": 0,
			"m4afilesize": 0,
			"price_sq": 0,
			"first": 0,
			"filesize": 4539662,
			"bitrate": 128,
			"price": 0,
			"inlist": 1,
			"old_cpy": 1,
			"pkg_price_sq": 0,
			"pay_type": 0,
			"topic_url": "",
			"rp_type": "audio",
			"pkg_price": 0,
			"feetype": 0,
			"filename": "梦然 - 没有你陪伴真的好孤单",
			"price_320": 0,
			"extname": "mp3",
			"hash": "413371D139EE58E1ABAFBA01DE17F1E1",
			"audio_id": 984134,
			"privilege": 0,
			"addtime": "2017-06-13 07:15:01",
			"pkg_price_320": 0,
			"topic_url_320": "",
			"sqfilesize": 34886710,
			"mvhash": "A384CB797FFFA5A0C297DA7A38875F1C",
			"320filesize": 11396166,
			"rp_publish": 1,
			"has_accompany": 1,
			"topic_url_sq": "",
			"duration": 284,
			"isfirst": 0,
			"fail_process": 0,
			"320privilege": 0,
			"remark": "没有你陪伴真的好孤单",
			"sqhash": "AA57439ECCD5C892240805390619B65D",
			"320hash": "089372AD07BE1260BB47ECFD2B80D2A0",
			"pay_type_sq": 0,
			"album_id": "628719",
			"sqprivilege": 0,
			"fail_process_320": 0,
			"fail_process_sq": 0
		}, {
			"pay_type_320": 0,
			"m4afilesize": 0,
			"price_sq": 0,
			"first": 0,
			"filesize": 3198974,
			"bitrate": 128,
			"price": 0,
			"inlist": 1,
			"old_cpy": 1,
			"pkg_price_sq": 0,
			"pay_type": 0,
			"topic_url": "",
			"rp_type": "audio",
			"pkg_price": 0,
			"feetype": 0,
			"filename": "李玉刚 - 刚好遇见你",
			"price_320": 0,
			"extname": "mp3",
			"hash": "CB7EE97F4CC11C4EA7A1FA4B516A5D97",
			"audio_id": 23609415,
			"privilege": 0,
			"addtime": "2017-06-13 07:15:02",
			"pkg_price_320": 0,
			"topic_url_320": "",
			"sqfilesize": 23222557,
			"mvhash": "AF635168AF7E87517B991B670F33D712",
			"320filesize": 7998693,
			"rp_publish": 1,
			"has_accompany": 1,
			"topic_url_sq": "",
			"duration": 199,
			"isfirst": 0,
			"fail_process": 0,
			"320privilege": 0,
			"remark": "刚好遇见你 (单曲)",
			"sqhash": "CAC59E48D58853BF40BB6158F2F5B0C5",
			"320hash": "47F63F15A7C048829FA796BC7F74E62B",
			"pay_type_sq": 0,
			"album_id": "1820033",
			"sqprivilege": 0,
			"fail_process_320": 0,
			"fail_process_sq": 0
		}, {
			"pay_type_320": 0,
			"m4afilesize": 0,
			"price_sq": 0,
			"first": 0,
			"filesize": 3985239,
			"bitrate": 128,
			"price": 0,
			"inlist": 1,
			"old_cpy": 1,
			"pkg_price_sq": 0,
			"pay_type": 0,
			"topic_url": "",
			"rp_type": "audio",
			"pkg_price": 0,
			"feetype": 0,
			"filename": "王冕 - 勉为其难",
			"price_320": 0,
			"extname": "mp3",
			"hash": "75C565689FFAD1914FB52BD9E93E8BA7",
			"audio_id": 23487407,
			"privilege": 0,
			"addtime": "2017-06-13 07:15:02",
			"pkg_price_320": 0,
			"topic_url_320": "",
			"sqfilesize": 28231439,
			"mvhash": "29474F508F9D2E100D8FF213CFFA36DB",
			"320filesize": 9986089,
			"rp_publish": 1,
			"has_accompany": 1,
			"topic_url_sq": "",
			"duration": 249,
			"isfirst": 0,
			"fail_process": 0,
			"320privilege": 0,
			"remark": "勉为其难",
			"sqhash": "8728A003163FC0007227D8D81D0E0F40",
			"320hash": "900E8787C1A14C2FC505E6430F43F80B",
			"pay_type_sq": 0,
			"album_id": "1942036",
			"sqprivilege": 0,
			"fail_process_320": 0,
			"fail_process_sq": 0
		}, {
			"pay_type_320": 3,
			"m4afilesize": 0,
			"price_sq": 200,
			"first": 0,
			"filesize": 5332102,
			"bitrate": 128,
			"price": 200,
			"inlist": 1,
			"old_cpy": 1,
			"pkg_price_sq": 1,
			"pay_type": 3,
			"topic_url": "",
			"rp_type": "audio",
			"pkg_price": 1,
			"feetype": 0,
			"filename": "杨宗纬、张碧晨 - 凉凉",
			"price_320": 200,
			"extname": "mp3",
			"hash": "9C5F7AFC362E4DBC38F71D50B32892FA",
			"audio_id": 24751105,
			"privilege": 8,
			"addtime": "2017-06-13 07:15:02",
			"pkg_price_320": 1,
			"topic_url_320": "",
			"sqfilesize": 37169674,
			"mvhash": "72ED2F259529416E6F0EBC3E63DF15EE",
			"320filesize": 13331520,
			"rp_publish": 1,
			"has_accompany": 1,
			"topic_url_sq": "",
			"duration": 333,
			"isfirst": 0,
			"fail_process": 4,
			"320privilege": 10,
			"remark": "《三生三世十里桃花》电视剧片尾曲",
			"sqhash": "D11347C7A07002112AA353FB75263B16",
			"320hash": "0318FB29F1E09A83519A76087F65583F",
			"pay_type_sq": 3,
			"album_id": "1969016",
			"sqprivilege": 10,
			"fail_process_320": 4,
			"fail_process_sq": 4
		}, {
			"pay_type_320": 0,
			"m4afilesize": 0,
			"price_sq": 0,
			"first": 0,
			"filesize": 3811149,
			"bitrate": 128,
			"price": 0,
			"inlist": 1,
			"old_cpy": 1,
			"pkg_price_sq": 0,
			"pay_type": 0,
			"topic_url": "",
			"rp_type": "audio",
			"pkg_price": 0,
			"feetype": 0,
			"filename": "汪苏泷 - 未来告白",
			"price_320": 0,
			"extname": "mp3",
			"hash": "C42C318DCD24764ACC8580FDE0F312D0",
			"audio_id": 26950266,
			"privilege": 0,
			"addtime": "2017-06-13 14:36:51",
			"pkg_price_320": 0,
			"topic_url_320": "",
			"sqfilesize": 23350086,
			"mvhash": "",
			"320filesize": 9527040,
			"rp_publish": 1,
			"has_accompany": 0,
			"topic_url_sq": "",
			"duration": 238,
			"isfirst": 0,
			"fail_process": 0,
			"320privilege": 0,
			"remark": "《寻人大师》电视剧主题曲",
			"sqhash": "D5CAE9964B76B1E9C34B8B8BF39EFAE5",
			"320hash": "8A26635EA8A76796F0938EBB5D1C293B",
			"pay_type_sq": 0,
			"album_id": "2704612",
			"sqprivilege": 0,
			"fail_process_320": 0,
			"fail_process_sq": 0
		}, {
			"pay_type_320": 0,
			"m4afilesize": 0,
			"price_sq": 0,
			"first": 0,
			"filesize": 3569788,
			"bitrate": 129,
			"price": 0,
			"inlist": 1,
			"old_cpy": 1,
			"pkg_price_sq": 0,
			"pay_type": 0,
			"topic_url": "",
			"rp_type": "audio",
			"pkg_price": 0,
			"feetype": 0,
			"filename": "正云 - 下定决心忘记你",
			"price_320": 0,
			"extname": "mp3",
			"hash": "0AD87A29B1039508D328C4042DE02C52",
			"audio_id": 718871,
			"privilege": 0,
			"addtime": "2017-06-13 07:15:02",
			"pkg_price_320": 0,
			"topic_url_320": "",
			"sqfilesize": 0,
			"mvhash": "DBC95AF8FB56DABE22B13DA12EB4D379",
			"320filesize": 8967853,
			"rp_publish": 1,
			"has_accompany": 1,
			"topic_url_sq": "",
			"duration": 223,
			"isfirst": 0,
			"fail_process": 0,
			"320privilege": 0,
			"remark": "",
			"sqhash": "",
			"320hash": "1997EE219CBE247FB4D7B6FBD65B503F",
			"pay_type_sq": 0,
			"album_id": "0",
			"sqprivilege": 0,
			"fail_process_320": 0,
			"fail_process_sq": 0
		}, {
			"pay_type_320": 0,
			"m4afilesize": 0,
			"price_sq": 0,
			"first": 0,
			"filesize": 4994193,
			"bitrate": 128,
			"price": 0,
			"inlist": 1,
			"old_cpy": 1,
			"pkg_price_sq": 0,
			"pay_type": 0,
			"topic_url": "",
			"rp_type": "audio",
			"pkg_price": 0,
			"feetype": 0,
			"filename": "赵鑫 - 许多年以后",
			"price_320": 0,
			"extname": "mp3",
			"hash": "E06D2415895C0A414D757ABC10885A89",
			"audio_id": 963092,
			"privilege": 0,
			"addtime": "2017-06-13 07:15:02",
			"pkg_price_320": 0,
			"topic_url_320": "",
			"sqfilesize": 36715807,
			"mvhash": "7133F582DB740E2A37FF4D0E8E27884F",
			"320filesize": 12483396,
			"rp_publish": 1,
			"has_accompany": 1,
			"topic_url_sq": "",
			"duration": 312,
			"isfirst": 0,
			"fail_process": 0,
			"320privilege": 0,
			"remark": "许多年以后",
			"sqhash": "911AE5A58C6CCFD570A3753CF1ED3955",
			"320hash": "CE2305C93E73BDF7767B139485189AC2",
			"pay_type_sq": 0,
			"album_id": "542326",
			"sqprivilege": 0,
			"fail_process_320": 0,
			"fail_process_sq": 0
		}, {
			"pay_type_320": 0,
			"m4afilesize": 0,
			"price_sq": 0,
			"first": 0,
			"filesize": 4684032,
			"bitrate": 128,
			"price": 0,
			"inlist": 1,
			"old_cpy": 1,
			"pkg_price_sq": 0,
			"pay_type": 0,
			"topic_url": "",
			"rp_type": "audio",
			"pkg_price": 0,
			"feetype": 0,
			"filename": "姜玉阳、南宫嘉骏 - 回忆总想哭",
			"price_320": 0,
			"extname": "mp3",
			"hash": "4FE953B3697A0181B1ECCD5CA952E063",
			"audio_id": 16355374,
			"privilege": 0,
			"addtime": "2017-06-13 07:15:02",
			"pkg_price_320": 0,
			"topic_url_320": "",
			"sqfilesize": 31881928,
			"mvhash": "6E9018B3073E2DBBFB76A66416FCB726",
			"320filesize": 11712329,
			"rp_publish": 1,
			"has_accompany": 1,
			"topic_url_sq": "",
			"duration": 292,
			"isfirst": 0,
			"fail_process": 0,
			"320privilege": 0,
			"remark": "回忆总想哭",
			"sqhash": "038E0EE74CEA491E6B30C8722B7F68B3",
			"320hash": "01E53F77CDB2F036ACA7B27E28D253CD",
			"pay_type_sq": 0,
			"album_id": "1027104",
			"sqprivilege": 0,
			"fail_process_320": 0,
			"fail_process_sq": 0
		}, {
			"pay_type_320": 0,
			"m4afilesize": 0,
			"price_sq": 0,
			"first": 0,
			"filesize": 4558261,
			"bitrate": 128,
			"price": 0,
			"inlist": 1,
			"old_cpy": 1,
			"pkg_price_sq": 0,
			"pay_type": 0,
			"topic_url": "",
			"rp_type": "audio",
			"pkg_price": 0,
			"feetype": 0,
			"filename": "云菲菲 - 殇雪",
			"price_320": 0,
			"extname": "mp3",
			"hash": "2DFBB53AFF241C3D4C5E4A1B66F5CF6E",
			"audio_id": 2701302,
			"privilege": 0,
			"addtime": "2017-06-13 07:15:02",
			"pkg_price_320": 0,
			"topic_url_320": "",
			"sqfilesize": 35083625,
			"mvhash": "87A03DB66120D232C000DD38A695ACC4",
			"320filesize": 11395656,
			"rp_publish": 1,
			"has_accompany": 1,
			"topic_url_sq": "",
			"duration": 284,
			"isfirst": 0,
			"fail_process": 0,
			"320privilege": 0,
			"remark": "殇雪",
			"sqhash": "5FC8A6DC8C9366C921FCB8DB269B7BFB",
			"320hash": "E8E245EEFD5F2563493ECA7DC685EF50",
			"pay_type_sq": 0,
			"album_id": "586602",
			"sqprivilege": 0,
			"fail_process_320": 0,
			"fail_process_sq": 0
		}, {
			"pay_type_320": 0,
			"m4afilesize": 0,
			"price_sq": 0,
			"first": 0,
			"filesize": 3824092,
			"bitrate": 128,
			"price": 0,
			"inlist": 1,
			"old_cpy": 1,
			"pkg_price_sq": 0,
			"pay_type": 0,
			"topic_url": "",
			"rp_type": "audio",
			"pkg_price": 0,
			"feetype": 0,
			"filename": "侯旭 - 逃",
			"price_320": 0,
			"extname": "mp3",
			"hash": "4C7C629DEA1FD6B06F0402C1623E0301",
			"audio_id": 21389835,
			"privilege": 0,
			"addtime": "2017-06-13 07:15:02",
			"pkg_price_320": 0,
			"topic_url_320": "",
			"sqfilesize": 27939749,
			"mvhash": "66D2505F7E805B48EB6E102FDCD64A66",
			"320filesize": 9559955,
			"rp_publish": 1,
			"has_accompany": 1,
			"topic_url_sq": "",
			"duration": 239,
			"isfirst": 0,
			"fail_process": 0,
			"320privilege": 0,
			"remark": "逃",
			"sqhash": "C9167F49FA57D07274AE5F9C5D1409A0",
			"320hash": "668E05584ADB9E1AF1CAB63B71E8C1EA",
			"pay_type_sq": 0,
			"album_id": "1608672",
			"sqprivilege": 0,
			"fail_process_320": 0,
			"fail_process_sq": 0
		}, {
			"pay_type_320": 3,
			"m4afilesize": 0,
			"price_sq": 200,
			"first": 0,
			"filesize": 5265959,
			"bitrate": 128,
			"price": 200,
			"inlist": 1,
			"old_cpy": 1,
			"pkg_price_sq": 1,
			"pay_type": 3,
			"topic_url": "",
			"rp_type": "audio",
			"pkg_price": 1,
			"feetype": 0,
			"filename": "赵雷 - 成都",
			"price_320": 200,
			"extname": "mp3",
			"hash": "32EF5D79A20F366EC9E55A9200050D8A",
			"audio_id": 25033148,
			"privilege": 8,
			"addtime": "2017-06-13 07:15:02",
			"pkg_price_320": 1,
			"topic_url_320": "",
			"sqfilesize": 36349341,
			"mvhash": "",
			"320filesize": 13164480,
			"rp_publish": 1,
			"has_accompany": 1,
			"topic_url_sq": "",
			"duration": 329,
			"isfirst": 0,
			"fail_process": 4,
			"320privilege": 10,
			"remark": "歌手2017 第三期",
			"sqhash": "A2DA416AE66FA2F1345716873749B546",
			"320hash": "28A2E8804D45E57B796A07408604D390",
			"pay_type_sq": 3,
			"album_id": "1967080",
			"sqprivilege": 10,
			"fail_process_320": 4,
			"fail_process_sq": 4
		}, {
			"pay_type_320": 3,
			"m4afilesize": 0,
			"price_sq": 200,
			"first": 0,
			"filesize": 4391034,
			"bitrate": 128,
			"price": 200,
			"inlist": 1,
			"old_cpy": 1,
			"pkg_price_sq": 1,
			"pay_type": 3,
			"topic_url": "",
			"rp_type": "audio",
			"pkg_price": 1,
			"feetype": 0,
			"filename": "印子月 - LUNA",
			"price_320": 200,
			"extname": "mp3",
			"hash": "7C2FAA4F830E32AE99BA174F58BA653B",
			"audio_id": 26954351,
			"privilege": 8,
			"addtime": "2017-06-14 00:42:49",
			"pkg_price_320": 1,
			"topic_url_320": "",
			"sqfilesize": 35722872,
			"mvhash": "",
			"320filesize": 10977698,
			"rp_publish": 1,
			"has_accompany": 1,
			"topic_url_sq": "",
			"duration": 274,
			"isfirst": 0,
			"fail_process": 4,
			"320privilege": 10,
			"remark": "LUNA",
			"sqhash": "3B89D3430950F9A593F07F2884442E6A",
			"320hash": "BAD2CACB83023628D44BA425D4B28FE8",
			"pay_type_sq": 3,
			"album_id": "2705106",
			"sqprivilege": 10,
			"fail_process_320": 4,
			"fail_process_sq": 4
		}, {
			"pay_type_320": 0,
			"m4afilesize": 0,
			"price_sq": 0,
			"first": 0,
			"filesize": 2004113,
			"bitrate": 128,
			"price": 0,
			"inlist": 1,
			"old_cpy": 1,
			"pkg_price_sq": 0,
			"pay_type": 0,
			"topic_url": "",
			"rp_type": "audio",
			"pkg_price": 0,
			"feetype": 0,
			"filename": "金南玲 - 逆流成河",
			"price_320": 0,
			"extname": "mp3",
			"hash": "3C8D3AD5B55D7F9E6CF410E618AAE11D",
			"audio_id": 2486088,
			"privilege": 0,
			"addtime": "2017-06-13 07:15:02",
			"pkg_price_320": 0,
			"topic_url_320": "",
			"sqfilesize": 11934905,
			"mvhash": "6C1B3F33C11E3EE07F628714A1229600",
			"320filesize": 5055827,
			"rp_publish": 1,
			"has_accompany": 1,
			"topic_url_sq": "",
			"duration": 125,
			"isfirst": 0,
			"fail_process": 0,
			"320privilege": 0,
			"remark": "《我在锡林郭勒等你》电视剧插曲",
			"sqhash": "75D8819CB839CB0478EFE88743172113",
			"320hash": "50CB9E7B2C6E35B3D8253541B9E9D1D9",
			"pay_type_sq": 0,
			"album_id": "1590298",
			"sqprivilege": 0,
			"fail_process_320": 0,
			"fail_process_sq": 0
		}, {
			"pay_type_320": 3,
			"m4afilesize": 0,
			"price_sq": 200,
			"first": 0,
			"filesize": 4881705,
			"bitrate": 127,
			"price": 200,
			"inlist": 1,
			"old_cpy": 1,
			"pkg_price_sq": 1,
			"pay_type": 3,
			"topic_url": "",
			"rp_type": "audio",
			"pkg_price": 1,
			"feetype": 0,
			"filename": "陈雅森 - 我的快乐就是想你",
			"price_320": 200,
			"extname": "mp3",
			"hash": "609F252D08CC1EB43E5B461B727738C5",
			"audio_id": 3403020,
			"privilege": 8,
			"addtime": "2017-06-13 07:15:02",
			"pkg_price_320": 1,
			"topic_url_320": "",
			"sqfilesize": 35007682,
			"mvhash": "C72A2A4E33B8E5D5154C19BDB72CB0B6",
			"320filesize": 12206498,
			"rp_publish": 1,
			"has_accompany": 1,
			"topic_url_sq": "",
			"duration": 305,
			"isfirst": 0,
			"fail_process": 4,
			"320privilege": 10,
			"remark": "我的快乐就是想你",
			"sqhash": "BBB68BFCEBCEF51CB967C28B3E5105E5",
			"320hash": "F5B5AC89191BEA93216434161BB1A0F6",
			"pay_type_sq": 3,
			"album_id": "2285246",
			"sqprivilege": 10,
			"fail_process_320": 4,
			"fail_process_sq": 4
		}, {
			"pay_type_320": 0,
			"m4afilesize": 0,
			"price_sq": 0,
			"first": 0,
			"filesize": 4392878,
			"bitrate": 128,
			"price": 0,
			"inlist": 1,
			"old_cpy": 1,
			"pkg_price_sq": 0,
			"pay_type": 0,
			"topic_url": "",
			"rp_type": "audio",
			"pkg_price": 0,
			"feetype": 0,
			"filename": "安琥 - 下辈子不见",
			"price_320": 0,
			"extname": "mp3",
			"hash": "7EB81926A66ABF318827305E5233F76C",
			"audio_id": 26765026,
			"privilege": 0,
			"addtime": "2017-06-13 10:21:58",
			"pkg_price_320": 0,
			"topic_url_320": "",
			"sqfilesize": 0,
			"mvhash": "",
			"320filesize": 10982004,
			"rp_publish": 1,
			"has_accompany": 1,
			"topic_url_sq": "",
			"duration": 275,
			"isfirst": 0,
			"fail_process": 0,
			"320privilege": 0,
			"remark": "下辈子不见",
			"sqhash": "",
			"320hash": "7793EB6749F93FDEE51B16842F328F15",
			"pay_type_sq": 0,
			"album_id": "2703041",
			"sqprivilege": 0,
			"fail_process_320": 0,
			"fail_process_sq": 0
		}, {
			"pay_type_320": 3,
			"m4afilesize": 0,
			"price_sq": 200,
			"first": 0,
			"filesize": 4295073,
			"bitrate": 128,
			"price": 200,
			"inlist": 1,
			"old_cpy": 1,
			"pkg_price_sq": 1,
			"pay_type": 3,
			"topic_url": "",
			"rp_type": "audio",
			"pkg_price": 1,
			"feetype": 0,
			"filename": "庄心妍 - 走着走着就散了",
			"price_320": 200,
			"extname": "mp3",
			"hash": "EA3C81D87E3690BA5F5291F163A92F52",
			"audio_id": 18680810,
			"privilege": 8,
			"addtime": "2017-06-13 07:15:02",
			"pkg_price_320": 1,
			"topic_url_320": "",
			"sqfilesize": 29298205,
			"mvhash": "0272E09511AEAC127C5A96FDEA21C222",
			"320filesize": 10727104,
			"rp_publish": 1,
			"has_accompany": 1,
			"topic_url_sq": "",
			"duration": 268,
			"isfirst": 0,
			"fail_process": 4,
			"320privilege": 10,
			"remark": "走着走着就散了",
			"sqhash": "15F93D407261E1CDD7B5354ABA95401A",
			"320hash": "DB6A83920E360EE7D6A40C9ED234784C",
			"pay_type_sq": 3,
			"album_id": "554414",
			"sqprivilege": 10,
			"fail_process_320": 4,
			"fail_process_sq": 4
		}, {
			"pay_type_320": 0,
			"m4afilesize": 0,
			"price_sq": 0,
			"first": 0,
			"filesize": 3610658,
			"bitrate": 128,
			"price": 0,
			"inlist": 1,
			"old_cpy": 1,
			"pkg_price_sq": 0,
			"pay_type": 0,
			"topic_url": "",
			"rp_type": "audio",
			"pkg_price": 0,
			"feetype": 0,
			"filename": "阿斯根 - 中国风",
			"price_320": 0,
			"extname": "mp3",
			"hash": "05141B2A15E8B0F4D014626E44ADFCA6",
			"audio_id": 26946133,
			"privilege": 0,
			"addtime": "2017-06-13 10:37:53",
			"pkg_price_320": 0,
			"topic_url_320": "",
			"sqfilesize": 29498531,
			"mvhash": "",
			"320filesize": 9027918,
			"rp_publish": 1,
			"has_accompany": 0,
			"topic_url_sq": "",
			"duration": 225,
			"isfirst": 0,
			"fail_process": 0,
			"320privilege": 0,
			"remark": "中国风",
			"sqhash": "C04AD619597786D10851AED0DD8D39BE",
			"320hash": "3855604C4E82E4F4282371D8FA868DE4",
			"pay_type_sq": 0,
			"album_id": "2702821",
			"sqprivilege": 0,
			"fail_process_320": 0,
			"fail_process_sq": 0
		}, {
			"pay_type_320": 3,
			"m4afilesize": 0,
			"price_sq": 200,
			"first": 0,
			"filesize": 4051080,
			"bitrate": 128,
			"price": 200,
			"inlist": 1,
			"old_cpy": 1,
			"pkg_price_sq": 1,
			"pay_type": 3,
			"topic_url": "",
			"rp_type": "audio",
			"pkg_price": 1,
			"feetype": 0,
			"filename": "成毅 - 如果我深爱着你",
			"price_320": 200,
			"extname": "mp3",
			"hash": "F8B6B49C2DB401FE6093C867DCD7B95F",
			"audio_id": 26951848,
			"privilege": 8,
			"addtime": "2017-06-13 10:41:13",
			"pkg_price_320": 1,
			"topic_url_320": "",
			"sqfilesize": 27558724,
			"mvhash": "",
			"320filesize": 10128960,
			"rp_publish": 1,
			"has_accompany": 0,
			"topic_url_sq": "",
			"duration": 253,
			"isfirst": 0,
			"fail_process": 4,
			"320privilege": 10,
			"remark": "如果我深爱着你",
			"sqhash": "C325BC88743849CB7DB8DDF1872A34C1",
			"320hash": "74C9ED334CCD8594413581716C7E2BD7",
			"pay_type_sq": 3,
			"album_id": "2703343",
			"sqprivilege": 10,
			"fail_process_320": 4,
			"fail_process_sq": 4
		}, {
			"pay_type_320": 3,
			"m4afilesize": 0,
			"price_sq": 200,
			"first": 0,
			"filesize": 4510089,
			"bitrate": 129,
			"price": 200,
			"inlist": 1,
			"old_cpy": 1,
			"pkg_price_sq": 1,
			"pay_type": 3,
			"topic_url": "",
			"rp_type": "audio",
			"pkg_price": 1,
			"feetype": 0,
			"filename": "王奕心 - 我的唇吻不到我爱的人",
			"price_320": 200,
			"extname": "mp3",
			"hash": "0097E5D44B2755AA7BA2DD571F8D085F",
			"audio_id": 15424880,
			"privilege": 8,
			"addtime": "2017-06-13 07:15:02",
			"pkg_price_320": 1,
			"topic_url_320": "",
			"sqfilesize": 35263004,
			"mvhash": "D9A608BA60CA404E12BCDA1F20F6D3FC",
			"320filesize": 11177461,
			"rp_publish": 1,
			"has_accompany": 1,
			"topic_url_sq": "",
			"duration": 279,
			"isfirst": 0,
			"fail_process": 4,
			"320privilege": 10,
			"remark": "我的唇吻不到我爱的人",
			"sqhash": "0A69B662307BA912A0734483D47D4FE7",
			"320hash": "9E180DEF5BE3201060521A5D3B06EF8D",
			"pay_type_sq": 3,
			"album_id": "974987",
			"sqprivilege": 10,
			"fail_process_320": 4,
			"fail_process_sq": 4
		}, {
			"pay_type_320": 0,
			"m4afilesize": 0,
			"price_sq": 0,
			"first": 0,
			"filesize": 4256404,
			"bitrate": 128,
			"price": 0,
			"inlist": 1,
			"old_cpy": 1,
			"pkg_price_sq": 0,
			"pay_type": 0,
			"topic_url": "",
			"rp_type": "audio",
			"pkg_price": 0,
			"feetype": 0,
			"filename": "李晓杰 - 把酒倒满",
			"price_320": 0,
			"extname": "mp3",
			"hash": "F8D99128F932C91F01BB8089976DAD52",
			"audio_id": 18582002,
			"privilege": 0,
			"addtime": "2017-06-13 07:15:02",
			"pkg_price_320": 0,
			"topic_url_320": "",
			"sqfilesize": 31430517,
			"mvhash": "8E990CEAF078FA35C13FEE5CCB3E1496",
			"320filesize": 10642285,
			"rp_publish": 1,
			"has_accompany": 1,
			"topic_url_sq": "",
			"duration": 266,
			"isfirst": 0,
			"fail_process": 0,
			"320privilege": 0,
			"remark": "把酒倒满",
			"sqhash": "B99FDA6512E065F004A1AFF0978530E0",
			"320hash": "CE8902D502A27CC63EE3C0835FFC1933",
			"pay_type_sq": 0,
			"album_id": "2542811",
			"sqprivilege": 0,
			"fail_process_320": 0,
			"fail_process_sq": 0
		}, {
			"pay_type_320": 0,
			"m4afilesize": 0,
			"price_sq": 0,
			"first": 0,
			"filesize": 3621105,
			"bitrate": 127,
			"price": 0,
			"inlist": 1,
			"old_cpy": 1,
			"pkg_price_sq": 0,
			"pay_type": 0,
			"topic_url": "",
			"rp_type": "audio",
			"pkg_price": 0,
			"feetype": 0,
			"filename": "杨梓文祺 - 你真是笨死了",
			"price_320": 0,
			"extname": "mp3",
			"hash": "EF6A5D569965A9054380B618434FB494",
			"audio_id": 26960301,
			"privilege": 0,
			"addtime": "2017-06-15 00:34:07",
			"pkg_price_320": 0,
			"topic_url_320": "",
			"sqfilesize": 0,
			"mvhash": "",
			"320filesize": 9054040,
			"rp_publish": 1,
			"has_accompany": 1,
			"topic_url_sq": "",
			"duration": 226,
			"isfirst": 0,
			"fail_process": 0,
			"320privilege": 0,
			"remark": "你真是笨死了",
			"sqhash": "",
			"320hash": "64C5DA106D2C9EB0FAB387ED1330EA0B",
			"pay_type_sq": 0,
			"album_id": "2706138",
			"sqprivilege": 0,
			"fail_process_320": 0,
			"fail_process_sq": 0
		}, {
			"pay_type_320": 0,
			"m4afilesize": 0,
			"price_sq": 0,
			"first": 0,
			"filesize": 3987747,
			"bitrate": 128,
			"price": 0,
			"inlist": 1,
			"old_cpy": 1,
			"pkg_price_sq": 0,
			"pay_type": 0,
			"topic_url": "",
			"rp_type": "audio",
			"pkg_price": 0,
			"feetype": 0,
			"filename": "侯明昊 - 脸谱",
			"price_320": 0,
			"extname": "mp3",
			"hash": "8BF4014B47EF6B984B2C6A0C1038A658",
			"audio_id": 26951969,
			"privilege": 0,
			"addtime": "2017-06-13 10:17:55",
			"pkg_price_320": 0,
			"topic_url_320": "",
			"sqfilesize": 26448713,
			"mvhash": "9479D394B52EB5F0FB8B54B214E9604E",
			"320filesize": 9963099,
			"rp_publish": 1,
			"has_accompany": 1,
			"topic_url_sq": "",
			"duration": 249,
			"isfirst": 0,
			"fail_process": 0,
			"320privilege": 0,
			"remark": "",
			"sqhash": "534DE9D50BF57CD3D2F8D8763ADE11C1",
			"320hash": "6AB6786F1A3D45E0F060CA888B9BC663",
			"pay_type_sq": 0,
			"album_id": "0",
			"sqprivilege": 0,
			"fail_process_320": 0,
			"fail_process_sq": 0
		}, {
			"pay_type_320": 3,
			"m4afilesize": 0,
			"price_sq": 200,
			"first": 0,
			"filesize": 4058090,
			"bitrate": 128,
			"price": 200,
			"inlist": 1,
			"old_cpy": 1,
			"pkg_price_sq": 1,
			"pay_type": 3,
			"topic_url": "",
			"rp_type": "audio",
			"pkg_price": 1,
			"feetype": 0,
			"filename": "陈雅森 - 温柔乡",
			"price_320": 200,
			"extname": "mp3",
			"hash": "445E9FF0AC484F7749CABBDF9BB9D814",
			"audio_id": 16347965,
			"privilege": 8,
			"addtime": "2017-06-13 07:15:02",
			"pkg_price_320": 1,
			"topic_url_320": "",
			"sqfilesize": 31146500,
			"mvhash": "9E08B558FDB72916A4031145E89166F1",
			"320filesize": 10145959,
			"rp_publish": 1,
			"has_accompany": 1,
			"topic_url_sq": "",
			"duration": 253,
			"isfirst": 0,
			"fail_process": 4,
			"320privilege": 10,
			"remark": "温柔乡",
			"sqhash": "9E76233C8BD385520F868368B7797EF6",
			"320hash": "232C22C190D2FC2EE8F80D993CC2369A",
			"pay_type_sq": 3,
			"album_id": "1010869",
			"sqprivilege": 10,
			"fail_process_320": 4,
			"fail_process_sq": 4
		}, {
			"pay_type_320": 0,
			"m4afilesize": 0,
			"price_sq": 0,
			"first": 0,
			"filesize": 4097958,
			"bitrate": 128,
			"price": 0,
			"inlist": 1,
			"old_cpy": 1,
			"pkg_price_sq": 0,
			"pay_type": 0,
			"topic_url": "",
			"rp_type": "audio",
			"pkg_price": 0,
			"feetype": 0,
			"filename": "雨宗林 - 别把疼你的人弄丢了",
			"price_320": 0,
			"extname": "mp3",
			"hash": "88F063304FFE4F3F45E614D967459433",
			"audio_id": 22016647,
			"privilege": 0,
			"addtime": "2017-06-13 07:15:03",
			"pkg_price_320": 0,
			"topic_url_320": "",
			"sqfilesize": 28996776,
			"mvhash": "DD42B8E99700F967FE9E5801403A1C09",
			"320filesize": 10246269,
			"rp_publish": 1,
			"has_accompany": 1,
			"topic_url_sq": "",
			"duration": 256,
			"isfirst": 0,
			"fail_process": 0,
			"320privilege": 0,
			"remark": "别把疼你的人弄丢了",
			"sqhash": "E32762BB6A3D9F41E264E673EF3DF6C5",
			"320hash": "57609846DB6FECE2AA8A1880CD00584F",
			"pay_type_sq": 0,
			"album_id": "1717615",
			"sqprivilege": 0,
			"fail_process_320": 0,
			"fail_process_sq": 0
		}, {
			"pay_type_320": 0,
			"m4afilesize": 0,
			"price_sq": 0,
			"first": 0,
			"filesize": 3906576,
			"bitrate": 128,
			"price": 0,
			"inlist": 1,
			"old_cpy": 1,
			"pkg_price_sq": 0,
			"pay_type": 0,
			"topic_url": "",
			"rp_type": "audio",
			"pkg_price": 0,
			"feetype": 0,
			"filename": "唐古 - 你的过去我不介意",
			"price_320": 0,
			"extname": "mp3",
			"hash": "148CA5A86974B39D3107827887F24174",
			"audio_id": 22679295,
			"privilege": 0,
			"addtime": "2017-06-13 07:15:03",
			"pkg_price_320": 0,
			"topic_url_320": "",
			"sqfilesize": 31020239,
			"mvhash": "C1872BD133EECE1FBDB679DB0B0CF8EC",
			"320filesize": 9767706,
			"rp_publish": 1,
			"has_accompany": 1,
			"topic_url_sq": "",
			"duration": 244,
			"isfirst": 0,
			"fail_process": 0,
			"320privilege": 0,
			"remark": "你的过去我不介意",
			"sqhash": "BBF859FDFE84629911C015B323C4B6DD",
			"320hash": "3D55C90CBAED1875BFB3B17F740DEDB0",
			"pay_type_sq": 0,
			"album_id": "1775815",
			"sqprivilege": 0,
			"fail_process_320": 0,
			"fail_process_sq": 0
		}, {
			"pay_type_320": 0,
			"m4afilesize": 0,
			"price_sq": 0,
			"first": 0,
			"filesize": 2924618,
			"bitrate": 128,
			"price": 0,
			"inlist": 1,
			"old_cpy": 1,
			"pkg_price_sq": 0,
			"pay_type": 0,
			"topic_url": "",
			"rp_type": "audio",
			"pkg_price": 0,
			"feetype": 0,
			"filename": "十二星宿风之少年 - 上海LOCKING",
			"price_320": 0,
			"extname": "mp3",
			"hash": "D9B73482DFA0ABB433E8AC5BDC06AE21",
			"audio_id": 26959739,
			"privilege": 0,
			"addtime": "2017-06-14 14:31:03",
			"pkg_price_320": 0,
			"topic_url_320": "",
			"sqfilesize": 22042781,
			"mvhash": "",
			"320filesize": 7311150,
			"rp_publish": 1,
			"has_accompany": 0,
			"topic_url_sq": "",
			"duration": 182,
			"isfirst": 0,
			"fail_process": 0,
			"320privilege": 0,
			"remark": "上海LOCKING",
			"sqhash": "C854238C7504BDF1E3F84B426D7F115C",
			"320hash": "58D63D55D20413D1B98D02A59B4F01DC",
			"pay_type_sq": 0,
			"album_id": "2706026",
			"sqprivilege": 0,
			"fail_process_320": 0,
			"fail_process_sq": 0
		}, {
			"pay_type_320": 0,
			"m4afilesize": 0,
			"price_sq": 0,
			"first": 0,
			"filesize": 4635166,
			"bitrate": 128,
			"price": 0,
			"inlist": 1,
			"old_cpy": 1,
			"pkg_price_sq": 0,
			"pay_type": 0,
			"topic_url": "",
			"rp_type": "audio",
			"pkg_price": 0,
			"feetype": 0,
			"filename": "冷漠 - 没有你陪伴我真的好孤单",
			"price_320": 0,
			"extname": "mp3",
			"hash": "C974B17594203A57F684056BC9D792D1",
			"audio_id": 8825906,
			"privilege": 0,
			"addtime": "2017-06-13 07:15:03",
			"pkg_price_320": 0,
			"topic_url_320": "",
			"sqfilesize": 37397357,
			"mvhash": "A1A4DA07FFBAE92DDE45D1E78C5FE035",
			"320filesize": 11586872,
			"rp_publish": 1,
			"has_accompany": 1,
			"topic_url_sq": "",
			"duration": 289,
			"isfirst": 0,
			"fail_process": 0,
			"320privilege": 0,
			"remark": "【盗歌不发布】没有你陪伴我真的好孤单",
			"sqhash": "4E238B2C8C55667140AD6E0DA84BFD4F",
			"320hash": "B2953414C3877C84E87C466C5954018B",
			"pay_type_sq": 0,
			"album_id": "1075123",
			"sqprivilege": 0,
			"fail_process_320": 0,
			"fail_process_sq": 0
		}, {
			"pay_type_320": 3,
			"m4afilesize": 0,
			"price_sq": 200,
			"first": 0,
			"filesize": 4029424,
			"bitrate": 128,
			"price": 200,
			"inlist": 1,
			"old_cpy": 1,
			"pkg_price_sq": 1,
			"pay_type": 3,
			"topic_url": "",
			"rp_type": "audio",
			"pkg_price": 1,
			"feetype": 0,
			"filename": "庄心妍 - 再见只是陌生人",
			"price_320": 200,
			"extname": "mp3",
			"hash": "B507808B800A5413C0E8C165AC52DE68",
			"audio_id": 18578281,
			"privilege": 8,
			"addtime": "2017-06-13 07:15:03",
			"pkg_price_320": 1,
			"topic_url_320": "",
			"sqfilesize": 28652263,
			"mvhash": "4BC7A8A333D6A39154A6DE1476AF3B38",
			"320filesize": 10066547,
			"rp_publish": 1,
			"has_accompany": 1,
			"topic_url_sq": "",
			"duration": 252,
			"isfirst": 0,
			"fail_process": 4,
			"320privilege": 10,
			"remark": "再见只是陌生人",
			"sqhash": "0DEDFE346C5A7E3ED1A21C837CC0D49A",
			"320hash": "1866EF1D7EB643A2ED789A2B68ED9AD2",
			"pay_type_sq": 3,
			"album_id": "553952",
			"sqprivilege": 10,
			"fail_process_320": 4,
			"fail_process_sq": 4
		}, {
			"pay_type_320": 3,
			"m4afilesize": 0,
			"price_sq": 200,
			"first": 0,
			"filesize": 3874250,
			"bitrate": 128,
			"price": 200,
			"inlist": 1,
			"old_cpy": 1,
			"pkg_price_sq": 1,
			"pay_type": 3,
			"topic_url": "",
			"rp_type": "audio",
			"pkg_price": 1,
			"feetype": 0,
			"filename": "陶钰玉 - 你会爱我到什么时候",
			"price_320": 200,
			"extname": "mp3",
			"hash": "C6FFE523C5D8E66400A4A7CA3A2BB179",
			"audio_id": 73338,
			"privilege": 8,
			"addtime": "2017-06-13 07:15:03",
			"pkg_price_320": 1,
			"topic_url_320": "",
			"sqfilesize": 28594851,
			"mvhash": "1D84A515F69E2DC8C35A115258F4E3EA",
			"320filesize": 9832615,
			"rp_publish": 1,
			"has_accompany": 1,
			"topic_url_sq": "",
			"duration": 242,
			"isfirst": 0,
			"fail_process": 4,
			"320privilege": 10,
			"remark": "因为爱你",
			"sqhash": "1AAD49D9DB37B64E5F771B2ABCFA8311",
			"320hash": "0BBD1E8D7EF72D175446EF485547F12E",
			"pay_type_sq": 3,
			"album_id": "963399",
			"sqprivilege": 10,
			"fail_process_320": 4,
			"fail_process_sq": 4
		}, {
			"pay_type_320": 3,
			"m4afilesize": 0,
			"price_sq": 0,
			"first": 0,
			"filesize": 3691553,
			"bitrate": 128,
			"price": 200,
			"inlist": 1,
			"old_cpy": 1,
			"pkg_price_sq": 0,
			"pay_type": 3,
			"topic_url": "",
			"rp_type": "audio",
			"pkg_price": 1,
			"feetype": 0,
			"filename": "jc - 说散就散",
			"price_320": 200,
			"extname": "mp3",
			"hash": "F09D43EB7279305126508BEDAFB88550",
			"audio_id": 22079273,
			"privilege": 8,
			"addtime": "2017-06-13 07:15:03",
			"pkg_price_320": 1,
			"topic_url_320": "",
			"sqfilesize": 0,
			"mvhash": "763406BA3D477171FB9AA98916298ECB",
			"320filesize": 9227806,
			"rp_publish": 1,
			"has_accompany": 1,
			"topic_url_sq": "",
			"duration": 231,
			"isfirst": 0,
			"fail_process": 4,
			"320privilege": 10,
			"remark": "说散就散",
			"sqhash": "",
			"320hash": "522C10BDF7C81ADB98E3631F7BFD2E0F",
			"pay_type_sq": 0,
			"album_id": "1738812",
			"sqprivilege": 0,
			"fail_process_320": 4,
			"fail_process_sq": 0
		}],
		"total": 100
	},
	"errcode": 0
}
