{
	"status": 1,
	"error": "",
	"data": {
		"timestamp": 1497514924,
		"info": [{
			"pay_type_320": 0,
			"m4afilesize": 0,
			"price_sq": 0,
			"first": 0,
			"filesize": 3198974,
			"bitrate": 128,
			"price": 0,
			"inlist": 1,
			"old_cpy": 1,
			"pkg_price_sq": 0,
			"pay_type": 0,
			"topic_url": "",
			"rp_type": "audio",
			"pkg_price": 0,
			"feetype": 0,
			"filename": "李玉刚 - 刚好遇见你",
			"price_320": 0,
			"sqfilesize": 23222557,
			"hash": "CB7EE97F4CC11C4EA7A1FA4B516A5D97",
			"mvhash": "AF635168AF7E87517B991B670F33D712",
			"privilege": 0,
			"addtime": "2017-06-12 10:20:54",
			"pkg_price_320": 0,
			"fail_process_sq": 0,
			"fail_process_320": 0,
			"audio_id": 23609415,
			"320filesize": 7998693,
			"rp_publish": 1,
			"duration": 199,
			"topic_url_sq": "",
			"album_id": "1820033",
			"isfirst": 0,
			"320privilege": 0,
			"fail_process": 0,
			"320hash": "47F63F15A7C048829FA796BC7F74E62B",
			"sqhash": "CAC59E48D58853BF40BB6158F2F5B0C5",
			"remark": "刚好遇见你 (单曲)",
			"pay_type_sq": 0,
			"extname": "mp3",
			"sqprivilege": 0,
			"topic_url_320": "",
			"has_accompany": 1
		}, {
			"pay_type_320": 3,
			"m4afilesize": 0,
			"price_sq": 200,
			"first": 0,
			"filesize": 5265959,
			"bitrate": 128,
			"price": 200,
			"inlist": 1,
			"old_cpy": 1,
			"pkg_price_sq": 1,
			"pay_type": 3,
			"topic_url": "",
			"rp_type": "audio",
			"pkg_price": 1,
			"feetype": 0,
			"filename": "赵雷 - 成都 (Live)",
			"price_320": 200,
			"sqfilesize": 36349341,
			"hash": "32EF5D79A20F366EC9E55A9200050D8A",
			"mvhash": "",
			"privilege": 8,
			"addtime": "2017-02-06 14:41:10",
			"pkg_price_320": 1,
			"fail_process_sq": 4,
			"fail_process_320": 4,
			"audio_id": 25033148,
			"320filesize": 13164480,
			"rp_publish": 1,
			"duration": 329,
			"topic_url_sq": "",
			"album_id": "1967080",
			"isfirst": 0,
			"320privilege": 10,
			"fail_process": 4,
			"320hash": "28A2E8804D45E57B796A07408604D390",
			"sqhash": "A2DA416AE66FA2F1345716873749B546",
			"remark": "歌手2017 第三期",
			"pay_type_sq": 3,
			"extname": "mp3",
			"sqprivilege": 10,
			"topic_url_320": "",
			"has_accompany": 1
		}, {
			"pay_type_320": 3,
			"m4afilesize": 0,
			"price_sq": 200,
			"first": 0,
			"filesize": 3604874,
			"bitrate": 128,
			"price": 200,
			"inlist": 1,
			"old_cpy": 1,
			"pkg_price_sq": 1,
			"pay_type": 3,
			"topic_url": "",
			"rp_type": "audio",
			"pkg_price": 1,
			"feetype": 0,
			"filename": "董贞 - 繁花【三生三世十里桃花插曲】",
			"price_320": 200,
			"sqfilesize": 23977812,
			"hash": "49886E2DB23E5B05EA9722E4D82615DE",
			"mvhash": "B2F296DC4D61406EC0266983F969B179",
			"privilege": 8,
			"addtime": "2017-02-20 14:30:48",
			"pkg_price_320": 1,
			"fail_process_sq": 4,
			"fail_process_320": 4,
			"audio_id": 25093915,
			"320filesize": 9013440,
			"rp_publish": 1,
			"duration": 225,
			"topic_url_sq": "",
			"album_id": "1969016",
			"isfirst": 0,
			"320privilege": 10,
			"fail_process": 4,
			"320hash": "8F8D61F9850CA67F038AB7DDEAB518C9",
			"sqhash": "D43201BCE168B1CB32EEF60B6AD20D94",
			"remark": "《三生三世十里桃花》电视剧插曲",
			"pay_type_sq": 3,
			"extname": "mp3",
			"sqprivilege": 10,
			"topic_url_320": "",
			"has_accompany": 1
		}, {
			"pay_type_320": 0,
			"m4afilesize": 0,
			"price_sq": 0,
			"first": 0,
			"filesize": 3784664,
			"bitrate": 128,
			"price": 0,
			"inlist": 1,
			"old_cpy": 1,
			"pkg_price_sq": 0,
			"pay_type": 0,
			"topic_url": "",
			"rp_type": "audio",
			"pkg_price": 0,
			"feetype": 0,
			"filename": "孙子涵 - 回忆那么伤【花间提壶方大厨片尾曲】",
			"price_320": 0,
			"sqfilesize": 26207199,
			"hash": "C716734C9FA87BA5A3CE895572232E6E",
			"mvhash": "D2352CCB5BC2C378465668FBE0DF5313",
			"privilege": 0,
			"addtime": "2017-01-30 10:04:01",
			"pkg_price_320": 0,
			"fail_process_sq": 0,
			"fail_process_320": 0,
			"audio_id": 23108782,
			"320filesize": 9463795,
			"rp_publish": 1,
			"duration": 237,
			"topic_url_sq": "",
			"album_id": "1781124",
			"isfirst": 0,
			"320privilege": 0,
			"fail_process": 0,
			"320hash": "06E5EBC585923FB44A4EF9D60AE87248",
			"sqhash": "8B246C6CB5139BCF1BC23B9A0948186F",
			"remark": "《花间提壶方大厨》电视剧片尾曲",
			"pay_type_sq": 0,
			"extname": "mp3",
			"sqprivilege": 0,
			"topic_url_320": "",
			"has_accompany": 1
		}, {
			"pay_type_320": 0,
			"m4afilesize": 0,
			"price_sq": 0,
			"first": 0,
			"filesize": 3870171,
			"bitrate": 127,
			"price": 0,
			"inlist": 1,
			"old_cpy": 1,
			"pkg_price_sq": 0,
			"pay_type": 0,
			"topic_url": "",
			"rp_type": "audio",
			"pkg_price": 0,
			"feetype": 0,
			"filename": "金志文 - 远走高飞",
			"price_320": 0,
			"sqfilesize": 27598794,
			"hash": "FB6D57062E911FA504B94D1E5BDD0BC0",
			"mvhash": "812D2E216F0C21930378BE385143E825",
			"privilege": 0,
			"addtime": "2017-04-28 11:53:40",
			"pkg_price_320": 0,
			"fail_process_sq": 0,
			"fail_process_320": 0,
			"audio_id": 26349821,
			"320filesize": 9676800,
			"rp_publish": 1,
			"duration": 241,
			"topic_url_sq": "",
			"album_id": "2046746",
			"isfirst": 0,
			"320privilege": 0,
			"fail_process": 0,
			"320hash": "ACEDF3B7BC9604939695070A6BC8090F",
			"sqhash": "41010436848755EE44DA711C9EABED0D",
			"remark": "远走高飞",
			"pay_type_sq": 0,
			"extname": "mp3",
			"sqprivilege": 0,
			"topic_url_320": "",
			"has_accompany": 1
		}, {
			"pay_type_320": 0,
			"m4afilesize": 0,
			"price_sq": 0,
			"first": 0,
			"filesize": 5603078,
			"bitrate": 128,
			"price": 0,
			"inlist": 1,
			"old_cpy": 1,
			"pkg_price_sq": 0,
			"pay_type": 0,
			"topic_url": "",
			"rp_type": "audio",
			"pkg_price": 0,
			"feetype": 0,
			"filename": "马雨阳 - 离家的少年",
			"price_320": 0,
			"sqfilesize": 43014262,
			"hash": "32433237CDC57ED999D0A00E66398FF8",
			"mvhash": "D82ECC577B3B24172D0E0C330B5D6E64",
			"privilege": 0,
			"addtime": "2017-06-06 09:55:08",
			"pkg_price_320": 0,
			"fail_process_sq": 0,
			"fail_process_320": 0,
			"audio_id": 26895470,
			"320filesize": 14008947,
			"rp_publish": 1,
			"duration": 350,
			"topic_url_sq": "",
			"album_id": "2698021",
			"isfirst": 0,
			"320privilege": 0,
			"fail_process": 0,
			"320hash": "A035B40CA33397848EC930171CA470F4",
			"sqhash": "F4C71293E34AA88EC26B091ADA1FA745",
			"remark": "离家的少年",
			"pay_type_sq": 0,
			"extname": "mp3",
			"sqprivilege": 0,
			"topic_url_320": "",
			"has_accompany": 1
		}, {
			"pay_type_320": 0,
			"m4afilesize": 0,
			"price_sq": 0,
			"first": 0,
			"filesize": 4528122,
			"bitrate": 128,
			"price": 0,
			"inlist": 1,
			"old_cpy": 1,
			"pkg_price_sq": 0,
			"pay_type": 0,
			"topic_url": "",
			"rp_type": "audio",
			"pkg_price": 0,
			"feetype": 0,
			"filename": "崔子格 - 可念不可说",
			"price_320": 0,
			"sqfilesize": 31097282,
			"hash": "1685D4238673AACF570AAC3289FCD870",
			"mvhash": "5881FDBF5A3FEA208CE1A4DE584B345A",
			"privilege": 0,
			"addtime": "2017-03-06 14:10:13",
			"pkg_price_320": 0,
			"fail_process_sq": 0,
			"fail_process_320": 0,
			"audio_id": 20063038,
			"320filesize": 11317396,
			"rp_publish": 1,
			"duration": 283,
			"topic_url_sq": "",
			"album_id": "956882",
			"isfirst": 0,
			"320privilege": 0,
			"fail_process": 0,
			"320hash": "59E998B2BCD49098DD59C688B002DAA9",
			"sqhash": "A1756A494829618981989BB72C3ACB6F",
			"remark": "《太子妃升职记》主题曲",
			"pay_type_sq": 0,
			"extname": "mp3",
			"sqprivilege": 0,
			"topic_url_320": "",
			"has_accompany": 1
		}, {
			"pay_type_320": 0,
			"m4afilesize": 0,
			"price_sq": 0,
			"first": 0,
			"filesize": 3673359,
			"bitrate": 127,
			"price": 0,
			"inlist": 1,
			"old_cpy": 1,
			"pkg_price_sq": 0,
			"pay_type": 0,
			"topic_url": "",
			"rp_type": "audio",
			"pkg_price": 0,
			"feetype": 0,
			"filename": "霍尊、汪苏泷 - 梦诛缘·夏聚",
			"price_320": 0,
			"sqfilesize": 21035576,
			"hash": "3E3743D446C7BF57CDAC84159A56E8A5",
			"mvhash": "",
			"privilege": 0,
			"addtime": "2017-06-12 10:10:13",
			"pkg_price_320": 0,
			"fail_process_sq": 0,
			"fail_process_320": 0,
			"audio_id": 26858124,
			"320filesize": 9184653,
			"rp_publish": 1,
			"duration": 229,
			"topic_url_sq": "",
			"album_id": "2695548",
			"isfirst": 0,
			"320privilege": 0,
			"fail_process": 0,
			"320hash": "5676A67DD513E3A914FCB30C385C554C",
			"sqhash": "DEA904C2A569DD9139FFA2E484883C39",
			"remark": "梦诛缘·夏聚",
			"pay_type_sq": 0,
			"extname": "mp3",
			"sqprivilege": 0,
			"topic_url_320": "",
			"has_accompany": 1
		}, {
			"pay_type_320": 0,
			"m4afilesize": 0,
			"price_sq": 0,
			"first": 0,
			"filesize": 4205019,
			"bitrate": 127,
			"price": 0,
			"inlist": 1,
			"old_cpy": 1,
			"pkg_price_sq": 0,
			"pay_type": 0,
			"topic_url": "",
			"rp_type": "audio",
			"pkg_price": 0,
			"feetype": 0,
			"filename": "霍尊 - 粉墨【花落梦深处主题曲】",
			"price_320": 0,
			"sqfilesize": 26457103,
			"hash": "53DED5188DCB44ADB20FD74E47E6ED7F",
			"mvhash": "66F9D732D95685A3C70595D9E7216871",
			"privilege": 0,
			"addtime": "2017-04-17 10:14:16",
			"pkg_price_320": 0,
			"fail_process_sq": 0,
			"fail_process_320": 0,
			"audio_id": 26223871,
			"320filesize": 10518765,
			"rp_publish": 1,
			"duration": 262,
			"topic_url_sq": "",
			"album_id": "1991905",
			"isfirst": 0,
			"320privilege": 0,
			"fail_process": 0,
			"320hash": "0A9F19FBE6584FA0F4771269FC3F1B78",
			"sqhash": "2997AF9B791C460376B12315BC52E617",
			"remark": "《花落梦深处》电影主题曲",
			"pay_type_sq": 0,
			"extname": "mp3",
			"sqprivilege": 0,
			"topic_url_320": "",
			"has_accompany": 1
		}, {
			"pay_type_320": 0,
			"m4afilesize": 0,
			"price_sq": 0,
			"first": 0,
			"filesize": 4003546,
			"bitrate": 128,
			"price": 0,
			"inlist": 1,
			"old_cpy": 1,
			"pkg_price_sq": 0,
			"pay_type": 0,
			"topic_url": "",
			"rp_type": "audio",
			"pkg_price": 0,
			"feetype": 0,
			"filename": "贰婶、流浪的蛙蛙、不才 - 幻境",
			"price_320": 0,
			"sqfilesize": 29765676,
			"hash": "CE3262289E0E9BBE2850E6E20C2F3690",
			"mvhash": "",
			"privilege": 0,
			"addtime": "2017-06-09 09:23:05",
			"pkg_price_320": 0,
			"fail_process_sq": 0,
			"fail_process_320": 0,
			"audio_id": 26902636,
			"320filesize": 10010122,
			"rp_publish": 1,
			"duration": 250,
			"topic_url_sq": "",
			"album_id": "2699218",
			"isfirst": 0,
			"320privilege": 0,
			"fail_process": 0,
			"320hash": "D664FB99E0BF9C71E448831453A7626E",
			"sqhash": "87E739C4C975A1667E8B7E645868F53D",
			"remark": "幻境",
			"pay_type_sq": 0,
			"extname": "mp3",
			"sqprivilege": 0,
			"topic_url_320": "",
			"has_accompany": 1
		}, {
			"pay_type_320": 0,
			"m4afilesize": 0,
			"price_sq": 0,
			"first": 0,
			"filesize": 3846229,
			"bitrate": 127,
			"price": 0,
			"inlist": 1,
			"old_cpy": 1,
			"pkg_price_sq": 0,
			"pay_type": 0,
			"topic_url": "",
			"rp_type": "audio",
			"pkg_price": 0,
			"feetype": 0,
			"filename": "董贞 - 清平闲事",
			"price_320": 0,
			"sqfilesize": 27182527,
			"hash": "84A431F4ADEB187E75FD226739D181F9",
			"mvhash": "",
			"privilege": 0,
			"addtime": "2017-06-05 10:11:03",
			"pkg_price_320": 0,
			"fail_process_sq": 0,
			"fail_process_320": 0,
			"audio_id": 26785008,
			"320filesize": 9616451,
			"rp_publish": 1,
			"duration": 240,
			"topic_url_sq": "",
			"album_id": "2669109",
			"isfirst": 0,
			"320privilege": 0,
			"fail_process": 0,
			"320hash": "355371D6825908229B195008959F47E8",
			"sqhash": "61A019491456D8A9CCA8126A1C7AEBB7",
			"remark": "清平闲事",
			"pay_type_sq": 0,
			"extname": "mp3",
			"sqprivilege": 0,
			"topic_url_320": "",
			"has_accompany": 1
		}, {
			"pay_type_320": 0,
			"m4afilesize": 0,
			"price_sq": 0,
			"first": 0,
			"filesize": 3068700,
			"bitrate": 128,
			"price": 0,
			"inlist": 1,
			"old_cpy": 1,
			"pkg_price_sq": 0,
			"pay_type": 0,
			"topic_url": "",
			"rp_type": "audio",
			"pkg_price": 0,
			"feetype": 0,
			"filename": "西瓜JUN - 长生诀",
			"price_320": 0,
			"sqfilesize": 0,
			"hash": "754E61BDDFC38843B604043E17E54C8B",
			"mvhash": "6FBA2BE69814A61B750C74F82558AA01",
			"privilege": 0,
			"addtime": "2016-11-21 13:44:35",
			"pkg_price_320": 0,
			"fail_process_sq": 0,
			"fail_process_320": 0,
			"audio_id": 22494497,
			"320filesize": 7662960,
			"rp_publish": 1,
			"duration": 192,
			"topic_url_sq": "",
			"album_id": "1772223",
			"isfirst": 0,
			"320privilege": 0,
			"fail_process": 0,
			"320hash": "1D45FCEBB0CF88FF685F0D89C633B5B8",
			"sqhash": "",
			"remark": "长生诀",
			"pay_type_sq": 0,
			"extname": "mp3",
			"sqprivilege": 0,
			"topic_url_320": "",
			"has_accompany": 1
		}, {
			"pay_type_320": 0,
			"m4afilesize": 0,
			"price_sq": 0,
			"first": 0,
			"filesize": 4549111,
			"bitrate": 128,
			"price": 0,
			"inlist": 1,
			"old_cpy": 1,
			"pkg_price_sq": 0,
			"pay_type": 0,
			"topic_url": "",
			"rp_type": "audio",
			"pkg_price": 0,
			"feetype": 0,
			"filename": "萧忆情Alex - 情中蛊",
			"price_320": 0,
			"sqfilesize": 0,
			"hash": "418BB646E29DA85D969AF441955672E4",
			"mvhash": "",
			"privilege": 0,
			"addtime": "2017-06-12 10:14:41",
			"pkg_price_320": 0,
			"fail_process_sq": 0,
			"fail_process_320": 0,
			"audio_id": 26905071,
			"320filesize": 11372713,
			"rp_publish": 1,
			"duration": 284,
			"topic_url_sq": "",
			"album_id": "0",
			"isfirst": 0,
			"320privilege": 0,
			"fail_process": 0,
			"320hash": "768038BCAF5FEB41F0C87F65B5C50452",
			"sqhash": "",
			"remark": "",
			"pay_type_sq": 0,
			"extname": "mp3",
			"sqprivilege": 0,
			"topic_url_320": "",
			"has_accompany": 1
		}, {
			"pay_type_320": 0,
			"m4afilesize": 0,
			"price_sq": 0,
			"first": 0,
			"filesize": 4396974,
			"bitrate": 128,
			"price": 0,
			"inlist": 1,
			"old_cpy": 1,
			"pkg_price_sq": 0,
			"pay_type": 0,
			"topic_url": "",
			"rp_type": "audio",
			"pkg_price": 0,
			"feetype": 0,
			"filename": "Faye 飞 - 你说",
			"price_320": 0,
			"sqfilesize": 30922302,
			"hash": "DCB7DD79F4ECE94E55DA6275A59A0AE8",
			"mvhash": "",
			"privilege": 0,
			"addtime": "2017-06-13 09:54:32",
			"pkg_price_320": 0,
			"fail_process_sq": 0,
			"fail_process_320": 0,
			"audio_id": 26944500,
			"320filesize": 10992325,
			"rp_publish": 1,
			"duration": 274,
			"topic_url_sq": "",
			"album_id": "2660275",
			"isfirst": 0,
			"320privilege": 0,
			"fail_process": 0,
			"320hash": "29C8E9DAF215DA3960D5AE2F61304CE4",
			"sqhash": "8D9E35864B6D6FD2B8EB881F08AB4760",
			"remark": "小太空",
			"pay_type_sq": 0,
			"extname": "mp3",
			"sqprivilege": 0,
			"topic_url_320": "",
			"has_accompany": 0
		}, {
			"pay_type_320": 0,
			"m4afilesize": 0,
			"price_sq": 0,
			"first": 0,
			"filesize": 4259335,
			"bitrate": 127,
			"price": 0,
			"inlist": 1,
			"old_cpy": 1,
			"pkg_price_sq": 0,
			"pay_type": 0,
			"topic_url": "",
			"rp_type": "audio",
			"pkg_price": 0,
			"feetype": 0,
			"filename": "树子 - 天府向南",
			"price_320": 0,
			"sqfilesize": 29419627,
			"hash": "53F8BC1C34F34780D0F62C920D96EC44",
			"mvhash": "",
			"privilege": 0,
			"addtime": "2017-06-13 09:54:06",
			"pkg_price_320": 0,
			"fail_process_sq": 0,
			"fail_process_320": 0,
			"audio_id": 26945770,
			"320filesize": 10649600,
			"rp_publish": 1,
			"duration": 266,
			"topic_url_sq": "",
			"album_id": "2702729",
			"isfirst": 0,
			"320privilege": 0,
			"fail_process": 0,
			"320hash": "FB1BB8BC606A9FCB4AA8EE6442A1BAC4",
			"sqhash": "7D40DDA847C634B18B11A181FD07DC9C",
			"remark": "天府向南",
			"pay_type_sq": 0,
			"extname": "mp3",
			"sqprivilege": 0,
			"topic_url_320": "",
			"has_accompany": 0
		}, {
			"pay_type_320": 0,
			"m4afilesize": 0,
			"price_sq": 0,
			"first": 0,
			"filesize": 3511186,
			"bitrate": 128,
			"price": 0,
			"inlist": 1,
			"old_cpy": 1,
			"pkg_price_sq": 0,
			"pay_type": 0,
			"topic_url": "",
			"rp_type": "audio",
			"pkg_price": 0,
			"feetype": 0,
			"filename": "董贞 - 南风吹",
			"price_320": 0,
			"sqfilesize": 24854492,
			"hash": "2FC8B42ECDB82A3E19BB664F4E3E72D2",
			"mvhash": "",
			"privilege": 0,
			"addtime": "2017-03-27 10:19:34",
			"pkg_price_320": 0,
			"fail_process_sq": 0,
			"fail_process_320": 0,
			"audio_id": 25800305,
			"320filesize": 8779232,
			"rp_publish": 1,
			"duration": 219,
			"topic_url_sq": "",
			"album_id": "1983152",
			"isfirst": 0,
			"320privilege": 0,
			"fail_process": 0,
			"320hash": "7F9D2D646A621ACA2818230562D69D66",
			"sqhash": "9F4FA941B5C086C31113E1DBC21EFE03",
			"remark": "南风吹",
			"pay_type_sq": 0,
			"extname": "mp3",
			"sqprivilege": 0,
			"topic_url_320": "",
			"has_accompany": 1
		}, {
			"pay_type_320": 0,
			"m4afilesize": 0,
			"price_sq": 0,
			"first": 0,
			"filesize": 2414750,
			"bitrate": 128,
			"price": 0,
			"inlist": 1,
			"old_cpy": 1,
			"pkg_price_sq": 0,
			"pay_type": 0,
			"topic_url": "",
			"rp_type": "audio",
			"pkg_price": 0,
			"feetype": 0,
			"filename": "花粥 - 遥不可及的你",
			"price_320": 0,
			"sqfilesize": 0,
			"hash": "BF1F4E94EC5D82995AB25B896AF76FDC",
			"mvhash": "",
			"privilege": 0,
			"addtime": "2017-02-06 14:38:01",
			"pkg_price_320": 0,
			"fail_process_sq": 0,
			"fail_process_320": 0,
			"audio_id": 24715319,
			"320filesize": 6036575,
			"rp_publish": 1,
			"duration": 151,
			"topic_url_sq": "",
			"album_id": "0",
			"isfirst": 0,
			"320privilege": 0,
			"fail_process": 0,
			"320hash": "524C50B2E14081253275694F39B0B247",
			"sqhash": "",
			"remark": "",
			"pay_type_sq": 0,
			"extname": "mp3",
			"sqprivilege": 0,
			"topic_url_320": "",
			"has_accompany": 0
		}, {
			"pay_type_320": 0,
			"m4afilesize": 0,
			"price_sq": 0,
			"first": 0,
			"filesize": 3551593,
			"bitrate": 128,
			"price": 0,
			"inlist": 1,
			"old_cpy": 1,
			"pkg_price_sq": 0,
			"pay_type": 0,
			"topic_url": "",
			"rp_type": "audio",
			"pkg_price": 0,
			"feetype": 0,
			"filename": "叶洛洛 - 梨花凉",
			"price_320": 0,
			"sqfilesize": 26212252,
			"hash": "14B80C0900B7F463CDC32E9F5C786D39",
			"mvhash": "379A8FE9F7EAF2D8C87B5E0F5CEC4BF2",
			"privilege": 0,
			"addtime": "2017-04-17 10:09:01",
			"pkg_price_320": 0,
			"fail_process_sq": 0,
			"fail_process_320": 0,
			"audio_id": 26137107,
			"320filesize": 8878692,
			"rp_publish": 1,
			"duration": 222,
			"topic_url_sq": "",
			"album_id": "1989762",
			"isfirst": 0,
			"320privilege": 0,
			"fail_process": 0,
			"320hash": "E0C3D38655417469FE5666468216B6F1",
			"sqhash": "397117E71E164AD6491C465B383CD912",
			"remark": "梨花凉",
			"pay_type_sq": 0,
			"extname": "mp3",
			"sqprivilege": 0,
			"topic_url_320": "",
			"has_accompany": 1
		}, {
			"pay_type_320": 3,
			"m4afilesize": 0,
			"price_sq": 200,
			"first": 0,
			"filesize": 4499429,
			"bitrate": 136,
			"price": 200,
			"inlist": 1,
			"old_cpy": 1,
			"pkg_price_sq": 1,
			"pay_type": 3,
			"topic_url": "",
			"rp_type": "audio",
			"pkg_price": 1,
			"feetype": 0,
			"filename": "戴荃、周华健 - 江湖晚",
			"price_320": 200,
			"sqfilesize": 25121146,
			"hash": "4FB398391822877E74CFE427B5FA0849",
			"mvhash": "",
			"privilege": 8,
			"addtime": "2017-04-25 09:39:34",
			"pkg_price_320": 1,
			"fail_process_sq": 4,
			"fail_process_320": 4,
			"audio_id": 26361906,
			"320filesize": 11037197,
			"rp_publish": 1,
			"duration": 263,
			"topic_url_sq": "",
			"album_id": "2054749",
			"isfirst": 0,
			"320privilege": 10,
			"fail_process": 4,
			"320hash": "1C9241DDD8BC5A27A9876F5D9D4A0600",
			"sqhash": "95222A6FD66952C1DCBFECBD3AD4176C",
			"remark": "江湖晚",
			"pay_type_sq": 3,
			"extname": "mp3",
			"sqprivilege": 10,
			"topic_url_320": "",
			"has_accompany": 1
		}, {
			"pay_type_320": 0,
			"m4afilesize": 0,
			"price_sq": 0,
			"first": 0,
			"filesize": 3996123,
			"bitrate": 127,
			"price": 0,
			"inlist": 1,
			"old_cpy": 1,
			"pkg_price_sq": 0,
			"pay_type": 0,
			"topic_url": "",
			"rp_type": "audio",
			"pkg_price": 0,
			"feetype": 0,
			"filename": "周品 - 不负【孤芳不自赏插曲】",
			"price_320": 0,
			"sqfilesize": 25867784,
			"hash": "73EAC7A7D97E246E65EB07F935FC34C2",
			"mvhash": "",
			"privilege": 0,
			"addtime": "2017-01-16 13:33:46",
			"pkg_price_320": 0,
			"fail_process_sq": 0,
			"fail_process_320": 0,
			"audio_id": 24773899,
			"320filesize": 9991680,
			"rp_publish": 1,
			"duration": 249,
			"topic_url_sq": "",
			"album_id": "1964320",
			"isfirst": 0,
			"320privilege": 0,
			"fail_process": 0,
			"320hash": "7FCC9EBA9B02AF452D28122DE647F1C6",
			"sqhash": "09A5D765A6CA30C701F4314EFD75A939",
			"remark": "《孤芳不自赏》电视剧插曲",
			"pay_type_sq": 0,
			"extname": "mp3",
			"sqprivilege": 0,
			"topic_url_320": "",
			"has_accompany": 1
		}, {
			"pay_type_320": 0,
			"m4afilesize": 0,
			"price_sq": 0,
			"first": 0,
			"filesize": 4126696,
			"bitrate": 128,
			"price": 0,
			"inlist": 1,
			"old_cpy": 1,
			"pkg_price_sq": 0,
			"pay_type": 0,
			"topic_url": "",
			"rp_type": "audio",
			"pkg_price": 0,
			"feetype": 0,
			"filename": "银临 - 不老梦",
			"price_320": 0,
			"sqfilesize": 0,
			"hash": "58E3648241740E2F4B0B1CD0508D9E69",
			"mvhash": "D5B229BE02143C5E89BE588A3D58BA5F",
			"privilege": 0,
			"addtime": "2016-08-22 15:31:16",
			"pkg_price_320": 0,
			"fail_process_sq": 0,
			"fail_process_320": 0,
			"audio_id": 22284769,
			"320filesize": 10308564,
			"rp_publish": 1,
			"duration": 257,
			"topic_url_sq": "",
			"album_id": "1748635",
			"isfirst": 0,
			"320privilege": 0,
			"fail_process": 0,
			"320hash": "9DA77C31CF2E0075B4CB1BC46E7E2C61",
			"sqhash": "",
			"remark": "不老梦",
			"pay_type_sq": 0,
			"extname": "mp3",
			"sqprivilege": 0,
			"topic_url_320": "",
			"has_accompany": 1
		}, {
			"pay_type_320": 0,
			"m4afilesize": 0,
			"price_sq": 0,
			"first": 0,
			"filesize": 3444863,
			"bitrate": 128,
			"price": 0,
			"inlist": 1,
			"old_cpy": 1,
			"pkg_price_sq": 0,
			"pay_type": 0,
			"topic_url": "",
			"rp_type": "audio",
			"pkg_price": 0,
			"feetype": 0,
			"filename": "萧忆情Alex - 拜无忧",
			"price_320": 0,
			"sqfilesize": 0,
			"hash": "4AE44F277B8751590A42EAFF1D1B6165",
			"mvhash": "BCBBAD2F58F61A69E6F77CB9A93CA146",
			"privilege": 0,
			"addtime": "2017-03-27 10:21:11",
			"pkg_price_320": 0,
			"fail_process_sq": 0,
			"fail_process_320": 0,
			"audio_id": 25932904,
			"320filesize": 8602560,
			"rp_publish": 1,
			"duration": 215,
			"topic_url_sq": "",
			"album_id": "1985431",
			"isfirst": 0,
			"320privilege": 0,
			"fail_process": 0,
			"320hash": "52082030EC1A44169AB9F6033BF2ACD7",
			"sqhash": "",
			"remark": "拜无忧",
			"pay_type_sq": 0,
			"extname": "mp3",
			"sqprivilege": 0,
			"topic_url_320": "",
			"has_accompany": 1
		}, {
			"pay_type_320": 0,
			"m4afilesize": 0,
			"price_sq": 0,
			"first": 0,
			"filesize": 2915043,
			"bitrate": 128,
			"price": 0,
			"inlist": 1,
			"old_cpy": 1,
			"pkg_price_sq": 0,
			"pay_type": 0,
			"topic_url": "",
			"rp_type": "audio",
			"pkg_price": 0,
			"feetype": 0,
			"filename": "伦桑 - 龙武盛唐【龙王传说主题曲】",
			"price_320": 0,
			"sqfilesize": 23637579,
			"hash": "BCCCD44A9A30F5E89988A5AD138984CE",
			"mvhash": "",
			"privilege": 0,
			"addtime": "2017-04-30 08:17:44",
			"pkg_price_320": 0,
			"fail_process_sq": 0,
			"fail_process_320": 0,
			"audio_id": 26463319,
			"320filesize": 7287314,
			"rp_publish": 1,
			"duration": 182,
			"topic_url_sq": "",
			"album_id": "2145829",
			"isfirst": 0,
			"320privilege": 0,
			"fail_process": 0,
			"320hash": "F46252B0760FC22C64C7D3BC314D0AC1",
			"sqhash": "47FE2FC3B52862589A50D67A79B04B48",
			"remark": "《龙王传说》动态漫画主题曲",
			"pay_type_sq": 0,
			"extname": "mp3",
			"sqprivilege": 0,
			"topic_url_320": "",
			"has_accompany": 1
		}, {
			"pay_type_320": 0,
			"m4afilesize": 0,
			"price_sq": 0,
			"first": 0,
			"filesize": 5364968,
			"bitrate": 128,
			"price": 0,
			"inlist": 1,
			"old_cpy": 1,
			"pkg_price_sq": 0,
			"pay_type": 0,
			"topic_url": "",
			"rp_type": "audio",
			"pkg_price": 0,
			"feetype": 0,
			"filename": "奇然liya、沈谧仁 - 琵琶行",
			"price_320": 0,
			"sqfilesize": 0,
			"hash": "FC8AC7229D804CAB098352C2FD74C916",
			"mvhash": "",
			"privilege": 0,
			"addtime": "2017-05-08 10:26:39",
			"pkg_price_320": 0,
			"fail_process_sq": 0,
			"fail_process_320": 0,
			"audio_id": 26533942,
			"320filesize": 13411309,
			"rp_publish": 1,
			"duration": 335,
			"topic_url_sq": "",
			"album_id": "2563381",
			"isfirst": 0,
			"320privilege": 0,
			"fail_process": 0,
			"320hash": "317CBB8223FBAA81AE3F03AF2648D4A1",
			"sqhash": "",
			"remark": "琵琶行",
			"pay_type_sq": 0,
			"extname": "mp3",
			"sqprivilege": 0,
			"topic_url_320": "",
			"has_accompany": 1
		}, {
			"pay_type_320": 0,
			"m4afilesize": 0,
			"price_sq": 0,
			"first": 0,
			"filesize": 3278097,
			"bitrate": 128,
			"price": 0,
			"inlist": 1,
			"old_cpy": 1,
			"pkg_price_sq": 0,
			"pay_type": 0,
			"topic_url": "",
			"rp_type": "audio",
			"pkg_price": 0,
			"feetype": 0,
			"filename": "NL不分、阿睿凌霓剑裳 - 当战",
			"price_320": 0,
			"sqfilesize": 27216181,
			"hash": "5FB4A6E1E0F603EB5F2313B53DC828C6",
			"mvhash": "",
			"privilege": 0,
			"addtime": "2017-05-20 10:24:55",
			"pkg_price_320": 0,
			"fail_process_sq": 0,
			"fail_process_320": 0,
			"audio_id": 26737140,
			"320filesize": 8195133,
			"rp_publish": 1,
			"duration": 204,
			"topic_url_sq": "",
			"album_id": "2654761",
			"isfirst": 0,
			"320privilege": 0,
			"fail_process": 0,
			"320hash": "7B8FC380E0B9C2B2EAEF57008222F1DD",
			"sqhash": "AB467A6E13894782C633F93A593CD97B",
			"remark": "当战",
			"pay_type_sq": 0,
			"extname": "mp3",
			"sqprivilege": 0,
			"topic_url_320": "",
			"has_accompany": 1
		}, {
			"pay_type_320": 3,
			"m4afilesize": 0,
			"price_sq": 200,
			"first": 0,
			"filesize": 4360612,
			"bitrate": 128,
			"price": 200,
			"inlist": 1,
			"old_cpy": 1,
			"pkg_price_sq": 1,
			"pay_type": 3,
			"topic_url": "",
			"rp_type": "audio",
			"pkg_price": 1,
			"feetype": 0,
			"filename": "谢春花 - 只道寻常",
			"price_320": 200,
			"sqfilesize": 25011006,
			"hash": "5F0BFBDE16C0D831D38B720C71BC9FF9",
			"mvhash": "",
			"privilege": 8,
			"addtime": "2017-01-12 12:03:13",
			"pkg_price_320": 1,
			"fail_process_sq": 4,
			"fail_process_320": 4,
			"audio_id": 24707304,
			"320filesize": 10901419,
			"rp_publish": 1,
			"duration": 273,
			"topic_url_sq": "",
			"album_id": "2661250",
			"isfirst": 0,
			"320privilege": 10,
			"fail_process": 4,
			"320hash": "61A516BC51892BC477B95413CAB1CC9D",
			"sqhash": "8C58DBED085CFC260D95A87DFA03083C",
			"remark": "知非",
			"pay_type_sq": 3,
			"extname": "mp3",
			"sqprivilege": 10,
			"topic_url_320": "",
			"has_accompany": 1
		}, {
			"pay_type_320": 0,
			"m4afilesize": 0,
			"price_sq": 0,
			"first": 0,
			"filesize": 5005379,
			"bitrate": 127,
			"price": 0,
			"inlist": 1,
			"old_cpy": 1,
			"pkg_price_sq": 0,
			"pay_type": 0,
			"topic_url": "",
			"rp_type": "audio",
			"pkg_price": 0,
			"feetype": 0,
			"filename": "邢天溯 - 人生路",
			"price_320": 0,
			"sqfilesize": 32575167,
			"hash": "A28B93045A633DDA75208337695DF4B7",
			"mvhash": "",
			"privilege": 0,
			"addtime": "2017-05-11 09:54:57",
			"pkg_price_320": 0,
			"fail_process_sq": 0,
			"fail_process_320": 0,
			"audio_id": 26646873,
			"320filesize": 12514742,
			"rp_publish": 1,
			"duration": 312,
			"topic_url_sq": "",
			"album_id": "2232142",
			"isfirst": 0,
			"320privilege": 0,
			"fail_process": 0,
			"320hash": "C639611105AD33D1B5AE45AAAA8D2B5B",
			"sqhash": "5AB3C280862EC4016C44A2594C27E5E9",
			"remark": "人生路",
			"pay_type_sq": 0,
			"extname": "mp3",
			"sqprivilege": 0,
			"topic_url_320": "",
			"has_accompany": 1
		}, {
			"pay_type_320": 0,
			"m4afilesize": 0,
			"price_sq": 0,
			"first": 0,
			"filesize": 3710844,
			"bitrate": 128,
			"price": 0,
			"inlist": 1,
			"old_cpy": 1,
			"pkg_price_sq": 0,
			"pay_type": 0,
			"topic_url": "",
			"rp_type": "audio",
			"pkg_price": 0,
			"feetype": 0,
			"filename": "玉面 - 老情书",
			"price_320": 0,
			"sqfilesize": 0,
			"hash": "AD7F707A65013C9824932E94A23390FD",
			"mvhash": "",
			"privilege": 0,
			"addtime": "2017-06-12 10:13:21",
			"pkg_price_320": 0,
			"fail_process_sq": 0,
			"fail_process_320": 0,
			"audio_id": 26851303,
			"320filesize": 9270834,
			"rp_publish": 1,
			"duration": 231,
			"topic_url_sq": "",
			"album_id": "2700309",
			"isfirst": 0,
			"320privilege": 0,
			"fail_process": 0,
			"320hash": "D47658FD11E40B881C94C7BB9E43FBD8",
			"sqhash": "",
			"remark": "老情歌",
			"pay_type_sq": 0,
			"extname": "mp3",
			"sqprivilege": 0,
			"topic_url_320": "",
			"has_accompany": 0
		}, {
			"pay_type_320": 0,
			"m4afilesize": 0,
			"price_sq": 0,
			"first": 0,
			"filesize": 4390053,
			"bitrate": 128,
			"price": 0,
			"inlist": 1,
			"old_cpy": 1,
			"pkg_price_sq": 0,
			"pay_type": 0,
			"topic_url": "",
			"rp_type": "audio",
			"pkg_price": 0,
			"feetype": 0,
			"filename": "Xun - 巴黎放晴北京下雨",
			"price_320": 0,
			"sqfilesize": 29696451,
			"hash": "104A3FB2DD35613441725062B9D7F11A",
			"mvhash": "",
			"privilege": 0,
			"addtime": "2017-01-09 14:52:43",
			"pkg_price_320": 0,
			"fail_process_sq": 0,
			"fail_process_320": 0,
			"audio_id": 24650218,
			"320filesize": 10974701,
			"rp_publish": 1,
			"duration": 274,
			"topic_url_sq": "",
			"album_id": "1952636",
			"isfirst": 0,
			"320privilege": 0,
			"fail_process": 0,
			"320hash": "8AEACBD097E23B4200418C5CEEDDFD9B",
			"sqhash": "91A3DB513A723FAA323AA20D06B84B24",
			"remark": "巴黎放晴北京下雨",
			"pay_type_sq": 0,
			"extname": "mp3",
			"sqprivilege": 0,
			"topic_url_320": "",
			"has_accompany": 1
		}, {
			"pay_type_320": 0,
			"m4afilesize": 0,
			"price_sq": 0,
			"first": 0,
			"filesize": 3515202,
			"bitrate": 128,
			"price": 0,
			"inlist": 1,
			"old_cpy": 1,
			"pkg_price_sq": 0,
			"pay_type": 0,
			"topic_url": "",
			"rp_type": "audio",
			"pkg_price": 0,
			"feetype": 0,
			"filename": "董贞 - 静女思",
			"price_320": 0,
			"sqfilesize": 20178890,
			"hash": "236909B6016C6E98365E5225F488DD7A",
			"mvhash": "",
			"privilege": 0,
			"addtime": "2017-05-15 09:49:58",
			"pkg_price_320": 0,
			"fail_process_sq": 0,
			"fail_process_320": 0,
			"audio_id": 26542740,
			"320filesize": 8787591,
			"rp_publish": 1,
			"duration": 219,
			"topic_url_sq": "",
			"album_id": "2176818",
			"isfirst": 0,
			"320privilege": 0,
			"fail_process": 0,
			"320hash": "A17033963DDE38A3F9824DD1D36F93B6",
			"sqhash": "A9DE04575F382618AB0A4B8B6BAB56FD",
			"remark": "静女思",
			"pay_type_sq": 0,
			"extname": "mp3",
			"sqprivilege": 0,
			"topic_url_320": "",
			"has_accompany": 1
		}],
		"total": 100
	},
	"errcode": 0
}
